user_id,product_id,event_type,timestamp
1,101,view,2026-05-20T08:15:30
1,101,add_to_cart,2026-05-20T08:17:45
1,102,view,2026-05-20T08:20:10
1,103,view,2026-05-20T09:05:22
1,101,buy,2026-05-20T09:30:00
2,104,view,2026-05-21T10:12:05
2,105,view,2026-05-21T10:15:33
2,104,add_to_cart,2026-05-21T10:18:20
2,106,view,2026-05-21T11:00:45
2,104,buy,2026-05-21T11:22:10
3,102,view,2026-05-22T14:30:00
3,107,view,2026-05-22T14:35:12
3,102,add_to_cart,2026-05-22T14:40:55
3,108,view,2026-05-22T15:10:30
3,102,buy,2026-05-22T15:45:00
1,109,view,2026-05-23T16:20:10
1,109,add_to_cart,2026-05-23T16:25:40
1,110,view,2026-05-23T16:30:15
2,107,view,2026-05-24T09:05:00
2,107,add_to_cart,2026-05-24T09:12:30
591,19,view,2026-05-25T07:38:09
591,19,add_to_cart,2026-05-25T07:44:14
92,11,view,2026-05-25T07:48:30
235,4,view,2026-05-25T07:48:42
272,4,view,2026-05-25T07:48:44
92,11,add_to_cart,2026-05-25T07:50:14
464,13,view,2026-05-25T07:53:23
446,11,view,2026-05-25T07:56:16
464,13,add_to_cart,2026-05-25T07:56:50
636,8,view,2026-05-25T07:58:25
464,4,view,2026-05-25T07:58:57
421,17,view,2026-05-25T08:05:23
464,1,view,2026-05-25T08:06:00
636,9,view,2026-05-25T08:07:53
456,1,view,2026-05-25T08:09:04
382,17,view,2026-05-25T08:10:45
173,14,view,2026-05-25T08:12:09
464,13,buy,2026-05-25T08:17:44
456,3,view,2026-05-25T08:18:52
331,17,view,2026-05-25T08:27:24
627,17,view,2026-05-25T08:29:39
288,15,view,2026-05-25T08:32:51
198,11,view,2026-05-25T08:38:40
93,15,view,2026-05-25T08:43:33
223,2,view,2026-05-25T08:47:05
376,3,view,2026-05-25T08:50:20
223,2,add_to_cart,2026-05-25T08:51:01
578,11,view,2026-05-25T08:52:48
595,17,view,2026-05-25T08:55:57
376,4,view,2026-05-25T08:56:11
573,7,view,2026-05-25T09:00:13
360,15,view,2026-05-25T09:06:08
360,15,add_to_cart,2026-05-25T09:06:55
233,19,view,2026-05-25T09:07:41
360,15,buy,2026-05-25T09:08:48
581,14,view,2026-05-25T09:10:32
233,19,view,2026-05-25T09:11:56
233,19,add_to_cart,2026-05-25T09:13:15
73,6,view,2026-05-25T09:16:27
358,16,view,2026-05-25T09:25:54
561,19,view,2026-05-25T09:37:11
561,19,add_to_cart,2026-05-25T09:38:03
522,13,view,2026-05-25T09:40:47
248,12,view,2026-05-25T09:42:58
522,13,add_to_cart,2026-05-25T09:45:05
561,19,buy,2026-05-25T10:07:08
426,15,view,2026-05-25T10:07:25
471,8,view,2026-05-25T10:09:39
83,15,view,2026-05-25T10:09:53
569,6,view,2026-05-25T10:10:59
569,6,add_to_cart,2026-05-25T10:12:54
426,15,add_to_cart,2026-05-25T10:13:14
27,4,view,2026-05-25T10:18:34
17,7,view,2026-05-25T10:20:15
355,19,view,2026-05-25T10:24:17
426,15,buy,2026-05-25T10:25:00
355,19,add_to_cart,2026-05-25T10:27:12
355,19,buy,2026-05-25T10:38:51
569,6,buy,2026-05-25T10:39:28
566,10,view,2026-05-25T10:43:37
566,10,buy,2026-05-25T10:55:23
379,1,view,2026-05-25T10:55:38
109,19,view,2026-05-25T10:56:01
602,13,view,2026-05-25T10:58:19
109,19,add_to_cart,2026-05-25T11:01:39
602,13,add_to_cart,2026-05-25T11:01:43
539,8,view,2026-05-25T11:09:35
647,2,view,2026-05-25T11:10:33
145,11,view,2026-05-25T11:18:24
109,19,buy,2026-05-25T11:26:22
354,12,view,2026-05-25T11:30:27
390,1,view,2026-05-25T11:39:00
274,18,view,2026-05-25T11:42:22
247,13,view,2026-05-25T11:43:08
105,8,view,2026-05-25T11:46:04
248,1,view,2026-05-25T11:47:39
248,3,view,2026-05-25T11:48:05
274,19,view,2026-05-25T11:50:58
143,7,view,2026-05-25T11:55:23
225,6,view,2026-05-25T12:06:19
225,8,view,2026-05-25T12:07:22
570,9,view,2026-05-25T12:07:48
225,6,add_to_cart,2026-05-25T12:11:35
506,11,view,2026-05-25T12:21:05
601,16,view,2026-05-25T12:22:16
7,12,view,2026-05-25T12:26:32
506,11,add_to_cart,2026-05-25T12:26:58
411,7,view,2026-05-25T12:28:27
494,12,view,2026-05-25T12:30:25
7,12,add_to_cart,2026-05-25T12:31:12
346,11,view,2026-05-25T12:33:59
494,12,add_to_cart,2026-05-25T12:34:55
80,2,view,2026-05-25T12:35:43
241,8,view,2026-05-25T12:35:56
411,7,view,2026-05-25T12:36:22
346,11,add_to_cart,2026-05-25T12:36:35
241,8,view,2026-05-25T12:44:06
494,12,buy,2026-05-25T12:51:02
7,12,buy,2026-05-25T12:51:56
506,11,buy,2026-05-25T12:54:28
401,19,view,2026-05-25T13:01:12
427,3,view,2026-05-25T13:05:07
401,19,add_to_cart,2026-05-25T13:05:22
602,5,view,2026-05-25T13:06:24
320,12,view,2026-05-25T13:08:22
153,8,view,2026-05-25T13:08:36
320,12,add_to_cart,2026-05-25T13:10:52
296,14,view,2026-05-25T13:13:30
580,10,view,2026-05-25T13:19:21
296,14,buy,2026-05-25T13:22:14
158,4,view,2026-05-25T13:23:01
570,13,view,2026-05-25T13:24:47
80,14,view,2026-05-25T13:28:17
320,12,buy,2026-05-25T13:28:54
570,13,add_to_cart,2026-05-25T13:30:50
442,17,view,2026-05-25T13:31:00
570,13,buy,2026-05-25T13:33:30
4,18,view,2026-05-25T13:34:41
239,18,view,2026-05-25T13:38:50
397,19,view,2026-05-25T13:39:21
4,18,add_to_cart,2026-05-25T13:40:45
435,4,view,2026-05-25T13:42:00
237,14,view,2026-05-25T13:42:38
105,8,view,2026-05-25T13:42:56
523,4,view,2026-05-25T13:46:24
576,13,view,2026-05-25T13:47:06
105,8,add_to_cart,2026-05-25T13:49:09
4,18,buy,2026-05-25T13:51:57
523,4,add_to_cart,2026-05-25T13:52:03
639,9,view,2026-05-25T13:54:05
369,7,view,2026-05-25T13:58:34
430,9,view,2026-05-25T14:03:48
5,8,view,2026-05-25T14:04:39
94,6,view,2026-05-25T14:05:32
5,8,add_to_cart,2026-05-25T14:05:39
369,8,view,2026-05-25T14:05:42
94,6,add_to_cart,2026-05-25T14:06:39
279,18,view,2026-05-25T14:09:27
197,14,view,2026-05-25T14:10:25
285,9,view,2026-05-25T14:12:25
105,8,buy,2026-05-25T14:13:16
536,17,view,2026-05-25T14:20:05
185,8,view,2026-05-25T14:23:20
536,17,add_to_cart,2026-05-25T14:23:33
185,8,add_to_cart,2026-05-25T14:27:08
271,1,view,2026-05-25T14:33:32
595,17,view,2026-05-25T14:35:29
271,1,add_to_cart,2026-05-25T14:36:07
537,19,view,2026-05-25T14:38:16
537,19,add_to_cart,2026-05-25T14:40:30
642,14,view,2026-05-25T14:51:53
87,2,view,2026-05-25T14:51:56
87,2,add_to_cart,2026-05-25T14:53:35
642,14,add_to_cart,2026-05-25T14:55:55
383,6,view,2026-05-25T14:58:10
600,15,view,2026-05-25T15:00:48
331,16,view,2026-05-25T15:01:57
383,6,view,2026-05-25T15:03:33
537,19,buy,2026-05-25T15:03:51
600,15,add_to_cart,2026-05-25T15:05:32
33,19,view,2026-05-25T15:08:37
603,16,view,2026-05-25T15:12:38
603,16,add_to_cart,2026-05-25T15:13:37
603,17,view,2026-05-25T15:16:16
511,13,view,2026-05-25T15:25:06
353,9,view,2026-05-25T15:30:47
432,4,view,2026-05-25T15:30:59
595,17,view,2026-05-25T15:35:22
603,16,buy,2026-05-25T15:35:24
201,10,view,2026-05-25T15:37:16
511,13,buy,2026-05-25T15:38:11
201,10,add_to_cart,2026-05-25T15:40:56
595,17,view,2026-05-25T15:45:04
136,13,view,2026-05-25T15:47:56
320,10,view,2026-05-25T15:49:00
343,5,view,2026-05-25T15:49:01
14,3,view,2026-05-25T15:49:09
383,19,view,2026-05-25T15:51:21
343,5,add_to_cart,2026-05-25T15:53:50
650,17,view,2026-05-25T15:54:57
383,19,add_to_cart,2026-05-25T15:57:16
502,16,view,2026-05-25T15:57:17
343,5,buy,2026-05-25T15:57:49
14,1,view,2026-05-25T15:58:41
650,13,view,2026-05-25T15:59:18
650,17,add_to_cart,2026-05-25T16:00:09
383,19,buy,2026-05-25T16:02:02
214,11,view,2026-05-25T16:03:05
650,13,add_to_cart,2026-05-25T16:03:32
214,11,add_to_cart,2026-05-25T16:05:54
483,4,view,2026-05-25T16:07:10
606,11,view,2026-05-25T16:08:51
214,12,view,2026-05-25T16:09:32
201,10,buy,2026-05-25T16:10:19
606,12,view,2026-05-25T16:11:49
483,1,view,2026-05-25T16:15:11
521,16,view,2026-05-25T16:19:22
507,2,view,2026-05-25T16:22:40
505,6,view,2026-05-25T16:25:30
44,11,view,2026-05-25T16:25:55
178,12,view,2026-05-25T16:26:37
505,6,add_to_cart,2026-05-25T16:31:46
174,17,view,2026-05-25T16:36:20
364,8,view,2026-05-25T16:41:20
570,12,view,2026-05-25T16:44:40
458,6,view,2026-05-25T16:57:01
422,10,view,2026-05-25T16:59:18
102,16,view,2026-05-25T16:59:54
96,2,view,2026-05-25T17:06:26
267,4,view,2026-05-25T17:08:18
17,7,view,2026-05-25T17:11:49
501,19,view,2026-05-25T17:12:27
121,19,view,2026-05-25T17:12:50
464,3,view,2026-05-25T17:13:30
120,15,view,2026-05-25T17:14:20
17,7,add_to_cart,2026-05-25T17:15:24
120,15,add_to_cart,2026-05-25T17:16:15
121,19,add_to_cart,2026-05-25T17:16:59
501,18,view,2026-05-25T17:17:59
464,1,view,2026-05-25T17:20:16
120,13,view,2026-05-25T17:23:40
181,17,view,2026-05-25T17:27:58
121,19,buy,2026-05-25T17:29:14
228,10,view,2026-05-25T17:29:25
187,11,view,2026-05-25T17:33:38
120,15,buy,2026-05-25T17:34:03
228,11,view,2026-05-25T17:36:06
216,3,view,2026-05-25T17:36:47
184,8,view,2026-05-25T17:38:14
82,13,view,2026-05-25T17:38:28
287,18,view,2026-05-25T17:41:05
287,18,add_to_cart,2026-05-25T17:41:55
17,7,buy,2026-05-25T17:42:12
265,8,view,2026-05-25T17:43:32
287,18,buy,2026-05-25T17:44:28
184,7,view,2026-05-25T17:47:46
265,8,add_to_cart,2026-05-25T17:49:50
519,8,view,2026-05-25T17:52:13
72,13,view,2026-05-25T17:52:16
519,7,view,2026-05-25T17:52:48
209,9,view,2026-05-25T18:11:08
376,15,view,2026-05-25T18:13:54
555,17,view,2026-05-25T18:19:12
376,13,view,2026-05-25T18:22:16
435,4,view,2026-05-25T18:22:42
171,3,view,2026-05-25T18:23:26
435,3,view,2026-05-25T18:26:58
506,9,view,2026-05-25T18:29:57
171,3,view,2026-05-25T18:31:53
268,6,view,2026-05-25T18:31:59
416,13,view,2026-05-25T18:32:39
416,13,add_to_cart,2026-05-25T18:34:59
432,4,view,2026-05-25T18:35:53
446,16,view,2026-05-25T18:38:56
379,3,view,2026-05-25T18:39:35
446,16,add_to_cart,2026-05-25T18:44:18
446,16,buy,2026-05-25T18:47:34
559,18,view,2026-05-25T18:48:02
416,13,buy,2026-05-25T18:50:47
501,13,view,2026-05-25T18:57:07
464,14,view,2026-05-25T18:59:25
206,16,view,2026-05-25T19:01:13
501,13,add_to_cart,2026-05-25T19:01:40
554,1,view,2026-05-25T19:02:24
206,16,add_to_cart,2026-05-25T19:07:11
31,19,view,2026-05-25T19:09:04
31,19,add_to_cart,2026-05-25T19:10:03
315,2,view,2026-05-25T19:12:34
31,19,view,2026-05-25T19:13:55
209,6,view,2026-05-25T19:15:24
209,6,add_to_cart,2026-05-25T19:16:08
439,9,view,2026-05-25T19:16:36
445,18,view,2026-05-25T19:17:26
298,14,view,2026-05-25T19:18:31
209,6,buy,2026-05-25T19:18:50
633,19,view,2026-05-25T19:19:17
445,18,add_to_cart,2026-05-25T19:20:50
209,6,view,2026-05-25T19:20:55
136,1,view,2026-05-25T19:22:53
323,17,view,2026-05-25T19:26:07
199,8,view,2026-05-25T19:30:48
67,16,view,2026-05-25T19:35:35
31,19,buy,2026-05-25T19:39:49
67,16,add_to_cart,2026-05-25T19:41:43
352,4,view,2026-05-25T19:42:28
59,4,view,2026-05-25T19:43:49
399,9,view,2026-05-25T19:45:11
269,18,view,2026-05-25T19:46:04
399,9,add_to_cart,2026-05-25T19:49:46
269,18,add_to_cart,2026-05-25T19:50:18
59,4,add_to_cart,2026-05-25T19:50:43
269,18,view,2026-05-25T19:52:30
577,19,view,2026-05-25T19:54:28
535,18,view,2026-05-25T19:58:15
400,2,view,2026-05-25T19:59:08
448,15,view,2026-05-25T20:01:30
439,3,view,2026-05-25T20:02:27
400,1,view,2026-05-25T20:02:33
448,13,view,2026-05-25T20:02:48
391,19,view,2026-05-25T20:05:35
204,10,view,2026-05-25T20:05:41
59,4,buy,2026-05-25T20:06:24
448,15,add_to_cart,2026-05-25T20:08:25
67,16,buy,2026-05-25T20:10:41
204,10,add_to_cart,2026-05-25T20:12:02
354,2,view,2026-05-25T20:17:01
354,2,add_to_cart,2026-05-25T20:22:08
398,17,view,2026-05-25T20:22:17
398,16,view,2026-05-25T20:25:08
354,2,buy,2026-05-25T20:33:14
130,14,view,2026-05-25T20:42:14
130,14,add_to_cart,2026-05-25T20:44:22
587,17,view,2026-05-25T20:44:37
559,18,view,2026-05-25T20:49:10
433,8,view,2026-05-25T20:52:32
559,18,add_to_cart,2026-05-25T20:52:53
587,17,view,2026-05-25T20:53:16
209,19,view,2026-05-25T20:54:45
433,8,view,2026-05-25T20:57:27
533,3,view,2026-05-25T20:57:49
559,18,view,2026-05-25T20:58:15
209,19,add_to_cart,2026-05-25T20:59:26
217,19,view,2026-05-25T21:00:24
209,18,view,2026-05-25T21:01:47
533,2,view,2026-05-25T21:04:34
282,10,view,2026-05-25T21:05:20
448,1,view,2026-05-25T21:06:09
282,10,add_to_cart,2026-05-25T21:07:13
638,11,view,2026-05-25T21:07:34
282,10,buy,2026-05-25T21:09:16
559,18,buy,2026-05-25T21:10:36
130,14,buy,2026-05-25T21:10:54
105,9,view,2026-05-25T21:12:26
282,11,view,2026-05-25T21:14:08
448,5,view,2026-05-25T21:14:35
48,5,view,2026-05-25T21:17:20
48,4,view,2026-05-25T21:22:52
263,18,view,2026-05-25T21:24:22
307,1,view,2026-05-25T21:25:41
202,15,view,2026-05-25T21:25:47
21,14,view,2026-05-25T21:27:47
202,15,add_to_cart,2026-05-25T21:28:32
303,17,view,2026-05-25T21:29:04
21,13,view,2026-05-25T21:29:54
382,16,view,2026-05-25T21:32:12
175,8,view,2026-05-25T21:32:39
188,7,view,2026-05-25T21:33:24
355,16,view,2026-05-25T21:34:40
355,16,add_to_cart,2026-05-25T21:38:17
303,16,view,2026-05-25T21:38:22
41,17,view,2026-05-25T21:42:14
41,17,add_to_cart,2026-05-25T21:43:47
202,15,buy,2026-05-25T21:46:07
263,8,view,2026-05-25T21:52:17
295,18,view,2026-05-25T22:02:00
614,12,view,2026-05-25T22:02:26
449,8,view,2026-05-25T22:04:20
543,5,view,2026-05-25T22:05:00
355,16,buy,2026-05-25T22:07:51
268,19,view,2026-05-25T22:08:00
77,10,view,2026-05-25T22:10:00
268,19,view,2026-05-25T22:10:18
449,8,add_to_cart,2026-05-25T22:10:59
151,7,view,2026-05-25T22:11:00
295,18,view,2026-05-25T22:11:40
353,4,view,2026-05-25T22:12:10
77,10,add_to_cart,2026-05-25T22:12:15
481,19,view,2026-05-25T22:13:00
543,5,buy,2026-05-25T22:13:07
353,4,add_to_cart,2026-05-25T22:15:12
516,9,view,2026-05-25T22:15:15
443,4,view,2026-05-25T22:16:50
428,10,view,2026-05-25T22:18:00
353,4,buy,2026-05-25T22:18:16
481,19,add_to_cart,2026-05-25T22:18:58
443,5,view,2026-05-25T22:19:57
292,8,view,2026-05-25T22:22:00
189,13,view,2026-05-25T22:22:00
524,19,view,2026-05-25T22:22:00
543,18,view,2026-05-25T22:22:51
189,13,add_to_cart,2026-05-25T22:23:46
533,13,view,2026-05-25T22:24:00
362,12,view,2026-05-25T22:25:00
292,7,view,2026-05-25T22:27:18
189,15,view,2026-05-25T22:28:34
533,13,add_to_cart,2026-05-25T22:28:59
67,11,view,2026-05-25T22:33:00
333,18,view,2026-05-25T22:33:00
67,11,add_to_cart,2026-05-25T22:34:27
333,18,add_to_cart,2026-05-25T22:36:53
489,15,view,2026-05-25T22:38:00
489,15,add_to_cart,2026-05-25T22:39:13
134,11,view,2026-05-25T22:40:00
133,16,view,2026-05-25T22:40:00
517,18,view,2026-05-25T22:41:00
533,13,buy,2026-05-25T22:41:04
189,13,buy,2026-05-25T22:41:21
252,10,view,2026-05-25T22:42:00
134,11,add_to_cart,2026-05-25T22:43:37
333,18,buy,2026-05-25T22:43:38
133,16,add_to_cart,2026-05-25T22:43:50
481,19,buy,2026-05-25T22:45:14
134,11,view,2026-05-25T22:45:26
123,4,view,2026-05-25T22:46:00
517,18,add_to_cart,2026-05-25T22:47:48
123,4,add_to_cart,2026-05-25T22:48:12
123,4,view,2026-05-25T22:52:42
229,19,view,2026-05-25T22:52:49
229,19,add_to_cart,2026-05-25T22:54:05
16,15,view,2026-05-25T22:56:14
133,16,buy,2026-05-25T22:56:52
205,18,view,2026-05-25T22:57:04
533,15,view,2026-05-25T22:59:35
533,15,add_to_cart,2026-05-25T23:02:00
205,18,add_to_cart,2026-05-25T23:03:27
134,11,buy,2026-05-25T23:10:28
517,18,buy,2026-05-25T23:16:00
205,18,buy,2026-05-25T23:19:16
108,7,view,2026-05-26T07:01:00
332,11,view,2026-05-26T07:01:00
538,12,view,2026-05-26T07:03:00
309,14,view,2026-05-26T07:03:00
392,3,view,2026-05-26T07:03:52
206,10,view,2026-05-26T07:04:00
127,7,view,2026-05-26T07:05:00
108,7,add_to_cart,2026-05-26T07:05:09
309,14,view,2026-05-26T07:05:18
503,4,view,2026-05-26T07:06:00
319,3,view,2026-05-26T07:06:00
212,12,view,2026-05-26T07:06:00
19,18,view,2026-05-26T07:06:00
332,11,add_to_cart,2026-05-26T07:06:23
447,19,view,2026-05-26T07:07:00
174,17,view,2026-05-26T07:07:00
286,16,view,2026-05-26T07:07:00
19,18,add_to_cart,2026-05-26T07:07:10
447,19,add_to_cart,2026-05-26T07:07:59
228,11,view,2026-05-26T07:08:00
480,13,view,2026-05-26T07:08:00
538,11,view,2026-05-26T07:09:15
174,17,view,2026-05-26T07:09:20
203,17,view,2026-05-26T07:11:00
530,13,view,2026-05-26T07:11:00
228,11,add_to_cart,2026-05-26T07:11:16
212,12,add_to_cart,2026-05-26T07:11:26
212,11,view,2026-05-26T07:11:29
480,13,add_to_cart,2026-05-26T07:11:55
286,16,add_to_cart,2026-05-26T07:12:35
504,2,view,2026-05-26T07:12:52
627,17,view,2026-05-26T07:13:00
286,16,view,2026-05-26T07:13:04
19,19,view,2026-05-26T07:13:25
498,10,view,2026-05-26T07:14:00
316,9,view,2026-05-26T07:14:00
319,2,view,2026-05-26T07:14:22
531,3,view,2026-05-26T07:15:50
480,13,buy,2026-05-26T07:16:00
498,10,view,2026-05-26T07:16:01
228,12,view,2026-05-26T07:16:11
627,17,add_to_cart,2026-05-26T07:16:52
480,14,view,2026-05-26T07:16:53
228,11,buy,2026-05-26T07:16:59
323,2,view,2026-05-26T07:17:00
19,18,buy,2026-05-26T07:18:28
307,1,view,2026-05-26T07:19:00
627,17,view,2026-05-26T07:19:00
457,18,view,2026-05-26T07:19:28
577,6,view,2026-05-26T07:20:00
199,4,view,2026-05-26T07:20:00
588,14,view,2026-05-26T07:20:13
457,18,view,2026-05-26T07:20:57
245,13,view,2026-05-26T07:21:00
27,16,view,2026-05-26T07:21:00
606,11,view,2026-05-26T07:21:00
313,18,view,2026-05-26T07:21:23
189,7,view,2026-05-26T07:23:00
122,12,view,2026-05-26T07:23:20
200,13,view,2026-05-26T07:24:00
42,14,view,2026-05-26T07:24:00
646,19,view,2026-05-26T07:24:00
588,14,add_to_cart,2026-05-26T07:24:39
108,7,buy,2026-05-26T07:24:48
257,8,view,2026-05-26T07:25:00
627,16,view,2026-05-26T07:25:09
313,18,add_to_cart,2026-05-26T07:25:26
646,19,add_to_cart,2026-05-26T07:25:41
235,17,view,2026-05-26T07:27:00
251,8,view,2026-05-26T07:27:00
206,12,view,2026-05-26T07:27:00
160,4,view,2026-05-26T07:27:20
46,16,view,2026-05-26T07:27:36
251,8,add_to_cart,2026-05-26T07:27:58
261,14,view,2026-05-26T07:28:00
564,12,view,2026-05-26T07:29:00
46,16,add_to_cart,2026-05-26T07:29:16
257,8,add_to_cart,2026-05-26T07:30:37
99,16,view,2026-05-26T07:31:00
93,14,view,2026-05-26T07:32:00
200,15,view,2026-05-26T07:32:14
93,14,add_to_cart,2026-05-26T07:33:17
160,4,add_to_cart,2026-05-26T07:33:22
99,16,view,2026-05-26T07:34:57
71,9,view,2026-05-26T07:38:00
251,8,buy,2026-05-26T07:38:30
423,7,view,2026-05-26T07:40:00
101,13,view,2026-05-26T07:40:00
485,14,view,2026-05-26T07:41:00
485,14,add_to_cart,2026-05-26T07:42:38
560,4,view,2026-05-26T07:42:44
62,8,view,2026-05-26T07:43:00
258,11,view,2026-05-26T07:43:00
564,12,buy,2026-05-26T07:43:17
423,8,view,2026-05-26T07:44:52
423,7,add_to_cart,2026-05-26T07:44:55
492,18,view,2026-05-26T07:44:56
389,13,view,2026-05-26T07:45:00
208,13,view,2026-05-26T07:45:00
330,14,view,2026-05-26T07:45:00
208,13,add_to_cart,2026-05-26T07:46:27
313,18,buy,2026-05-26T07:46:45
498,1,view,2026-05-26T07:47:00
160,4,buy,2026-05-26T07:47:16
423,9,view,2026-05-26T07:48:00
484,9,view,2026-05-26T07:48:00
498,1,add_to_cart,2026-05-26T07:48:02
273,6,view,2026-05-26T07:49:00
564,15,view,2026-05-26T07:49:00
492,18,add_to_cart,2026-05-26T07:49:02
564,14,view,2026-05-26T07:49:36
292,8,view,2026-05-26T07:50:00
468,11,view,2026-05-26T07:51:00
330,14,add_to_cart,2026-05-26T07:51:03
496,1,view,2026-05-26T07:51:39
83,17,view,2026-05-26T07:52:00
330,19,view,2026-05-26T07:52:00
264,14,view,2026-05-26T07:52:00
365,15,view,2026-05-26T07:52:00
498,4,view,2026-05-26T07:52:30
330,19,add_to_cart,2026-05-26T07:52:45
484,9,add_to_cart,2026-05-26T07:53:14
492,18,view,2026-05-26T07:53:24
189,7,view,2026-05-26T07:54:00
264,14,add_to_cart,2026-05-26T07:54:01
366,17,view,2026-05-26T07:54:16
208,13,buy,2026-05-26T07:54:19
564,15,add_to_cart,2026-05-26T07:54:36
229,19,view,2026-05-26T07:55:00
324,12,view,2026-05-26T07:55:00
29,13,view,2026-05-26T07:55:47
397,19,view,2026-05-26T07:56:00
45,18,view,2026-05-26T07:57:00
330,18,view,2026-05-26T07:57:33
342,17,view,2026-05-26T07:58:00
345,7,view,2026-05-26T07:58:00
237,15,view,2026-05-26T07:58:13
485,14,buy,2026-05-26T07:58:30
365,15,add_to_cart,2026-05-26T07:58:53
397,19,view,2026-05-26T08:00:09
345,6,view,2026-05-26T08:00:10
45,18,add_to_cart,2026-05-26T08:00:13
324,12,view,2026-05-26T08:00:13
484,9,buy,2026-05-26T08:00:17
397,19,add_to_cart,2026-05-26T08:00:31
492,18,buy,2026-05-26T08:00:56
434,13,view,2026-05-26T08:01:00
365,15,view,2026-05-26T08:01:14
269,15,view,2026-05-26T08:02:00
270,10,view,2026-05-26T08:02:00
245,18,view,2026-05-26T08:02:52
434,13,add_to_cart,2026-05-26T08:02:54
342,17,view,2026-05-26T08:03:36
195,14,view,2026-05-26T08:04:00
242,8,view,2026-05-26T08:04:00
392,4,view,2026-05-26T08:04:00
345,7,add_to_cart,2026-05-26T08:04:02
258,13,view,2026-05-26T08:04:07
365,15,buy,2026-05-26T08:04:11
397,19,buy,2026-05-26T08:04:45
265,17,view,2026-05-26T08:05:00
258,13,add_to_cart,2026-05-26T08:05:42
269,15,add_to_cart,2026-05-26T08:05:52
529,19,view,2026-05-26T08:06:00
330,19,buy,2026-05-26T08:06:26
93,7,view,2026-05-26T08:07:00
245,18,add_to_cart,2026-05-26T08:07:28
433,18,view,2026-05-26T08:08:00
270,10,view,2026-05-26T08:08:51
467,1,view,2026-05-26T08:09:00
82,14,view,2026-05-26T08:09:00
93,7,add_to_cart,2026-05-26T08:09:27
392,4,add_to_cart,2026-05-26T08:09:41
265,17,add_to_cart,2026-05-26T08:09:41
434,18,view,2026-05-26T08:10:00
506,12,view,2026-05-26T08:10:00
258,13,buy,2026-05-26T08:10:18
636,14,view,2026-05-26T08:11:00
420,10,view,2026-05-26T08:11:00
270,12,view,2026-05-26T08:11:56
252,10,view,2026-05-26T08:12:00
243,8,view,2026-05-26T08:12:00
529,19,add_to_cart,2026-05-26T08:12:04
467,1,add_to_cart,2026-05-26T08:12:40
392,2,view,2026-05-26T08:12:57
243,8,add_to_cart,2026-05-26T08:12:57
434,18,add_to_cart,2026-05-26T08:13:07
245,18,buy,2026-05-26T08:13:11
330,14,buy,2026-05-26T08:13:11
45,18,buy,2026-05-26T08:14:09
243,8,buy,2026-05-26T08:14:46
481,1,view,2026-05-26T08:14:59
332,10,view,2026-05-26T08:15:00
636,14,add_to_cart,2026-05-26T08:15:29
427,1,view,2026-05-26T08:15:29
318,18,view,2026-05-26T08:17:00
527,19,view,2026-05-26T08:18:00
427,1,add_to_cart,2026-05-26T08:18:14
531,17,view,2026-05-26T08:18:37
636,14,buy,2026-05-26T08:18:56
556,18,view,2026-05-26T08:19:00
459,17,view,2026-05-26T08:20:00
595,12,view,2026-05-26T08:20:00
427,5,view,2026-05-26T08:21:03
459,17,view,2026-05-26T08:21:15
252,10,view,2026-05-26T08:21:25
564,15,buy,2026-05-26T08:21:40
429,19,view,2026-05-26T08:22:00
41,18,view,2026-05-26T08:22:09
69,19,view,2026-05-26T08:22:10
531,17,add_to_cart,2026-05-26T08:22:39
595,12,add_to_cart,2026-05-26T08:22:45
318,18,add_to_cart,2026-05-26T08:22:56
345,7,buy,2026-05-26T08:23:08
467,1,buy,2026-05-26T08:23:45
497,7,view,2026-05-26T08:24:00
429,19,view,2026-05-26T08:24:00
533,10,view,2026-05-26T08:24:00
531,17,buy,2026-05-26T08:24:10
533,10,add_to_cart,2026-05-26T08:24:37
269,15,buy,2026-05-26T08:25:12
625,19,view,2026-05-26T08:25:31
428,12,view,2026-05-26T08:26:00
539,15,view,2026-05-26T08:27:00
576,1,view,2026-05-26T08:27:00
166,17,view,2026-05-26T08:27:00
434,18,buy,2026-05-26T08:27:34
576,1,add_to_cart,2026-05-26T08:27:44
93,7,buy,2026-05-26T08:27:55
429,19,add_to_cart,2026-05-26T08:29:32
497,7,add_to_cart,2026-05-26T08:30:10
145,18,view,2026-05-26T08:30:29
428,12,add_to_cart,2026-05-26T08:30:36
625,19,view,2026-05-26T08:30:49
625,19,add_to_cart,2026-05-26T08:31:40
533,10,view,2026-05-26T08:31:56
392,4,buy,2026-05-26T08:33:24
145,18,add_to_cart,2026-05-26T08:37:14
497,7,buy,2026-05-26T08:38:03
318,18,buy,2026-05-26T08:38:36
72,5,view,2026-05-26T08:38:37
429,19,buy,2026-05-26T08:43:17
625,19,buy,2026-05-26T08:45:53
533,10,buy,2026-05-26T08:47:27
632,4,view,2026-05-26T08:49:34
632,4,add_to_cart,2026-05-26T08:50:37
428,12,buy,2026-05-26T08:59:38
531,5,view,2026-05-26T09:14:01
121,19,view,2026-05-26T09:14:14
625,6,view,2026-05-26T09:15:54
137,18,view,2026-05-26T09:21:02
97,6,view,2026-05-26T09:22:01
125,19,view,2026-05-26T09:25:23
368,15,view,2026-05-26T09:25:23
125,19,add_to_cart,2026-05-26T09:27:05
97,6,add_to_cart,2026-05-26T09:27:25
137,18,add_to_cart,2026-05-26T09:27:37
368,15,add_to_cart,2026-05-26T09:29:09
368,15,buy,2026-05-26T09:39:13
457,6,view,2026-05-26T09:40:01
502,16,view,2026-05-26T09:41:04
502,16,add_to_cart,2026-05-26T09:41:55
457,6,add_to_cart,2026-05-26T09:44:32
457,7,view,2026-05-26T09:46:23
188,10,view,2026-05-26T09:48:53
17,6,view,2026-05-26T09:49:17
457,6,buy,2026-05-26T09:50:14
131,16,view,2026-05-26T09:51:30
427,16,view,2026-05-26T09:53:56
511,8,view,2026-05-26T09:54:01
502,16,buy,2026-05-26T09:54:06
511,8,add_to_cart,2026-05-26T09:55:26
223,6,view,2026-05-26T09:56:16
171,6,view,2026-05-26T10:00:56
511,8,buy,2026-05-26T10:01:19
5,17,view,2026-05-26T10:07:04
20,8,view,2026-05-26T10:08:14
398,2,view,2026-05-26T10:08:38
20,8,add_to_cart,2026-05-26T10:09:08
7,18,view,2026-05-26T10:10:03
101,14,view,2026-05-26T10:11:14
384,4,view,2026-05-26T10:12:40
7,18,view,2026-05-26T10:15:09
384,4,add_to_cart,2026-05-26T10:18:25
260,16,view,2026-05-26T10:20:43
534,11,view,2026-05-26T10:22:06
260,16,add_to_cart,2026-05-26T10:25:43
333,2,view,2026-05-26T10:30:38
20,8,buy,2026-05-26T10:35:22
384,4,buy,2026-05-26T10:38:31
33,14,view,2026-05-26T10:40:48
504,13,view,2026-05-26T10:42:20
308,12,view,2026-05-26T10:43:05
492,11,view,2026-05-26T10:44:36
584,19,view,2026-05-26T10:44:56
308,12,add_to_cart,2026-05-26T10:45:38
492,10,view,2026-05-26T10:46:32
33,14,add_to_cart,2026-05-26T10:47:00
504,13,add_to_cart,2026-05-26T10:47:00
308,12,buy,2026-05-26T10:47:17
584,19,add_to_cart,2026-05-26T10:47:25
33,14,buy,2026-05-26T10:48:22
492,11,add_to_cart,2026-05-26T10:50:42
98,19,view,2026-05-26T10:51:15
270,16,view,2026-05-26T10:52:55
390,10,view,2026-05-26T10:53:35
177,19,view,2026-05-26T10:55:42
98,19,add_to_cart,2026-05-26T10:56:39
177,19,add_to_cart,2026-05-26T11:01:41
177,19,buy,2026-05-26T11:06:52
318,11,view,2026-05-26T11:06:53
504,13,buy,2026-05-26T11:07:21
98,19,buy,2026-05-26T11:10:30
72,19,view,2026-05-26T11:12:25
200,14,view,2026-05-26T11:13:41
318,10,view,2026-05-26T11:13:49
409,13,view,2026-05-26T11:17:04
200,14,view,2026-05-26T11:18:01
72,19,add_to_cart,2026-05-26T11:18:06
200,14,add_to_cart,2026-05-26T11:20:19
409,13,add_to_cart,2026-05-26T11:20:34
323,3,view,2026-05-26T11:23:43
389,14,view,2026-05-26T11:24:28
368,2,view,2026-05-26T11:27:57
12,11,view,2026-05-26T11:28:34
389,14,add_to_cart,2026-05-26T11:29:42
12,11,buy,2026-05-26T11:31:14
389,15,view,2026-05-26T11:34:04
409,13,buy,2026-05-26T11:35:56
368,3,view,2026-05-26T11:37:56
200,14,buy,2026-05-26T11:39:59
106,10,view,2026-05-26T11:41:54
72,19,buy,2026-05-26T11:45:28
249,19,view,2026-05-26T11:47:54
70,16,view,2026-05-26T11:53:55
329,19,view,2026-05-26T11:55:04
329,19,add_to_cart,2026-05-26T11:57:46
70,16,add_to_cart,2026-05-26T11:59:24
134,16,view,2026-05-26T11:59:50
134,16,add_to_cart,2026-05-26T12:04:23
329,19,buy,2026-05-26T12:08:05
570,13,view,2026-05-26T12:10:28
650,14,view,2026-05-26T12:18:40
70,16,buy,2026-05-26T12:20:23
302,10,view,2026-05-26T12:28:37
176,11,view,2026-05-26T12:32:06
228,6,view,2026-05-26T12:32:37
441,10,view,2026-05-26T12:34:31
415,1,view,2026-05-26T12:35:00
441,10,add_to_cart,2026-05-26T12:36:18
228,6,add_to_cart,2026-05-26T12:37:32
648,3,view,2026-05-26T12:37:56
352,15,view,2026-05-26T12:39:46
648,3,add_to_cart,2026-05-26T12:40:19
92,11,view,2026-05-26T12:41:32
587,17,view,2026-05-26T12:43:22
415,5,view,2026-05-26T12:43:59
597,2,view,2026-05-26T12:44:23
92,11,add_to_cart,2026-05-26T12:44:41
597,2,add_to_cart,2026-05-26T12:46:00
352,15,view,2026-05-26T12:47:58
92,10,view,2026-05-26T12:49:28
441,10,buy,2026-05-26T12:50:57
590,17,view,2026-05-26T12:51:05
590,17,add_to_cart,2026-05-26T12:52:41
92,11,buy,2026-05-26T12:53:23
221,18,view,2026-05-26T12:55:38
396,12,view,2026-05-26T12:57:22
221,18,add_to_cart,2026-05-26T13:02:34
344,2,view,2026-05-26T13:03:01
356,19,view,2026-05-26T13:07:15
317,18,view,2026-05-26T13:08:03
306,10,view,2026-05-26T13:09:42
317,18,add_to_cart,2026-05-26T13:11:19
549,14,view,2026-05-26T13:14:24
317,18,buy,2026-05-26T13:18:51
492,10,view,2026-05-26T13:21:50
492,12,view,2026-05-26T13:23:59
549,14,view,2026-05-26T13:27:32
549,15,view,2026-05-26T13:29:13
549,14,add_to_cart,2026-05-26T13:34:10
492,10,buy,2026-05-26T13:36:39
396,9,view,2026-05-26T13:37:19
396,9,add_to_cart,2026-05-26T13:39:47
367,18,view,2026-05-26T13:42:02
218,15,view,2026-05-26T13:42:37
490,13,view,2026-05-26T13:43:09
99,10,view,2026-05-26T13:43:37
218,15,add_to_cart,2026-05-26T13:45:11
490,13,add_to_cart,2026-05-26T13:47:30
351,7,view,2026-05-26T13:55:34
218,15,buy,2026-05-26T13:56:35
75,17,view,2026-05-26T13:57:13
339,4,view,2026-05-26T13:59:43
48,16,view,2026-05-26T14:01:50
490,13,buy,2026-05-26T14:08:39
339,4,buy,2026-05-26T14:13:40
84,12,view,2026-05-26T14:16:57
84,12,add_to_cart,2026-05-26T14:18:36
540,6,view,2026-05-26T14:19:23
146,15,view,2026-05-26T14:27:42
146,15,add_to_cart,2026-05-26T14:33:53
101,19,view,2026-05-26T14:34:19
305,18,view,2026-05-26T14:35:22
305,18,add_to_cart,2026-05-26T14:36:31
434,14,view,2026-05-26T14:39:06
84,12,buy,2026-05-26T14:45:19
373,14,view,2026-05-26T14:48:54
373,14,add_to_cart,2026-05-26T14:51:07
611,17,view,2026-05-26T14:54:52
373,14,view,2026-05-26T14:58:43
611,17,buy,2026-05-26T15:00:37
146,15,buy,2026-05-26T15:03:36
302,17,view,2026-05-26T15:09:50
557,14,view,2026-05-26T15:16:51
131,15,view,2026-05-26T15:21:32
131,15,add_to_cart,2026-05-26T15:22:33
557,14,add_to_cart,2026-05-26T15:22:33
58,11,view,2026-05-26T15:24:16
519,1,view,2026-05-26T15:28:14
58,11,add_to_cart,2026-05-26T15:31:10
639,18,view,2026-05-26T15:31:42
399,17,view,2026-05-26T15:32:41
569,7,view,2026-05-26T15:33:22
206,16,view,2026-05-26T15:35:24
569,7,add_to_cart,2026-05-26T15:36:29
58,11,buy,2026-05-26T15:38:11
639,18,view,2026-05-26T15:38:20
569,7,buy,2026-05-26T15:40:11
436,8,view,2026-05-26T15:41:42
480,13,view,2026-05-26T15:41:54
212,10,view,2026-05-26T15:42:10
480,13,view,2026-05-26T15:42:36
436,8,add_to_cart,2026-05-26T15:44:16
9,19,view,2026-05-26T15:44:20
236,10,view,2026-05-26T15:44:47
480,13,add_to_cart,2026-05-26T15:45:55
371,17,view,2026-05-26T15:46:13
9,19,add_to_cart,2026-05-26T15:48:48
157,6,view,2026-05-26T15:49:38
71,6,view,2026-05-26T15:51:42
131,15,buy,2026-05-26T15:52:12
195,2,view,2026-05-26T15:52:29
257,6,view,2026-05-26T15:55:29
195,1,view,2026-05-26T15:56:17
236,10,buy,2026-05-26T15:56:30
257,6,add_to_cart,2026-05-26T15:58:14
89,7,view,2026-05-26T15:59:18
257,6,buy,2026-05-26T15:59:53
89,7,add_to_cart,2026-05-26T16:00:21
498,12,view,2026-05-26T16:08:28
236,15,view,2026-05-26T16:09:43
474,14,view,2026-05-26T16:10:17
238,17,view,2026-05-26T16:12:32
236,14,view,2026-05-26T16:13:35
498,12,add_to_cart,2026-05-26T16:14:00
130,10,view,2026-05-26T16:15:15
469,12,view,2026-05-26T16:16:05
488,4,view,2026-05-26T16:16:21
238,16,view,2026-05-26T16:21:08
469,12,add_to_cart,2026-05-26T16:21:11
469,10,view,2026-05-26T16:23:50
181,15,view,2026-05-26T16:30:39
204,10,view,2026-05-26T16:34:55
159,6,view,2026-05-26T16:36:22
304,3,view,2026-05-26T16:41:21
159,6,add_to_cart,2026-05-26T16:41:34
159,6,buy,2026-05-26T16:46:28
638,16,view,2026-05-26T16:53:34
511,14,view,2026-05-26T16:54:10
511,14,add_to_cart,2026-05-26T16:55:37
313,19,view,2026-05-26T16:57:18
423,5,view,2026-05-26T16:57:24
273,8,view,2026-05-26T16:59:54
248,5,view,2026-05-26T17:00:12
248,4,view,2026-05-26T17:01:17
273,8,add_to_cart,2026-05-26T17:02:37
313,19,add_to_cart,2026-05-26T17:03:03
638,17,view,2026-05-26T17:03:27
423,3,view,2026-05-26T17:04:22
534,17,view,2026-05-26T17:14:50
630,11,view,2026-05-26T17:22:46
630,12,view,2026-05-26T17:24:07
521,7,view,2026-05-26T17:24:19
273,8,buy,2026-05-26T17:25:09
521,7,add_to_cart,2026-05-26T17:25:46
313,19,buy,2026-05-26T17:28:29
320,13,view,2026-05-26T17:31:52
521,6,view,2026-05-26T17:33:04
320,14,view,2026-05-26T17:36:09
521,7,buy,2026-05-26T17:41:00
378,10,view,2026-05-26T17:44:15
387,13,view,2026-05-26T17:57:38
450,13,view,2026-05-26T17:58:17
450,13,add_to_cart,2026-05-26T18:00:23
450,15,view,2026-05-26T18:02:18
157,19,view,2026-05-26T18:06:43
157,19,add_to_cart,2026-05-26T18:11:18
588,8,view,2026-05-26T18:11:41
218,11,view,2026-05-26T18:14:08
157,19,buy,2026-05-26T18:16:07
3,16,view,2026-05-26T18:19:19
450,13,buy,2026-05-26T18:27:39
70,10,view,2026-05-26T18:28:28
298,11,view,2026-05-26T18:28:53
197,19,view,2026-05-26T18:29:34
410,10,view,2026-05-26T18:30:16
70,10,add_to_cart,2026-05-26T18:32:17
413,18,view,2026-05-26T18:33:14
70,12,view,2026-05-26T18:35:06
413,18,add_to_cart,2026-05-26T18:35:36
70,10,buy,2026-05-26T18:36:13
451,16,view,2026-05-26T18:38:05
528,17,view,2026-05-26T18:38:33
528,14,view,2026-05-26T18:41:08
451,16,add_to_cart,2026-05-26T18:42:08
413,18,buy,2026-05-26T18:43:25
528,17,add_to_cart,2026-05-26T18:44:34
246,3,view,2026-05-26T18:48:49
615,4,view,2026-05-26T18:51:17
180,11,view,2026-05-26T18:55:03
338,7,view,2026-05-26T19:02:21
8,13,view,2026-05-26T19:03:08
431,7,view,2026-05-26T19:03:48
451,16,buy,2026-05-26T19:05:25
8,13,add_to_cart,2026-05-26T19:06:28
428,12,view,2026-05-26T19:07:39
338,9,view,2026-05-26T19:08:50
8,14,view,2026-05-26T19:10:35
493,15,view,2026-05-26T19:10:37
493,15,add_to_cart,2026-05-26T19:17:15
351,18,view,2026-05-26T19:20:40
351,18,view,2026-05-26T19:22:32
238,16,view,2026-05-26T19:24:07
420,8,view,2026-05-26T19:24:21
420,8,add_to_cart,2026-05-26T19:25:14
108,11,view,2026-05-26T19:28:41
238,17,view,2026-05-26T19:29:20
108,11,add_to_cart,2026-05-26T19:30:46
273,9,view,2026-05-26T19:39:09
499,16,view,2026-05-26T19:39:23
273,9,add_to_cart,2026-05-26T19:44:18
638,17,view,2026-05-26T19:44:32
355,10,view,2026-05-26T19:45:37
499,16,view,2026-05-26T19:47:52
355,10,add_to_cart,2026-05-26T19:48:59
638,17,add_to_cart,2026-05-26T19:51:17
285,15,view,2026-05-26T19:51:47
285,15,view,2026-05-26T19:57:09
285,15,add_to_cart,2026-05-26T19:57:32
452,10,view,2026-05-26T20:00:46
555,13,view,2026-05-26T20:01:49
42,3,view,2026-05-26T20:04:43
146,9,view,2026-05-26T20:05:37
555,13,add_to_cart,2026-05-26T20:07:10
427,1,view,2026-05-26T20:08:45
333,13,view,2026-05-26T20:09:08
424,1,view,2026-05-26T20:10:37
440,13,view,2026-05-26T20:11:40
341,15,view,2026-05-26T20:14:19
427,3,view,2026-05-26T20:18:25
384,5,view,2026-05-26T20:20:02
382,10,view,2026-05-26T20:23:49
57,7,view,2026-05-26T20:24:34
171,5,view,2026-05-26T20:25:24
555,13,buy,2026-05-26T20:26:03
57,7,add_to_cart,2026-05-26T20:26:30
57,8,view,2026-05-26T20:28:16
415,18,view,2026-05-26T20:29:53
415,18,add_to_cart,2026-05-26T20:32:38
536,15,view,2026-05-26T20:33:21
440,5,view,2026-05-26T20:35:53
139,15,view,2026-05-26T20:42:28
276,6,view,2026-05-26T20:44:29
345,9,view,2026-05-26T20:45:48
139,15,add_to_cart,2026-05-26T20:46:33
276,6,add_to_cart,2026-05-26T20:47:06
415,18,buy,2026-05-26T20:49:05
329,9,view,2026-05-26T20:51:53
568,15,view,2026-05-26T20:53:30
276,6,buy,2026-05-26T20:54:00
568,15,add_to_cart,2026-05-26T20:58:32
512,1,view,2026-05-26T21:02:29
471,18,view,2026-05-26T21:03:27
139,15,buy,2026-05-26T21:06:02
471,18,add_to_cart,2026-05-26T21:07:38
321,9,view,2026-05-26T21:10:30
471,18,buy,2026-05-26T21:14:16
230,17,view,2026-05-26T21:15:59
568,15,buy,2026-05-26T21:18:12
445,13,view,2026-05-26T21:19:22
177,18,view,2026-05-26T21:21:16
317,19,view,2026-05-26T21:27:07
500,7,view,2026-05-26T21:27:47
268,17,view,2026-05-26T21:28:52
268,17,view,2026-05-26T21:30:37
404,7,view,2026-05-26T21:31:55
88,12,view,2026-05-26T21:32:10
404,7,add_to_cart,2026-05-26T21:35:51
88,12,view,2026-05-26T21:36:59
404,7,buy,2026-05-26T21:41:39
43,4,view,2026-05-26T21:44:46
483,16,view,2026-05-26T21:51:53
90,9,view,2026-05-26T21:53:04
62,10,view,2026-05-26T21:53:16
483,17,view,2026-05-26T21:55:09
62,10,add_to_cart,2026-05-26T21:57:00
413,13,view,2026-05-26T21:58:28
4,11,view,2026-05-26T21:59:29
413,13,buy,2026-05-26T22:00:59
156,9,view,2026-05-26T22:03:25
4,11,buy,2026-05-26T22:03:32
325,14,view,2026-05-26T22:06:00
156,9,add_to_cart,2026-05-26T22:09:17
325,14,add_to_cart,2026-05-26T22:11:02
19,11,view,2026-05-26T22:12:00
325,14,view,2026-05-26T22:12:01
325,14,buy,2026-05-26T22:13:42
19,12,view,2026-05-26T22:14:52
19,11,add_to_cart,2026-05-26T22:17:08
62,10,buy,2026-05-26T22:18:57
569,19,view,2026-05-26T22:22:50
254,11,view,2026-05-26T22:24:00
254,11,add_to_cart,2026-05-26T22:25:23
569,18,view,2026-05-26T22:26:36
569,19,add_to_cart,2026-05-26T22:26:40
131,1,view,2026-05-26T22:28:00
594,10,view,2026-05-26T22:33:45
419,5,view,2026-05-26T22:34:00
25,8,view,2026-05-26T22:35:03
344,3,view,2026-05-26T22:36:46
4,3,view,2026-05-26T22:42:25
25,9,view,2026-05-26T22:44:23
560,14,view,2026-05-26T22:46:30
560,13,view,2026-05-26T22:47:17
403,17,view,2026-05-26T22:48:30
560,14,add_to_cart,2026-05-26T22:48:37
220,15,view,2026-05-26T22:50:05
569,19,buy,2026-05-26T22:53:12
220,15,add_to_cart,2026-05-26T22:54:31
595,17,view,2026-05-26T22:55:10
560,14,buy,2026-05-26T22:55:10
220,14,view,2026-05-26T22:59:01
595,17,add_to_cart,2026-05-26T23:01:23
398,11,view,2026-05-27T07:01:00
500,15,view,2026-05-27T07:01:00
361,9,view,2026-05-27T07:02:00
532,12,view,2026-05-27T07:02:00
375,13,view,2026-05-27T07:02:00
166,11,view,2026-05-27T07:02:00
66,14,view,2026-05-27T07:02:03
500,15,add_to_cart,2026-05-27T07:03:06
530,13,view,2026-05-27T07:04:00
118,16,view,2026-05-27T07:04:00
522,13,view,2026-05-27T07:08:00
646,16,view,2026-05-27T07:09:00
188,3,view,2026-05-27T07:09:00
620,6,view,2026-05-27T07:09:00
188,10,view,2026-05-27T07:09:06
530,13,add_to_cart,2026-05-27T07:10:27
226,11,view,2026-05-27T07:11:00
333,15,view,2026-05-27T07:12:00
541,13,view,2026-05-27T07:12:00
287,8,view,2026-05-27T07:12:00
500,12,view,2026-05-27T07:13:00
532,12,buy,2026-05-27T07:13:06
500,10,view,2026-05-27T07:13:37
36,7,view,2026-05-27T07:14:00
196,19,view,2026-05-27T07:14:00
226,11,add_to_cart,2026-05-27T07:14:51
522,15,view,2026-05-27T07:14:52
188,10,buy,2026-05-27T07:15:31
377,6,view,2026-05-27T07:16:00
434,10,view,2026-05-27T07:16:00
374,17,view,2026-05-27T07:17:00
620,7,view,2026-05-27T07:17:09
196,18,view,2026-05-27T07:17:26
9,19,view,2026-05-27T07:18:00
196,19,add_to_cart,2026-05-27T07:18:47
287,8,view,2026-05-27T07:18:57
465,19,view,2026-05-27T07:19:00
495,4,view,2026-05-27T07:20:00
36,7,buy,2026-05-27T07:20:24
113,14,view,2026-05-27T07:20:39
465,19,add_to_cart,2026-05-27T07:21:19
500,15,buy,2026-05-27T07:21:32
9,19,add_to_cart,2026-05-27T07:21:59
468,16,view,2026-05-27T07:22:00
468,16,add_to_cart,2026-05-27T07:23:17
321,8,view,2026-05-27T07:24:33
3,1,view,2026-05-27T07:25:00
592,13,view,2026-05-27T07:25:00
434,12,view,2026-05-27T07:25:13
531,5,view,2026-05-27T07:26:00
602,14,view,2026-05-27T07:26:00
92,12,view,2026-05-27T07:28:00
175,4,view,2026-05-27T07:28:00
635,16,view,2026-05-27T07:28:00
113,14,buy,2026-05-27T07:28:04
635,17,view,2026-05-27T07:28:31
382,11,view,2026-05-27T07:29:00
79,18,view,2026-05-27T07:29:00
531,5,view,2026-05-27T07:29:02
592,13,add_to_cart,2026-05-27T07:29:03
321,6,view,2026-05-27T07:29:42
246,10,view,2026-05-27T07:31:28
85,13,view,2026-05-27T07:32:00
79,18,add_to_cart,2026-05-27T07:32:35
215,6,view,2026-05-27T07:33:00
227,11,view,2026-05-27T07:33:00
453,18,view,2026-05-27T07:33:44
162,11,view,2026-05-27T07:34:00
92,12,add_to_cart,2026-05-27T07:34:01
592,13,buy,2026-05-27T07:34:03
92,10,view,2026-05-27T07:34:49
175,5,view,2026-05-27T07:34:56
43,17,view,2026-05-27T07:35:00
73,7,view,2026-05-27T07:35:00
262,13,view,2026-05-27T07:35:00
146,14,view,2026-05-27T07:35:00
311,1,view,2026-05-27T07:35:00
215,7,view,2026-05-27T07:35:11
453,18,add_to_cart,2026-05-27T07:35:12
531,5,buy,2026-05-27T07:35:17
615,8,view,2026-05-27T07:36:00
469,15,view,2026-05-27T07:36:00
620,11,view,2026-05-27T07:36:00
262,14,view,2026-05-27T07:36:48
620,11,add_to_cart,2026-05-27T07:36:56
246,10,add_to_cart,2026-05-27T07:37:11
530,13,buy,2026-05-27T07:37:19
215,6,add_to_cart,2026-05-27T07:37:52
315,4,view,2026-05-27T07:38:00
249,8,view,2026-05-27T07:38:00
262,13,add_to_cart,2026-05-27T07:38:30
610,8,view,2026-05-27T07:39:00
424,4,view,2026-05-27T07:39:00
417,9,view,2026-05-27T07:40:00
465,19,buy,2026-05-27T07:40:02
610,8,view,2026-05-27T07:40:22
469,15,add_to_cart,2026-05-27T07:40:28
615,8,add_to_cart,2026-05-27T07:40:43
73,7,add_to_cart,2026-05-27T07:41:03
36,7,view,2026-05-27T07:42:00
114,12,view,2026-05-27T07:42:00
616,13,view,2026-05-27T07:43:00
306,10,view,2026-05-27T07:43:00
139,5,view,2026-05-27T07:43:00
114,12,view,2026-05-27T07:44:27
73,7,buy,2026-05-27T07:44:28
437,18,view,2026-05-27T07:45:00
41,9,view,2026-05-27T07:45:00
417,9,add_to_cart,2026-05-27T07:45:04
616,13,add_to_cart,2026-05-27T07:46:26
474,14,view,2026-05-27T07:47:00
445,15,view,2026-05-27T07:47:00
154,14,view,2026-05-27T07:47:00
196,19,buy,2026-05-27T07:47:11
320,16,view,2026-05-27T07:48:00
49,19,view,2026-05-27T07:49:00
428,6,view,2026-05-27T07:49:00
65,6,view,2026-05-27T07:49:00
320,16,add_to_cart,2026-05-27T07:49:59
316,17,view,2026-05-27T07:50:09
320,17,view,2026-05-27T07:50:48
318,10,view,2026-05-27T07:51:00
269,17,view,2026-05-27T07:51:00
428,6,add_to_cart,2026-05-27T07:51:17
378,10,view,2026-05-27T07:52:00
51,16,view,2026-05-27T07:52:53
2,10,view,2026-05-27T07:53:00
22,17,view,2026-05-27T07:53:00
445,15,add_to_cart,2026-05-27T07:53:05
133,13,view,2026-05-27T07:54:00
290,13,view,2026-05-27T07:54:00
99,16,view,2026-05-27T07:54:00
230,10,view,2026-05-27T07:54:00
176,15,view,2026-05-27T07:54:33
318,10,add_to_cart,2026-05-27T07:55:09
585,6,view,2026-05-27T07:56:00
445,14,view,2026-05-27T07:56:14
262,13,buy,2026-05-27T07:56:28
2,10,add_to_cart,2026-05-27T07:56:40
133,13,view,2026-05-27T07:56:41
22,17,view,2026-05-27T07:56:44
65,7,view,2026-05-27T07:57:24
215,6,buy,2026-05-27T07:57:41
615,8,buy,2026-05-27T07:57:49
352,4,view,2026-05-27T07:58:00
176,15,add_to_cart,2026-05-27T07:59:24
537,9,view,2026-05-27T07:59:50
590,10,view,2026-05-27T08:00:00
290,13,add_to_cart,2026-05-27T08:00:50
269,17,buy,2026-05-27T08:01:39
502,17,view,2026-05-27T08:03:00
469,15,buy,2026-05-27T08:03:50
590,10,add_to_cart,2026-05-27T08:04:33
330,14,view,2026-05-27T08:04:40
89,19,view,2026-05-27T08:05:00
648,14,view,2026-05-27T08:06:00
451,15,view,2026-05-27T08:06:00
428,6,buy,2026-05-27T08:06:26
585,6,buy,2026-05-27T08:06:58
195,16,view,2026-05-27T08:07:00
371,15,view,2026-05-27T08:07:00
417,9,buy,2026-05-27T08:07:21
425,18,view,2026-05-27T08:08:00
348,18,view,2026-05-27T08:08:00
544,15,view,2026-05-27T08:08:00
498,13,view,2026-05-27T08:08:00
597,18,view,2026-05-27T08:09:00
218,13,view,2026-05-27T08:09:00
225,18,view,2026-05-27T08:09:00
348,19,view,2026-05-27T08:09:17
616,13,buy,2026-05-27T08:10:34
502,16,view,2026-05-27T08:11:17
648,14,add_to_cart,2026-05-27T08:11:30
330,14,add_to_cart,2026-05-27T08:11:32
410,10,view,2026-05-27T08:12:00
451,14,view,2026-05-27T08:12:19
330,15,view,2026-05-27T08:12:23
498,13,add_to_cart,2026-05-27T08:12:27
225,19,view,2026-05-27T08:13:09
318,10,buy,2026-05-27T08:13:19
544,15,add_to_cart,2026-05-27T08:13:52
198,17,view,2026-05-27T08:14:00
89,19,view,2026-05-27T08:14:29
2,10,buy,2026-05-27T08:14:35
496,6,view,2026-05-27T08:15:00
198,17,view,2026-05-27T08:15:03
218,13,add_to_cart,2026-05-27T08:15:38
343,6,view,2026-05-27T08:16:00
330,14,buy,2026-05-27T08:16:02
290,13,buy,2026-05-27T08:16:55
64,18,view,2026-05-27T08:17:00
312,13,view,2026-05-27T08:18:00
529,19,view,2026-05-27T08:18:00
370,14,view,2026-05-27T08:18:00
348,18,buy,2026-05-27T08:18:18
370,14,add_to_cart,2026-05-27T08:18:59
198,17,add_to_cart,2026-05-27T08:19:03
231,6,view,2026-05-27T08:20:00
31,12,view,2026-05-27T08:20:00
225,18,buy,2026-05-27T08:21:50
175,4,view,2026-05-27T08:23:00
17,9,view,2026-05-27T08:23:00
176,15,buy,2026-05-27T08:23:36
208,13,view,2026-05-27T08:24:00
17,9,add_to_cart,2026-05-27T08:24:54
567,7,view,2026-05-27T08:25:00
19,5,view,2026-05-27T08:25:00
157,19,view,2026-05-27T08:25:00
544,15,buy,2026-05-27T08:25:13
376,3,view,2026-05-27T08:27:00
336,4,view,2026-05-27T08:27:00
347,17,view,2026-05-27T08:27:00
442,10,view,2026-05-27T08:28:00
427,17,view,2026-05-27T08:28:00
157,19,add_to_cart,2026-05-27T08:28:12
87,7,view,2026-05-27T08:29:00
590,17,view,2026-05-27T08:29:00
175,4,add_to_cart,2026-05-27T08:29:42
531,1,view,2026-05-27T08:29:53
434,13,view,2026-05-27T08:31:08
290,15,view,2026-05-27T08:31:23
376,4,view,2026-05-27T08:31:35
590,17,add_to_cart,2026-05-27T08:35:24
55,18,view,2026-05-27T08:36:18
648,14,buy,2026-05-27T08:37:36
434,15,view,2026-05-27T08:37:38
198,17,buy,2026-05-27T08:38:33
17,9,buy,2026-05-27T08:38:48
498,13,buy,2026-05-27T08:39:45
555,18,view,2026-05-27T08:43:55
218,13,buy,2026-05-27T08:44:06
555,18,add_to_cart,2026-05-27T08:46:11
555,18,buy,2026-05-27T08:47:58
620,12,view,2026-05-27T08:47:58
94,16,view,2026-05-27T08:49:30
461,18,view,2026-05-27T08:53:21
175,4,buy,2026-05-27T08:55:24
486,10,view,2026-05-27T08:57:22
461,18,add_to_cart,2026-05-27T08:57:59
94,17,view,2026-05-27T08:59:18
117,6,view,2026-05-27T09:00:03
486,12,view,2026-05-27T09:01:08
255,18,view,2026-05-27T09:01:15
117,6,add_to_cart,2026-05-27T09:01:59
255,19,view,2026-05-27T09:02:24
590,17,buy,2026-05-27T09:02:36
236,11,view,2026-05-27T09:04:09
255,18,add_to_cart,2026-05-27T09:04:11
123,16,view,2026-05-27T09:04:49
117,9,view,2026-05-27T09:04:53
236,11,add_to_cart,2026-05-27T09:07:11
236,12,view,2026-05-27T09:07:38
524,12,view,2026-05-27T09:08:48
79,9,view,2026-05-27T09:10:04
524,12,add_to_cart,2026-05-27T09:10:04
139,1,view,2026-05-27T09:11:29
123,17,view,2026-05-27T09:11:55
21,18,view,2026-05-27T09:14:34
117,6,buy,2026-05-27T09:15:02
524,11,view,2026-05-27T09:16:58
21,18,add_to_cart,2026-05-27T09:17:05
451,4,view,2026-05-27T09:22:08
255,18,buy,2026-05-27T09:25:31
524,12,buy,2026-05-27T09:26:05
241,9,view,2026-05-27T09:26:22
220,12,view,2026-05-27T09:26:35
616,1,view,2026-05-27T09:29:12
616,1,add_to_cart,2026-05-27T09:30:54
539,10,view,2026-05-27T09:33:37
539,10,view,2026-05-27T09:36:19
469,19,view,2026-05-27T09:37:14
616,3,view,2026-05-27T09:37:53
21,18,buy,2026-05-27T09:38:37
215,18,view,2026-05-27T09:39:07
608,15,view,2026-05-27T09:39:29
117,19,view,2026-05-27T09:42:07
215,18,add_to_cart,2026-05-27T09:42:27
117,19,add_to_cart,2026-05-27T09:46:46
215,19,view,2026-05-27T09:47:15
248,15,view,2026-05-27T09:50:22
248,13,view,2026-05-27T09:51:27
422,10,view,2026-05-27T09:53:36
422,10,add_to_cart,2026-05-27T09:57:06
40,5,view,2026-05-27T10:00:07
248,15,buy,2026-05-27T10:00:31
487,18,view,2026-05-27T10:00:52
100,9,view,2026-05-27T10:04:20
117,19,buy,2026-05-27T10:04:49
487,18,add_to_cart,2026-05-27T10:06:55
642,10,view,2026-05-27T10:08:40
642,11,view,2026-05-27T10:09:08
215,18,buy,2026-05-27T10:09:55
100,9,add_to_cart,2026-05-27T10:10:13
40,5,buy,2026-05-27T10:11:36
372,6,view,2026-05-27T10:14:10
302,17,view,2026-05-27T10:16:17
46,17,view,2026-05-27T10:18:59
302,17,add_to_cart,2026-05-27T10:19:17
150,18,view,2026-05-27T10:20:11
150,18,add_to_cart,2026-05-27T10:21:11
487,18,buy,2026-05-27T10:23:31
422,10,buy,2026-05-27T10:24:07
150,19,view,2026-05-27T10:25:06
150,18,buy,2026-05-27T10:29:38
381,5,view,2026-05-27T10:36:46
381,5,add_to_cart,2026-05-27T10:39:15
381,4,view,2026-05-27T10:41:05
215,6,view,2026-05-27T11:09:21
215,9,view,2026-05-27T11:12:39
107,1,view,2026-05-27T11:16:28
107,1,view,2026-05-27T11:19:47
184,4,view,2026-05-27T11:23:00
277,19,view,2026-05-27T11:29:41
174,2,view,2026-05-27T11:29:53
584,1,view,2026-05-27T11:33:05
277,18,view,2026-05-27T11:34:07
4,9,view,2026-05-27T11:34:33
67,17,view,2026-05-27T11:38:01
144,4,view,2026-05-27T11:38:05
391,2,view,2026-05-27T11:38:35
584,5,view,2026-05-27T11:42:16
67,17,add_to_cart,2026-05-27T11:43:59
362,11,view,2026-05-27T11:47:26
362,11,add_to_cart,2026-05-27T11:49:54
362,10,view,2026-05-27T11:51:52
394,15,view,2026-05-27T11:58:50
261,8,view,2026-05-27T11:59:17
380,17,view,2026-05-27T11:59:19
611,17,view,2026-05-27T12:01:58
380,16,view,2026-05-27T12:02:59
611,16,view,2026-05-27T12:09:39
428,13,view,2026-05-27T12:13:02
428,13,add_to_cart,2026-05-27T12:13:44
611,17,buy,2026-05-27T12:13:56
248,5,view,2026-05-27T12:15:13
139,4,view,2026-05-27T12:18:28
59,17,view,2026-05-27T12:21:59
533,3,view,2026-05-27T12:24:20
599,18,view,2026-05-27T12:32:46
394,14,view,2026-05-27T12:33:08
579,5,view,2026-05-27T12:33:37
599,18,add_to_cart,2026-05-27T12:34:31
394,14,add_to_cart,2026-05-27T12:34:48
428,13,buy,2026-05-27T12:38:45
579,5,add_to_cart,2026-05-27T12:40:11
318,11,view,2026-05-27T12:40:42
318,12,view,2026-05-27T12:43:37
631,17,view,2026-05-27T13:02:45
291,3,view,2026-05-27T13:05:35
226,3,view,2026-05-27T13:05:51
157,13,view,2026-05-27T13:06:15
403,16,view,2026-05-27T13:07:00
494,11,view,2026-05-27T13:08:33
157,13,add_to_cart,2026-05-27T13:11:06
494,10,view,2026-05-27T13:11:38
355,17,view,2026-05-27T13:26:07
297,6,view,2026-05-27T13:28:06
297,6,add_to_cart,2026-05-27T13:28:41
582,10,view,2026-05-27T13:32:49
206,14,view,2026-05-27T13:33:20
157,13,buy,2026-05-27T13:35:45
297,9,view,2026-05-27T13:37:30
206,14,add_to_cart,2026-05-27T13:40:15
438,17,view,2026-05-27T13:41:13
438,17,add_to_cart,2026-05-27T13:46:33
438,17,view,2026-05-27T13:49:31
23,4,view,2026-05-27T13:52:42
497,4,view,2026-05-27T13:53:30
103,8,view,2026-05-27T13:59:30
5,19,view,2026-05-27T14:00:08
103,8,add_to_cart,2026-05-27T14:00:35
250,11,view,2026-05-27T14:01:05
5,19,add_to_cart,2026-05-27T14:02:15
5,19,view,2026-05-27T14:03:31
250,11,add_to_cart,2026-05-27T14:03:33
250,11,view,2026-05-27T14:05:33
57,6,view,2026-05-27T14:09:37
79,1,view,2026-05-27T14:16:14
57,7,view,2026-05-27T14:16:25
438,17,buy,2026-05-27T14:16:28
56,14,view,2026-05-27T14:16:41
250,11,buy,2026-05-27T14:16:59
103,8,buy,2026-05-27T14:19:43
89,19,view,2026-05-27T14:20:07
56,14,buy,2026-05-27T14:21:43
83,16,view,2026-05-27T14:21:47
34,10,view,2026-05-27T14:22:07
355,4,view,2026-05-27T14:22:52
89,18,view,2026-05-27T14:24:59
34,10,add_to_cart,2026-05-27T14:25:13
83,16,add_to_cart,2026-05-27T14:25:55
34,10,buy,2026-05-27T14:26:54
89,19,add_to_cart,2026-05-27T14:26:59
83,17,view,2026-05-27T14:29:02
517,18,view,2026-05-27T14:29:14
355,1,view,2026-05-27T14:30:07
5,19,buy,2026-05-27T14:31:36
517,18,add_to_cart,2026-05-27T14:32:52
517,19,view,2026-05-27T14:35:31
598,12,view,2026-05-27T14:39:03
89,19,buy,2026-05-27T14:39:30
229,19,view,2026-05-27T14:39:47
370,14,view,2026-05-27T14:40:40
598,10,view,2026-05-27T14:45:40
229,19,buy,2026-05-27T14:46:54
83,16,buy,2026-05-27T14:50:33
77,14,view,2026-05-27T14:51:22
181,18,view,2026-05-27T14:53:20
77,14,view,2026-05-27T14:54:58
77,14,add_to_cart,2026-05-27T14:55:32
168,14,view,2026-05-27T14:58:18
420,19,view,2026-05-27T15:00:09
378,11,view,2026-05-27T15:02:13
168,14,add_to_cart,2026-05-27T15:04:16
420,19,add_to_cart,2026-05-27T15:04:48
202,10,view,2026-05-27T15:06:16
168,14,buy,2026-05-27T15:06:43
202,10,add_to_cart,2026-05-27T15:08:01
420,18,view,2026-05-27T15:09:42
61,19,view,2026-05-27T15:12:36
479,11,view,2026-05-27T15:14:03
393,18,view,2026-05-27T15:14:39
61,19,view,2026-05-27T15:16:29
587,7,view,2026-05-27T15:16:32
587,7,add_to_cart,2026-05-27T15:17:33
437,14,view,2026-05-27T15:18:34
393,18,add_to_cart,2026-05-27T15:19:18
420,19,buy,2026-05-27T15:19:45
377,6,view,2026-05-27T15:21:21
437,14,add_to_cart,2026-05-27T15:24:17
377,6,buy,2026-05-27T15:26:20
435,4,view,2026-05-27T15:29:46
435,2,view,2026-05-27T15:32:05
209,18,view,2026-05-27T15:32:14
209,18,add_to_cart,2026-05-27T15:36:49
209,18,buy,2026-05-27T15:38:38
17,11,view,2026-05-27T15:40:11
17,11,view,2026-05-27T15:41:17
17,11,add_to_cart,2026-05-27T15:44:02
587,7,buy,2026-05-27T15:44:13
596,8,view,2026-05-27T15:44:48
66,13,view,2026-05-27T15:47:54
300,10,view,2026-05-27T15:49:06
66,13,add_to_cart,2026-05-27T15:50:37
17,11,buy,2026-05-27T15:52:29
57,11,view,2026-05-27T15:54:19
523,16,view,2026-05-27T15:54:57
384,13,view,2026-05-27T15:55:32
384,13,add_to_cart,2026-05-27T15:56:09
286,17,view,2026-05-27T15:57:47
384,13,buy,2026-05-27T16:00:10
57,11,buy,2026-05-27T16:03:56
286,17,add_to_cart,2026-05-27T16:04:03
12,17,view,2026-05-27T16:07:34
12,17,add_to_cart,2026-05-27T16:11:28
286,17,buy,2026-05-27T16:12:08
66,13,buy,2026-05-27T16:14:11
319,6,view,2026-05-27T16:18:18
642,13,view,2026-05-27T16:20:54
319,6,add_to_cart,2026-05-27T16:24:55
253,14,view,2026-05-27T16:25:01
642,13,add_to_cart,2026-05-27T16:25:58
95,6,view,2026-05-27T16:26:13
642,13,buy,2026-05-27T16:30:29
253,14,add_to_cart,2026-05-27T16:31:35
200,15,view,2026-05-27T16:31:48
509,15,view,2026-05-27T16:32:02
95,6,add_to_cart,2026-05-27T16:33:11
200,15,add_to_cart,2026-05-27T16:36:53
117,18,view,2026-05-27T16:37:59
285,14,view,2026-05-27T16:38:55
200,15,buy,2026-05-27T16:42:15
253,14,buy,2026-05-27T16:51:23
319,6,buy,2026-05-27T16:51:40
477,17,view,2026-05-27T16:59:59
115,16,view,2026-05-27T17:02:24
95,6,buy,2026-05-27T17:02:26
399,19,view,2026-05-27T17:03:30
632,3,view,2026-05-27T17:08:27
399,19,add_to_cart,2026-05-27T17:09:59
413,19,view,2026-05-27T17:10:53
632,3,add_to_cart,2026-05-27T17:11:35
632,3,buy,2026-05-27T17:14:40
236,16,view,2026-05-27T17:14:41
413,19,add_to_cart,2026-05-27T17:16:01
187,5,view,2026-05-27T17:17:04
413,18,view,2026-05-27T17:17:41
639,18,view,2026-05-27T17:19:07
236,16,view,2026-05-27T17:19:13
233,18,view,2026-05-27T17:40:15
49,9,view,2026-05-27T17:47:18
538,10,view,2026-05-27T17:47:26
49,6,view,2026-05-27T17:48:32
538,11,view,2026-05-27T17:51:12
526,16,view,2026-05-27T17:51:20
538,10,add_to_cart,2026-05-27T17:51:26
526,16,add_to_cart,2026-05-27T17:58:09
470,6,view,2026-05-27T17:58:58
538,10,buy,2026-05-27T18:01:40
470,6,add_to_cart,2026-05-27T18:02:29
367,8,view,2026-05-27T18:03:42
470,6,buy,2026-05-27T18:04:24
278,10,view,2026-05-27T18:04:54
367,8,add_to_cart,2026-05-27T18:05:04
209,19,view,2026-05-27T18:05:20
526,16,buy,2026-05-27T18:05:41
418,10,view,2026-05-27T18:07:12
131,17,view,2026-05-27T18:07:23
553,6,view,2026-05-27T18:07:24
112,14,view,2026-05-27T18:10:40
553,7,view,2026-05-27T18:10:41
112,1,view,2026-05-27T18:11:12
418,10,add_to_cart,2026-05-27T18:11:13
610,11,view,2026-05-27T18:12:12
209,19,add_to_cart,2026-05-27T18:12:18
131,17,add_to_cart,2026-05-27T18:12:36
209,19,buy,2026-05-27T18:13:42
367,8,buy,2026-05-27T18:14:36
131,17,buy,2026-05-27T18:16:20
46,16,view,2026-05-27T18:17:08
159,3,view,2026-05-27T18:19:23
114,13,view,2026-05-27T18:19:26
112,15,view,2026-05-27T18:19:52
334,16,view,2026-05-27T18:20:28
159,3,view,2026-05-27T18:21:19
114,13,view,2026-05-27T18:25:44
649,18,view,2026-05-27T18:26:35
27,17,view,2026-05-27T18:30:12
302,16,view,2026-05-27T18:42:16
302,16,view,2026-05-27T18:43:43
607,9,view,2026-05-27T18:44:10
607,9,add_to_cart,2026-05-27T18:49:07
480,15,view,2026-05-27T18:54:35
5,18,view,2026-05-27T18:56:28
480,15,add_to_cart,2026-05-27T18:58:02
142,17,view,2026-05-27T19:05:10
142,17,add_to_cart,2026-05-27T19:09:03
557,14,view,2026-05-27T19:15:14
480,15,buy,2026-05-27T19:18:35
641,6,view,2026-05-27T19:21:06
412,6,view,2026-05-27T19:22:17
412,6,add_to_cart,2026-05-27T19:23:42
641,6,add_to_cart,2026-05-27T19:23:47
296,12,view,2026-05-27T19:32:51
296,11,view,2026-05-27T19:35:24
142,17,buy,2026-05-27T19:36:22
264,19,view,2026-05-27T19:37:11
380,6,view,2026-05-27T19:37:31
573,5,view,2026-05-27T19:42:01
599,4,view,2026-05-27T19:44:05
10,14,view,2026-05-27T19:45:41
330,19,view,2026-05-27T19:45:54
202,10,view,2026-05-27T19:47:41
599,4,add_to_cart,2026-05-27T19:47:47
330,19,add_to_cart,2026-05-27T19:50:54
202,10,view,2026-05-27T19:51:08
618,11,view,2026-05-27T19:51:43
641,6,buy,2026-05-27T19:53:21
40,1,view,2026-05-27T19:53:53
618,10,view,2026-05-27T19:55:54
435,4,view,2026-05-27T19:58:23
220,10,view,2026-05-27T20:02:02
220,10,add_to_cart,2026-05-27T20:04:51
330,19,buy,2026-05-27T20:05:49
599,4,buy,2026-05-27T20:06:51
220,10,view,2026-05-27T20:11:48
518,10,view,2026-05-27T20:18:49
1,16,view,2026-05-27T20:20:01
518,10,add_to_cart,2026-05-27T20:23:55
1,17,view,2026-05-27T20:28:30
431,9,view,2026-05-27T20:41:20
534,17,view,2026-05-27T20:46:12
340,9,view,2026-05-27T20:47:23
452,7,view,2026-05-27T20:52:12
354,15,view,2026-05-27T20:52:34
452,7,add_to_cart,2026-05-27T20:55:03
161,19,view,2026-05-27T20:57:35
161,19,add_to_cart,2026-05-27T20:59:29
324,10,view,2026-05-27T21:00:29
279,6,view,2026-05-27T21:04:45
460,12,view,2026-05-27T21:08:03
460,12,add_to_cart,2026-05-27T21:09:27
452,7,buy,2026-05-27T21:14:33
369,19,view,2026-05-27T21:17:21
369,19,add_to_cart,2026-05-27T21:18:54
369,19,buy,2026-05-27T21:20:14
555,17,view,2026-05-27T21:23:23
440,2,view,2026-05-27T21:25:26
460,1,view,2026-05-27T21:26:56
249,18,view,2026-05-27T21:28:19
274,10,view,2026-05-27T21:28:33
614,11,view,2026-05-27T21:29:38
635,17,view,2026-05-27T21:33:02
249,18,add_to_cart,2026-05-27T21:34:14
460,5,view,2026-05-27T21:34:39
274,11,view,2026-05-27T21:36:58
10,14,view,2026-05-27T21:38:25
10,14,add_to_cart,2026-05-27T21:43:59
410,15,view,2026-05-27T21:44:23
463,10,view,2026-05-27T21:44:36
635,16,view,2026-05-27T21:47:49
437,19,view,2026-05-27T21:49:48
635,16,add_to_cart,2026-05-27T21:52:04
221,13,view,2026-05-27T21:52:35
574,11,view,2026-05-27T21:55:52
221,14,view,2026-05-27T21:56:23
574,10,view,2026-05-27T21:58:23
631,4,view,2026-05-27T22:00:51
573,15,view,2026-05-27T22:01:00
574,11,add_to_cart,2026-05-27T22:01:00
573,15,add_to_cart,2026-05-27T22:04:12
442,13,view,2026-05-27T22:04:56
572,6,view,2026-05-27T22:06:00
217,6,view,2026-05-27T22:08:56
442,13,add_to_cart,2026-05-27T22:09:32
530,19,view,2026-05-27T22:09:51
533,17,view,2026-05-27T22:10:00
306,10,view,2026-05-27T22:11:00
533,17,add_to_cart,2026-05-27T22:12:14
442,13,buy,2026-05-27T22:16:35
232,4,view,2026-05-27T22:17:00
533,17,view,2026-05-27T22:17:20
306,12,view,2026-05-27T22:20:55
42,14,view,2026-05-27T22:21:00
574,11,buy,2026-05-27T22:21:16
573,15,buy,2026-05-27T22:23:05
93,14,view,2026-05-27T22:24:22
238,12,view,2026-05-27T22:26:00
42,14,add_to_cart,2026-05-27T22:27:59
125,18,view,2026-05-27T22:30:00
93,14,add_to_cart,2026-05-27T22:30:20
353,19,view,2026-05-27T22:32:00
93,14,buy,2026-05-27T22:32:50
125,18,add_to_cart,2026-05-27T22:33:02
119,7,view,2026-05-27T22:34:00
339,5,view,2026-05-27T22:37:31
15,2,view,2026-05-27T22:40:00
63,9,view,2026-05-27T22:40:00
353,19,view,2026-05-27T22:41:23
603,5,view,2026-05-27T22:42:00
248,17,view,2026-05-27T22:43:02
536,13,view,2026-05-27T22:44:00
536,13,view,2026-05-27T22:45:26
42,14,buy,2026-05-27T22:45:32
339,2,view,2026-05-27T22:46:49
307,16,view,2026-05-27T22:47:00
603,2,view,2026-05-27T22:47:50
316,7,view,2026-05-27T22:48:16
41,18,view,2026-05-27T22:49:00
316,7,view,2026-05-27T22:50:08
41,18,add_to_cart,2026-05-27T22:50:14
248,17,view,2026-05-27T22:52:42
137,19,view,2026-05-27T22:53:11
504,13,view,2026-05-27T22:57:03
137,19,add_to_cart,2026-05-27T22:58:01
278,17,view,2026-05-27T22:58:17
504,13,add_to_cart,2026-05-27T23:00:34
137,18,view,2026-05-27T23:01:54
41,18,buy,2026-05-27T23:12:34
137,19,buy,2026-05-27T23:24:02
274,15,view,2026-05-28T07:00:24
78,17,view,2026-05-28T07:01:00
518,11,view,2026-05-28T07:02:00
555,4,view,2026-05-28T07:02:00
88,13,view,2026-05-28T07:02:29
428,7,view,2026-05-28T07:03:00
361,9,view,2026-05-28T07:03:00
361,7,view,2026-05-28T07:04:00
88,13,add_to_cart,2026-05-28T07:04:09
344,18,view,2026-05-28T07:05:00
437,19,view,2026-05-28T07:05:19
274,15,add_to_cart,2026-05-28T07:05:36
361,9,add_to_cart,2026-05-28T07:05:47
408,2,view,2026-05-28T07:06:00
518,11,add_to_cart,2026-05-28T07:06:23
190,12,view,2026-05-28T07:07:00
526,4,view,2026-05-28T07:07:00
78,17,view,2026-05-28T07:07:25
344,19,view,2026-05-28T07:07:43
428,7,add_to_cart,2026-05-28T07:07:46
200,4,view,2026-05-28T07:08:00
361,7,add_to_cart,2026-05-28T07:08:04
570,10,view,2026-05-28T07:09:00
96,1,view,2026-05-28T07:09:00
437,19,add_to_cart,2026-05-28T07:09:29
408,2,buy,2026-05-28T07:09:57
621,13,view,2026-05-28T07:11:00
576,4,view,2026-05-28T07:11:00
78,17,buy,2026-05-28T07:11:11
167,18,view,2026-05-28T07:12:00
621,14,view,2026-05-28T07:12:03
457,8,view,2026-05-28T07:13:00
70,17,view,2026-05-28T07:13:00
368,15,view,2026-05-28T07:13:00
274,15,buy,2026-05-28T07:14:58
401,8,view,2026-05-28T07:15:00
621,13,add_to_cart,2026-05-28T07:15:26
368,15,add_to_cart,2026-05-28T07:15:38
260,11,view,2026-05-28T07:16:00
45,18,view,2026-05-28T07:16:00
335,11,view,2026-05-28T07:16:00
88,13,buy,2026-05-28T07:16:03
260,11,add_to_cart,2026-05-28T07:16:51
128,5,view,2026-05-28T07:17:00
167,18,add_to_cart,2026-05-28T07:17:11
401,8,buy,2026-05-28T07:17:17
164,11,view,2026-05-28T07:18:00
467,2,view,2026-05-28T07:18:00
401,7,view,2026-05-28T07:18:43
282,14,view,2026-05-28T07:20:00
457,7,view,2026-05-28T07:20:11
507,16,view,2026-05-28T07:21:00
497,7,view,2026-05-28T07:21:00
282,14,add_to_cart,2026-05-28T07:21:57
137,19,view,2026-05-28T07:22:00
137,19,add_to_cart,2026-05-28T07:23:25
368,15,buy,2026-05-28T07:24:59
23,7,view,2026-05-28T07:26:00
448,11,view,2026-05-28T07:26:00
507,16,view,2026-05-28T07:26:33
196,10,view,2026-05-28T07:27:00
137,18,view,2026-05-28T07:27:56
46,12,view,2026-05-28T07:28:00
558,10,view,2026-05-28T07:29:00
602,6,view,2026-05-28T07:29:18
209,19,view,2026-05-28T07:30:00
79,18,view,2026-05-28T07:30:00
594,10,view,2026-05-28T07:30:00
36,11,view,2026-05-28T07:31:00
517,14,view,2026-05-28T07:31:38
299,18,view,2026-05-28T07:33:00
301,18,view,2026-05-28T07:33:01
517,15,view,2026-05-28T07:33:03
507,3,view,2026-05-28T07:33:04
196,12,view,2026-05-28T07:33:30
301,18,add_to_cart,2026-05-28T07:33:55
395,17,view,2026-05-28T07:34:00
418,10,view,2026-05-28T07:34:00
500,6,view,2026-05-28T07:35:00
418,11,view,2026-05-28T07:35:27
260,11,buy,2026-05-28T07:35:32
520,4,view,2026-05-28T07:36:00
561,2,view,2026-05-28T07:36:00
299,18,add_to_cart,2026-05-28T07:36:17
312,1,view,2026-05-28T07:37:00
28,9,view,2026-05-28T07:37:00
517,14,add_to_cart,2026-05-28T07:37:35
79,19,view,2026-05-28T07:37:54
484,10,view,2026-05-28T07:38:00
312,1,add_to_cart,2026-05-28T07:38:28
65,8,view,2026-05-28T07:39:00
538,15,view,2026-05-28T07:40:00
232,4,view,2026-05-28T07:40:00
447,8,view,2026-05-28T07:40:00
245,19,view,2026-05-28T07:41:00
543,12,view,2026-05-28T07:41:00
65,6,view,2026-05-28T07:41:02
167,18,buy,2026-05-28T07:41:21
301,19,view,2026-05-28T07:41:44
299,18,view,2026-05-28T07:42:04
137,19,buy,2026-05-28T07:42:33
520,4,add_to_cart,2026-05-28T07:42:57
232,4,add_to_cart,2026-05-28T07:42:58
28,9,add_to_cart,2026-05-28T07:43:09
294,16,view,2026-05-28T07:43:32
517,14,buy,2026-05-28T07:43:36
456,4,view,2026-05-28T07:44:17
238,12,view,2026-05-28T07:45:00
547,5,view,2026-05-28T07:45:00
537,7,view,2026-05-28T07:45:05
538,15,add_to_cart,2026-05-28T07:45:19
245,19,add_to_cart,2026-05-28T07:46:05
447,8,view,2026-05-28T07:46:41
547,1,view,2026-05-28T07:47:08
543,12,add_to_cart,2026-05-28T07:47:14
238,12,add_to_cart,2026-05-28T07:48:24
171,19,view,2026-05-28T07:50:00
390,12,view,2026-05-28T07:50:00
307,17,view,2026-05-28T07:50:00
294,16,add_to_cart,2026-05-28T07:50:29
177,19,view,2026-05-28T07:51:00
116,19,view,2026-05-28T07:51:00
307,17,add_to_cart,2026-05-28T07:51:06
116,19,add_to_cart,2026-05-28T07:51:52
540,8,view,2026-05-28T07:52:00
390,12,add_to_cart,2026-05-28T07:52:21
540,8,add_to_cart,2026-05-28T07:52:50
294,16,view,2026-05-28T07:52:54
602,19,view,2026-05-28T07:54:00
58,10,view,2026-05-28T07:54:00
527,2,view,2026-05-28T07:54:00
390,11,view,2026-05-28T07:55:53
301,18,buy,2026-05-28T07:56:10
33,18,view,2026-05-28T07:56:31
540,6,view,2026-05-28T07:56:34
171,19,add_to_cart,2026-05-28T07:56:53
332,6,view,2026-05-28T07:57:00
390,12,buy,2026-05-28T07:57:52
192,5,view,2026-05-28T07:58:00
106,15,view,2026-05-28T07:58:00
33,18,add_to_cart,2026-05-28T07:58:22
527,2,add_to_cart,2026-05-28T07:58:50
538,15,buy,2026-05-28T07:59:33
367,2,view,2026-05-28T08:00:00
367,2,view,2026-05-28T08:00:31
468,7,view,2026-05-28T08:01:00
477,14,view,2026-05-28T08:01:00
520,4,buy,2026-05-28T08:01:36
540,8,buy,2026-05-28T08:02:03
643,4,view,2026-05-28T08:03:00
197,19,view,2026-05-28T08:03:00
146,10,view,2026-05-28T08:04:00
609,8,view,2026-05-28T08:04:00
434,12,view,2026-05-28T08:04:00
3,5,view,2026-05-28T08:04:00
468,7,add_to_cart,2026-05-28T08:04:12
478,12,view,2026-05-28T08:04:21
106,15,add_to_cart,2026-05-28T08:04:54
366,16,view,2026-05-28T08:06:00
287,14,view,2026-05-28T08:06:00
312,1,buy,2026-05-28T08:07:35
11,4,view,2026-05-28T08:08:00
609,8,add_to_cart,2026-05-28T08:08:13
477,14,view,2026-05-28T08:08:54
595,2,view,2026-05-28T08:09:00
311,11,view,2026-05-28T08:09:00
565,10,view,2026-05-28T08:09:00
643,4,add_to_cart,2026-05-28T08:09:41
33,18,buy,2026-05-28T08:09:46
304,17,view,2026-05-28T08:10:00
3,4,view,2026-05-28T08:10:46
3,5,add_to_cart,2026-05-28T08:10:53
564,9,view,2026-05-28T08:11:00
232,4,buy,2026-05-28T08:11:35
304,17,add_to_cart,2026-05-28T08:11:36
311,11,add_to_cart,2026-05-28T08:11:38
468,7,buy,2026-05-28T08:12:37
243,17,view,2026-05-28T08:13:00
245,19,buy,2026-05-28T08:13:16
168,2,view,2026-05-28T08:14:04
163,3,view,2026-05-28T08:15:00
188,6,view,2026-05-28T08:15:00
238,12,buy,2026-05-28T08:15:14
168,4,view,2026-05-28T08:15:56
311,11,buy,2026-05-28T08:18:04
116,19,buy,2026-05-28T08:18:38
531,5,view,2026-05-28T08:19:00
25,18,view,2026-05-28T08:19:00
163,3,add_to_cart,2026-05-28T08:19:26
168,2,add_to_cart,2026-05-28T08:19:50
317,15,view,2026-05-28T08:20:00
63,19,view,2026-05-28T08:20:03
63,19,add_to_cart,2026-05-28T08:20:47
439,3,view,2026-05-28T08:21:00
188,7,view,2026-05-28T08:22:00
513,8,view,2026-05-28T08:22:00
643,4,buy,2026-05-28T08:22:20
481,18,view,2026-05-28T08:23:00
188,8,view,2026-05-28T08:23:22
171,19,buy,2026-05-28T08:24:57
25,8,view,2026-05-28T08:26:00
63,18,view,2026-05-28T08:26:05
137,7,view,2026-05-28T08:28:00
354,12,view,2026-05-28T08:28:00
513,6,view,2026-05-28T08:28:45
629,15,view,2026-05-28T08:29:00
554,18,view,2026-05-28T08:29:00
63,19,buy,2026-05-28T08:29:16
244,11,view,2026-05-28T08:29:31
223,18,view,2026-05-28T08:31:23
25,8,add_to_cart,2026-05-28T08:31:30
574,7,view,2026-05-28T08:34:31
439,3,buy,2026-05-28T08:34:46
64,2,view,2026-05-28T08:36:15
64,2,add_to_cart,2026-05-28T08:37:53
574,7,add_to_cart,2026-05-28T08:39:08
384,13,view,2026-05-28T08:43:08
574,7,buy,2026-05-28T08:45:34
482,11,view,2026-05-28T08:46:10
71,19,view,2026-05-28T08:48:03
482,11,add_to_cart,2026-05-28T08:48:04
280,1,view,2026-05-28T08:49:39
71,19,add_to_cart,2026-05-28T08:51:36
25,8,buy,2026-05-28T09:00:04
59,16,view,2026-05-28T09:01:19
171,10,view,2026-05-28T09:02:27
482,11,buy,2026-05-28T09:02:46
290,11,view,2026-05-28T09:05:30
511,11,view,2026-05-28T09:19:31
206,9,view,2026-05-28T09:20:20
206,9,add_to_cart,2026-05-28T09:21:54
498,13,view,2026-05-28T09:23:16
206,9,buy,2026-05-28T09:23:20
498,15,view,2026-05-28T09:24:39
498,13,add_to_cart,2026-05-28T09:24:56
198,10,view,2026-05-28T09:28:02
479,19,view,2026-05-28T09:30:11
198,10,add_to_cart,2026-05-28T09:31:00
511,11,buy,2026-05-28T09:32:41
11,17,view,2026-05-28T09:33:08
62,10,view,2026-05-28T09:34:16
11,17,view,2026-05-28T09:40:44
479,18,view,2026-05-28T09:42:14
413,18,view,2026-05-28T09:43:27
413,18,add_to_cart,2026-05-28T09:44:40
516,7,view,2026-05-28T09:45:41
203,4,view,2026-05-28T09:46:35
450,19,view,2026-05-28T09:47:14
92,6,view,2026-05-28T09:51:38
498,13,buy,2026-05-28T09:52:34
450,19,add_to_cart,2026-05-28T09:53:30
645,18,view,2026-05-28T09:56:06
263,19,view,2026-05-28T09:56:37
205,14,view,2026-05-28T09:57:15
356,16,view,2026-05-28T09:57:33
92,6,add_to_cart,2026-05-28T09:58:00
645,18,view,2026-05-28T09:59:55
645,18,add_to_cart,2026-05-28T10:02:20
356,17,view,2026-05-28T10:03:03
356,16,add_to_cart,2026-05-28T10:03:43
205,14,add_to_cart,2026-05-28T10:03:52
601,6,view,2026-05-28T10:08:04
450,19,buy,2026-05-28T10:08:48
296,4,view,2026-05-28T10:09:12
645,18,buy,2026-05-28T10:11:18
138,7,view,2026-05-28T10:13:45
205,14,buy,2026-05-28T10:17:15
296,1,view,2026-05-28T10:17:45
138,7,add_to_cart,2026-05-28T10:18:56
231,1,view,2026-05-28T10:21:49
177,11,view,2026-05-28T10:22:54
21,18,view,2026-05-28T10:24:31
92,6,buy,2026-05-28T10:26:59
138,7,buy,2026-05-28T10:31:03
125,14,view,2026-05-28T10:31:35
50,13,view,2026-05-28T10:31:53
434,19,view,2026-05-28T10:32:31
315,17,view,2026-05-28T10:33:03
125,14,add_to_cart,2026-05-28T10:35:27
309,10,view,2026-05-28T10:38:06
84,12,view,2026-05-28T10:39:30
280,5,view,2026-05-28T10:39:57
50,13,view,2026-05-28T10:40:00
419,2,view,2026-05-28T10:40:52
434,18,view,2026-05-28T10:42:20
84,12,add_to_cart,2026-05-28T10:43:08
638,5,view,2026-05-28T10:43:10
309,10,add_to_cart,2026-05-28T10:43:59
638,5,add_to_cart,2026-05-28T10:44:44
463,9,view,2026-05-28T10:47:13
193,6,view,2026-05-28T10:50:38
48,7,view,2026-05-28T10:51:40
251,10,view,2026-05-28T10:54:55
255,4,view,2026-05-28T10:55:34
48,9,view,2026-05-28T10:56:24
163,4,view,2026-05-28T10:56:40
125,14,buy,2026-05-28T10:57:01
255,1,view,2026-05-28T10:57:13
192,11,view,2026-05-28T10:57:57
463,9,buy,2026-05-28T10:59:05
251,10,add_to_cart,2026-05-28T10:59:14
597,10,view,2026-05-28T11:02:02
309,10,buy,2026-05-28T11:03:55
126,10,view,2026-05-28T11:06:03
362,12,view,2026-05-28T11:08:11
362,12,add_to_cart,2026-05-28T11:10:06
126,10,add_to_cart,2026-05-28T11:11:48
467,7,view,2026-05-28T11:12:01
389,18,view,2026-05-28T11:13:27
389,18,add_to_cart,2026-05-28T11:15:13
362,12,view,2026-05-28T11:17:17
471,4,view,2026-05-28T11:18:54
362,12,buy,2026-05-28T11:18:55
467,8,view,2026-05-28T11:19:50
471,4,add_to_cart,2026-05-28T11:20:49
389,18,view,2026-05-28T11:21:04
471,1,view,2026-05-28T11:22:04
389,18,buy,2026-05-28T11:22:49
32,14,view,2026-05-28T11:23:06
21,9,view,2026-05-28T11:25:14
126,10,buy,2026-05-28T11:28:31
647,19,view,2026-05-28T11:28:58
125,13,view,2026-05-28T11:29:14
300,7,view,2026-05-28T11:30:05
647,19,add_to_cart,2026-05-28T11:30:20
201,7,view,2026-05-28T11:30:42
17,6,view,2026-05-28T11:30:57
201,7,add_to_cart,2026-05-28T11:32:48
208,15,view,2026-05-28T11:33:07
21,7,view,2026-05-28T11:33:35
30,17,view,2026-05-28T11:40:24
30,17,add_to_cart,2026-05-28T11:41:03
30,16,view,2026-05-28T11:42:10
20,17,view,2026-05-28T11:44:46
619,3,view,2026-05-28T11:45:05
17,19,view,2026-05-28T11:47:28
205,18,view,2026-05-28T11:47:37
518,11,view,2026-05-28T11:48:51
354,11,view,2026-05-28T11:50:38
205,18,add_to_cart,2026-05-28T11:51:26
20,17,view,2026-05-28T11:52:27
619,2,view,2026-05-28T11:53:25
333,14,view,2026-05-28T11:54:45
19,17,view,2026-05-28T11:56:15
333,14,add_to_cart,2026-05-28T11:57:38
19,17,add_to_cart,2026-05-28T11:59:07
489,18,view,2026-05-28T12:00:23
205,18,buy,2026-05-28T12:03:02
595,3,view,2026-05-28T12:04:08
408,2,view,2026-05-28T12:07:20
408,2,add_to_cart,2026-05-28T12:13:55
386,13,view,2026-05-28T12:14:21
386,13,view,2026-05-28T12:15:05
386,13,add_to_cart,2026-05-28T12:18:22
518,9,view,2026-05-28T12:18:31
462,10,view,2026-05-28T12:19:48
333,14,buy,2026-05-28T12:21:28
367,18,view,2026-05-28T12:23:13
210,11,view,2026-05-28T12:24:22
210,10,view,2026-05-28T12:25:34
611,12,view,2026-05-28T12:30:56
386,13,buy,2026-05-28T12:36:26
624,15,view,2026-05-28T12:36:47
278,16,view,2026-05-28T12:45:36
188,11,view,2026-05-28T12:46:25
130,11,view,2026-05-28T13:04:13
522,12,view,2026-05-28T13:13:58
210,13,view,2026-05-28T13:18:01
210,14,view,2026-05-28T13:18:30
327,7,view,2026-05-28T13:18:51
522,12,add_to_cart,2026-05-28T13:20:48
210,13,add_to_cart,2026-05-28T13:24:26
153,19,view,2026-05-28T13:40:27
318,10,view,2026-05-28T13:40:43
478,11,view,2026-05-28T13:48:11
68,14,view,2026-05-28T13:52:36
239,12,view,2026-05-28T13:54:26
68,13,view,2026-05-28T13:56:24
68,14,add_to_cart,2026-05-28T13:56:56
68,14,buy,2026-05-28T14:02:47
633,19,view,2026-05-28T14:06:56
633,19,add_to_cart,2026-05-28T14:13:01
351,5,view,2026-05-28T14:14:58
578,10,view,2026-05-28T14:15:28
234,16,view,2026-05-28T14:18:11
6,17,view,2026-05-28T14:19:18
351,3,view,2026-05-28T14:19:42
6,17,view,2026-05-28T14:19:56
625,18,view,2026-05-28T14:22:32
625,18,view,2026-05-28T14:23:48
625,18,add_to_cart,2026-05-28T14:24:00
625,18,buy,2026-05-28T14:28:54
399,5,view,2026-05-28T14:32:23
399,5,add_to_cart,2026-05-28T14:33:01
198,16,view,2026-05-28T14:38:36
399,4,view,2026-05-28T14:42:01
535,3,view,2026-05-28T14:42:06
147,1,view,2026-05-28T14:42:20
126,10,view,2026-05-28T14:43:13
353,9,view,2026-05-28T14:44:40
126,10,add_to_cart,2026-05-28T14:46:54
353,7,view,2026-05-28T14:48:34
147,1,add_to_cart,2026-05-28T14:48:53
216,14,view,2026-05-28T14:55:43
411,13,view,2026-05-28T14:56:31
216,13,view,2026-05-28T14:57:14
46,17,view,2026-05-28T14:59:00
147,1,buy,2026-05-28T15:01:57
411,13,add_to_cart,2026-05-28T15:02:58
89,12,view,2026-05-28T15:03:05
126,10,buy,2026-05-28T15:05:53
66,12,view,2026-05-28T15:08:14
143,3,view,2026-05-28T15:10:50
66,10,view,2026-05-28T15:13:28
319,7,view,2026-05-28T15:15:48
411,13,buy,2026-05-28T15:31:10
166,17,view,2026-05-28T15:32:25
579,5,view,2026-05-28T15:36:22
166,17,add_to_cart,2026-05-28T15:38:08
166,17,view,2026-05-28T15:41:09
611,16,view,2026-05-28T15:48:00
161,18,view,2026-05-28T15:55:02
468,6,view,2026-05-28T15:55:38
478,17,view,2026-05-28T15:57:47
166,17,buy,2026-05-28T15:59:51
478,17,add_to_cart,2026-05-28T16:00:52
480,3,view,2026-05-28T16:05:15
527,4,view,2026-05-28T16:19:28
40,3,view,2026-05-28T16:26:36
478,17,buy,2026-05-28T16:27:10
274,14,view,2026-05-28T16:43:58
459,4,view,2026-05-28T16:44:46
417,9,view,2026-05-28T16:47:52
494,16,view,2026-05-28T16:49:47
101,13,view,2026-05-28T16:54:31
336,5,view,2026-05-28T16:55:26
361,19,view,2026-05-28T16:55:29
571,17,view,2026-05-28T16:55:45
494,17,view,2026-05-28T16:56:14
101,13,add_to_cart,2026-05-28T16:58:07
279,8,view,2026-05-28T17:07:32
448,17,view,2026-05-28T17:14:02
357,8,view,2026-05-28T17:14:10
357,8,add_to_cart,2026-05-28T17:19:34
539,17,view,2026-05-28T17:19:34
448,16,view,2026-05-28T17:19:47
513,9,view,2026-05-28T17:20:00
633,7,view,2026-05-28T17:25:58
513,9,add_to_cart,2026-05-28T17:25:58
415,8,view,2026-05-28T17:28:06
298,13,view,2026-05-28T17:28:18
518,16,view,2026-05-28T17:28:57
598,17,view,2026-05-28T17:29:19
298,13,add_to_cart,2026-05-28T17:29:20
518,16,add_to_cart,2026-05-28T17:31:59
633,7,add_to_cart,2026-05-28T17:32:22
228,9,view,2026-05-28T17:34:43
513,9,buy,2026-05-28T17:35:59
24,4,view,2026-05-28T17:37:21
523,4,view,2026-05-28T17:38:17
633,7,buy,2026-05-28T17:47:27
281,18,view,2026-05-28T17:57:31
552,13,view,2026-05-28T18:08:10
552,13,view,2026-05-28T18:09:28
193,8,view,2026-05-28T18:11:39
193,8,add_to_cart,2026-05-28T18:17:00
113,19,view,2026-05-28T18:18:53
65,7,view,2026-05-28T18:19:27
65,7,add_to_cart,2026-05-28T18:20:19
113,19,add_to_cart,2026-05-28T18:20:33
65,7,view,2026-05-28T18:28:16
289,18,view,2026-05-28T18:34:55
113,19,buy,2026-05-28T18:43:46
614,10,view,2026-05-28T18:46:02
70,6,view,2026-05-28T18:52:41
510,10,view,2026-05-28T18:55:02
445,11,view,2026-05-28T19:01:31
444,6,view,2026-05-28T19:01:42
157,18,view,2026-05-28T19:02:14
444,9,view,2026-05-28T19:02:32
157,18,add_to_cart,2026-05-28T19:06:54
445,11,view,2026-05-28T19:09:18
157,18,buy,2026-05-28T19:14:37
268,9,view,2026-05-28T19:14:50
91,17,view,2026-05-28T19:15:44
74,19,view,2026-05-28T19:16:28
435,1,view,2026-05-28T19:18:27
74,19,view,2026-05-28T19:20:29
597,1,view,2026-05-28T19:21:05
91,17,add_to_cart,2026-05-28T19:21:14
435,1,add_to_cart,2026-05-28T19:21:42
229,18,view,2026-05-28T19:22:12
341,17,view,2026-05-28T19:29:14
91,17,buy,2026-05-28T19:34:13
571,1,view,2026-05-28T19:38:49
540,14,view,2026-05-28T19:41:51
540,14,add_to_cart,2026-05-28T19:46:05
569,19,view,2026-05-28T19:48:14
569,19,add_to_cart,2026-05-28T19:48:53
319,4,view,2026-05-28T19:53:25
403,16,view,2026-05-28T19:56:32
101,19,view,2026-05-28T19:59:47
569,19,buy,2026-05-28T20:00:59
442,13,view,2026-05-28T20:01:01
56,13,view,2026-05-28T20:10:48
613,13,view,2026-05-28T20:16:15
638,4,view,2026-05-28T20:18:22
322,14,view,2026-05-28T20:18:55
613,13,buy,2026-05-28T20:23:15
322,14,add_to_cart,2026-05-28T20:24:19
472,4,view,2026-05-28T20:26:42
258,15,view,2026-05-28T20:27:55
598,10,view,2026-05-28T20:31:15
391,7,view,2026-05-28T20:32:03
472,4,add_to_cart,2026-05-28T20:33:24
242,12,view,2026-05-28T20:34:20
598,10,add_to_cart,2026-05-28T20:34:24
472,4,view,2026-05-28T20:34:48
258,14,view,2026-05-28T20:34:52
483,1,view,2026-05-28T20:35:10
351,19,view,2026-05-28T20:35:14
483,4,view,2026-05-28T20:38:19
598,10,buy,2026-05-28T20:41:49
252,10,view,2026-05-28T20:45:28
629,6,view,2026-05-28T20:46:24
629,6,add_to_cart,2026-05-28T20:50:18
322,14,buy,2026-05-28T20:50:42
438,16,view,2026-05-28T20:52:05
438,16,add_to_cart,2026-05-28T20:53:41
629,8,view,2026-05-28T20:55:10
596,12,view,2026-05-28T21:00:51
596,12,add_to_cart,2026-05-28T21:02:31
202,14,view,2026-05-28T21:02:43
391,6,view,2026-05-28T21:07:36
391,6,add_to_cart,2026-05-28T21:08:52
596,11,view,2026-05-28T21:10:07
398,2,view,2026-05-28T21:10:08
160,7,view,2026-05-28T21:10:11
391,7,view,2026-05-28T21:11:11
202,13,view,2026-05-28T21:12:11
483,6,view,2026-05-28T21:13:34
629,6,buy,2026-05-28T21:16:28
365,7,view,2026-05-28T21:17:47
483,6,add_to_cart,2026-05-28T21:19:01
397,18,view,2026-05-28T21:22:47
102,13,view,2026-05-28T21:26:24
591,1,view,2026-05-28T21:27:37
391,6,buy,2026-05-28T21:27:59
397,18,add_to_cart,2026-05-28T21:28:01
556,11,view,2026-05-28T21:29:17
102,13,add_to_cart,2026-05-28T21:30:34
102,13,buy,2026-05-28T21:32:20
102,15,view,2026-05-28T21:32:36
339,16,view,2026-05-28T21:33:50
603,17,view,2026-05-28T21:38:51
603,17,add_to_cart,2026-05-28T21:44:59
356,10,view,2026-05-28T21:46:17
421,19,view,2026-05-28T21:54:59
356,10,view,2026-05-28T21:56:01
64,5,view,2026-05-28T22:01:18
226,10,view,2026-05-28T22:06:00
255,11,view,2026-05-28T22:08:00
404,6,view,2026-05-28T22:09:22
404,6,add_to_cart,2026-05-28T22:13:13
41,11,view,2026-05-28T22:14:35
555,17,view,2026-05-28T22:15:00
467,16,view,2026-05-28T22:15:00
110,17,view,2026-05-28T22:15:46
535,17,view,2026-05-28T22:18:00
535,17,view,2026-05-28T22:18:31
555,17,add_to_cart,2026-05-28T22:21:28
345,18,view,2026-05-28T22:21:51
555,16,view,2026-05-28T22:24:05
351,17,view,2026-05-28T22:28:00
345,18,add_to_cart,2026-05-28T22:28:17
16,17,view,2026-05-28T22:28:52
221,18,view,2026-05-28T22:31:00
168,1,view,2026-05-28T22:31:27
409,19,view,2026-05-28T22:32:00
116,6,view,2026-05-28T22:32:00
259,17,view,2026-05-28T22:33:00
313,18,view,2026-05-28T22:33:00
409,18,view,2026-05-28T22:33:12
313,18,add_to_cart,2026-05-28T22:33:37
168,1,add_to_cart,2026-05-28T22:34:17
596,7,view,2026-05-28T22:34:33
16,17,view,2026-05-28T22:34:47
97,8,view,2026-05-28T22:35:00
298,19,view,2026-05-28T22:35:00
112,13,view,2026-05-28T22:35:00
57,2,view,2026-05-28T22:35:44
409,19,add_to_cart,2026-05-28T22:35:55
40,4,view,2026-05-28T22:36:46
259,17,add_to_cart,2026-05-28T22:37:50
313,18,view,2026-05-28T22:38:22
116,6,add_to_cart,2026-05-28T22:38:40
112,13,add_to_cart,2026-05-28T22:40:22
298,18,view,2026-05-28T22:40:34
441,9,view,2026-05-28T22:41:00
168,1,view,2026-05-28T22:41:22
404,6,buy,2026-05-28T22:41:31
481,18,view,2026-05-28T22:41:32
224,1,view,2026-05-28T22:42:00
355,3,view,2026-05-28T22:42:05
447,18,view,2026-05-28T22:43:00
542,16,view,2026-05-28T22:43:21
313,18,buy,2026-05-28T22:44:20
481,18,add_to_cart,2026-05-28T22:46:34
355,5,view,2026-05-28T22:48:00
577,18,view,2026-05-28T22:49:00
220,9,view,2026-05-28T22:50:22
629,13,view,2026-05-28T22:51:32
410,14,view,2026-05-28T22:55:30
409,19,buy,2026-05-28T23:02:09
83,17,view,2026-05-29T07:00:00
176,16,view,2026-05-29T07:00:00
572,6,view,2026-05-29T07:00:27
176,16,add_to_cart,2026-05-29T07:01:23
436,11,view,2026-05-29T07:02:00
180,6,view,2026-05-29T07:04:00
279,14,view,2026-05-29T07:04:00
221,14,view,2026-05-29T07:04:00
83,17,add_to_cart,2026-05-29T07:04:32
548,12,view,2026-05-29T07:04:41
147,10,view,2026-05-29T07:04:54
153,18,view,2026-05-29T07:05:00
399,9,view,2026-05-29T07:05:00
153,18,add_to_cart,2026-05-29T07:06:29
396,7,view,2026-05-29T07:06:37
373,18,view,2026-05-29T07:06:39
221,14,add_to_cart,2026-05-29T07:06:48
155,2,view,2026-05-29T07:07:00
279,14,add_to_cart,2026-05-29T07:07:21
437,18,view,2026-05-29T07:08:00
450,12,view,2026-05-29T07:08:00
436,11,add_to_cart,2026-05-29T07:08:40
289,18,view,2026-05-29T07:08:46
512,14,view,2026-05-29T07:09:00
399,9,add_to_cart,2026-05-29T07:09:43
470,10,view,2026-05-29T07:10:00
180,6,add_to_cart,2026-05-29T07:10:59
360,3,view,2026-05-29T07:11:00
289,18,view,2026-05-29T07:11:20
117,16,view,2026-05-29T07:12:00
408,14,view,2026-05-29T07:13:00
399,8,view,2026-05-29T07:13:02
117,16,view,2026-05-29T07:13:50
263,6,view,2026-05-29T07:14:00
360,3,add_to_cart,2026-05-29T07:14:07
450,12,view,2026-05-29T07:14:10
512,14,add_to_cart,2026-05-29T07:14:50
408,14,add_to_cart,2026-05-29T07:14:53
195,17,view,2026-05-29T07:15:00
606,16,view,2026-05-29T07:15:00
520,14,view,2026-05-29T07:15:00
282,10,view,2026-05-29T07:15:00
392,14,view,2026-05-29T07:15:00
180,6,buy,2026-05-29T07:15:02
470,10,add_to_cart,2026-05-29T07:15:47
544,5,view,2026-05-29T07:16:00
263,6,add_to_cart,2026-05-29T07:17:30
26,1,view,2026-05-29T07:18:00
165,18,view,2026-05-29T07:19:25
520,14,add_to_cart,2026-05-29T07:19:28
595,16,view,2026-05-29T07:20:00
185,8,view,2026-05-29T07:20:00
555,5,view,2026-05-29T07:20:09
195,17,add_to_cart,2026-05-29T07:20:11
408,14,buy,2026-05-29T07:20:17
185,8,add_to_cart,2026-05-29T07:20:44
606,16,add_to_cart,2026-05-29T07:20:51
220,12,view,2026-05-29T07:22:00
213,19,view,2026-05-29T07:23:00
453,19,view,2026-05-29T07:23:00
263,6,view,2026-05-29T07:23:08
263,6,buy,2026-05-29T07:23:08
555,5,add_to_cart,2026-05-29T07:23:52
524,2,view,2026-05-29T07:24:00
234,10,view,2026-05-29T07:24:28
165,19,view,2026-05-29T07:24:39
150,12,view,2026-05-29T07:25:00
524,4,view,2026-05-29T07:25:06
26,3,view,2026-05-29T07:25:10
150,10,view,2026-05-29T07:26:34
392,13,view,2026-05-29T07:27:00
524,2,buy,2026-05-29T07:27:26
470,10,buy,2026-05-29T07:27:48
415,19,view,2026-05-29T07:29:00
520,12,view,2026-05-29T07:29:00
453,19,add_to_cart,2026-05-29T07:29:28
195,17,buy,2026-05-29T07:31:33
221,14,buy,2026-05-29T07:32:08
415,19,add_to_cart,2026-05-29T07:32:40
481,16,view,2026-05-29T07:35:10
545,18,view,2026-05-29T07:36:00
372,10,view,2026-05-29T07:37:00
442,14,view,2026-05-29T07:37:00
399,9,buy,2026-05-29T07:37:06
545,18,add_to_cart,2026-05-29T07:37:27
442,14,add_to_cart,2026-05-29T07:37:50
346,13,view,2026-05-29T07:38:00
136,2,view,2026-05-29T07:40:00
417,2,view,2026-05-29T07:40:00
442,14,view,2026-05-29T07:41:22
344,13,view,2026-05-29T07:41:54
569,18,view,2026-05-29T07:42:00
47,3,view,2026-05-29T07:42:00
453,19,buy,2026-05-29T07:42:39
442,14,buy,2026-05-29T07:43:12
600,13,view,2026-05-29T07:44:00
374,12,view,2026-05-29T07:44:00
512,14,buy,2026-05-29T07:44:01
136,2,add_to_cart,2026-05-29T07:44:08
346,13,add_to_cart,2026-05-29T07:44:12
404,11,view,2026-05-29T07:45:00
545,8,view,2026-05-29T07:45:00
499,5,view,2026-05-29T07:45:00
569,18,add_to_cart,2026-05-29T07:45:10
600,13,add_to_cart,2026-05-29T07:45:32
603,4,view,2026-05-29T07:46:00
606,16,buy,2026-05-29T07:46:17
150,10,view,2026-05-29T07:48:00
309,18,view,2026-05-29T07:48:00
344,13,add_to_cart,2026-05-29T07:48:53
344,15,view,2026-05-29T07:49:20
404,11,add_to_cart,2026-05-29T07:49:23
47,2,view,2026-05-29T07:49:34
499,4,view,2026-05-29T07:49:47
150,10,add_to_cart,2026-05-29T07:50:05
494,16,view,2026-05-29T07:50:10
404,11,view,2026-05-29T07:50:33
374,12,add_to_cart,2026-05-29T07:50:38
309,18,add_to_cart,2026-05-29T07:50:39
374,12,view,2026-05-29T07:51:18
603,4,add_to_cart,2026-05-29T07:51:32
244,11,view,2026-05-29T07:52:00
297,7,view,2026-05-29T07:52:21
333,19,view,2026-05-29T07:53:00
573,9,view,2026-05-29T07:53:00
150,10,buy,2026-05-29T07:53:12
23,19,view,2026-05-29T07:54:00
344,13,buy,2026-05-29T07:54:24
47,3,buy,2026-05-29T07:54:41
600,13,buy,2026-05-29T07:54:45
116,10,view,2026-05-29T07:55:00
573,9,add_to_cart,2026-05-29T07:55:50
309,18,view,2026-05-29T07:55:57
237,19,view,2026-05-29T07:56:00
416,16,view,2026-05-29T07:56:00
116,10,add_to_cart,2026-05-29T07:56:10
297,7,add_to_cart,2026-05-29T07:56:38
98,15,view,2026-05-29T07:57:00
606,11,view,2026-05-29T07:58:00
569,18,buy,2026-05-29T07:58:34
606,11,add_to_cart,2026-05-29T07:58:56
65,7,view,2026-05-29T07:59:00
297,7,buy,2026-05-29T07:59:26
171,7,view,2026-05-29T08:00:00
2,13,view,2026-05-29T08:00:00
98,15,add_to_cart,2026-05-29T08:00:27
23,19,add_to_cart,2026-05-29T08:00:44
549,13,view,2026-05-29T08:01:00
573,8,view,2026-05-29T08:02:16
333,18,view,2026-05-29T08:02:56
149,19,view,2026-05-29T08:03:00
9,7,view,2026-05-29T08:05:00
374,12,buy,2026-05-29T08:05:33
65,7,add_to_cart,2026-05-29T08:05:50
2,13,view,2026-05-29T08:05:53
425,9,view,2026-05-29T08:07:00
549,13,view,2026-05-29T08:07:42
9,7,add_to_cart,2026-05-29T08:07:52
573,9,buy,2026-05-29T08:09:14
404,11,buy,2026-05-29T08:09:19
231,4,view,2026-05-29T08:10:00
346,13,buy,2026-05-29T08:10:45
633,19,view,2026-05-29T08:11:11
461,19,view,2026-05-29T08:12:00
535,6,view,2026-05-29T08:12:00
461,19,add_to_cart,2026-05-29T08:13:14
425,9,add_to_cart,2026-05-29T08:13:33
459,4,view,2026-05-29T08:13:34
231,4,add_to_cart,2026-05-29T08:14:03
603,4,buy,2026-05-29T08:14:25
388,6,view,2026-05-29T08:15:00
149,19,buy,2026-05-29T08:15:16
209,17,view,2026-05-29T08:17:00
307,1,view,2026-05-29T08:17:00
459,4,add_to_cart,2026-05-29T08:17:59
344,1,view,2026-05-29T08:18:00
110,10,view,2026-05-29T08:18:00
509,15,view,2026-05-29T08:18:00
104,3,view,2026-05-29T08:18:00
630,11,view,2026-05-29T08:18:00
35,16,view,2026-05-29T08:18:00
209,17,view,2026-05-29T08:18:43
474,15,view,2026-05-29T08:19:00
397,13,view,2026-05-29T08:19:00
114,13,view,2026-05-29T08:19:00
461,19,buy,2026-05-29T08:19:59
400,13,view,2026-05-29T08:20:00
425,9,buy,2026-05-29T08:20:17
633,19,view,2026-05-29T08:20:20
107,17,view,2026-05-29T08:21:00
630,11,add_to_cart,2026-05-29T08:22:41
433,18,view,2026-05-29T08:23:00
509,15,add_to_cart,2026-05-29T08:23:13
509,14,view,2026-05-29T08:23:27
114,13,add_to_cart,2026-05-29T08:23:32
439,6,view,2026-05-29T08:23:52
98,15,buy,2026-05-29T08:23:53
10,10,view,2026-05-29T08:24:19
400,13,add_to_cart,2026-05-29T08:24:21
231,4,buy,2026-05-29T08:24:22
82,10,view,2026-05-29T08:25:00
397,13,add_to_cart,2026-05-29T08:25:18
459,4,buy,2026-05-29T08:25:37
647,14,view,2026-05-29T08:26:00
513,1,view,2026-05-29T08:26:00
601,7,view,2026-05-29T08:26:00
35,17,view,2026-05-29T08:26:22
16,15,view,2026-05-29T08:27:00
10,11,view,2026-05-29T08:27:42
261,18,view,2026-05-29T08:28:00
281,9,view,2026-05-29T08:28:00
601,7,add_to_cart,2026-05-29T08:28:02
433,18,add_to_cart,2026-05-29T08:28:25
261,18,view,2026-05-29T08:29:00
513,1,add_to_cart,2026-05-29T08:30:31
601,6,view,2026-05-29T08:30:59
107,17,buy,2026-05-29T08:31:03
16,15,add_to_cart,2026-05-29T08:31:22
261,18,add_to_cart,2026-05-29T08:31:40
9,7,buy,2026-05-29T08:32:01
82,12,view,2026-05-29T08:32:32
509,15,buy,2026-05-29T08:32:57
601,7,buy,2026-05-29T08:35:10
92,6,view,2026-05-29T08:36:29
504,4,view,2026-05-29T08:37:13
187,3,view,2026-05-29T08:38:15
526,17,view,2026-05-29T08:42:00
526,16,view,2026-05-29T08:42:39
209,9,view,2026-05-29T08:42:41
92,6,add_to_cart,2026-05-29T08:42:43
630,11,buy,2026-05-29T08:44:32
205,10,view,2026-05-29T08:47:25
205,10,add_to_cart,2026-05-29T08:53:41
433,18,buy,2026-05-29T08:57:09
419,5,view,2026-05-29T08:57:18
261,18,buy,2026-05-29T08:59:10
167,1,view,2026-05-29T08:59:40
495,6,view,2026-05-29T09:02:10
591,9,view,2026-05-29T09:02:13
167,1,add_to_cart,2026-05-29T09:02:42
419,4,view,2026-05-29T09:02:42
419,5,add_to_cart,2026-05-29T09:04:04
591,9,add_to_cart,2026-05-29T09:04:33
646,10,view,2026-05-29T09:05:38
579,5,view,2026-05-29T09:05:49
205,10,buy,2026-05-29T09:06:17
495,6,add_to_cart,2026-05-29T09:08:06
92,6,buy,2026-05-29T09:08:16
167,1,buy,2026-05-29T09:09:26
579,1,view,2026-05-29T09:10:00
524,14,view,2026-05-29T09:10:27
581,5,view,2026-05-29T09:14:53
524,14,add_to_cart,2026-05-29T09:15:50
591,9,buy,2026-05-29T09:22:16
537,9,view,2026-05-29T09:25:38
392,16,view,2026-05-29T09:25:59
31,19,view,2026-05-29T09:28:03
530,12,view,2026-05-29T09:28:06
31,19,add_to_cart,2026-05-29T09:28:47
419,5,buy,2026-05-29T09:30:17
31,19,view,2026-05-29T09:30:53
530,12,add_to_cart,2026-05-29T09:30:54
46,16,view,2026-05-29T09:37:51
644,10,view,2026-05-29T09:40:59
399,8,view,2026-05-29T09:41:15
644,10,add_to_cart,2026-05-29T09:41:58
31,19,buy,2026-05-29T09:42:43
46,16,view,2026-05-29T09:46:15
644,10,view,2026-05-29T09:50:57
387,16,view,2026-05-29T10:05:35
602,14,view,2026-05-29T10:05:54
403,17,view,2026-05-29T10:07:56
96,5,view,2026-05-29T10:11:12
387,17,view,2026-05-29T10:11:56
96,5,add_to_cart,2026-05-29T10:12:59
162,10,view,2026-05-29T10:13:01
507,5,view,2026-05-29T10:13:18
388,14,view,2026-05-29T10:13:43
388,14,add_to_cart,2026-05-29T10:18:32
514,14,view,2026-05-29T10:23:09
388,14,buy,2026-05-29T10:24:53
415,15,view,2026-05-29T10:26:33
209,7,view,2026-05-29T10:40:51
238,11,view,2026-05-29T10:43:57
238,11,add_to_cart,2026-05-29T10:44:45
153,4,view,2026-05-29T10:47:19
481,15,view,2026-05-29T10:49:18
153,2,view,2026-05-29T10:54:10
339,4,view,2026-05-29T10:58:42
124,7,view,2026-05-29T11:04:48
124,7,add_to_cart,2026-05-29T11:09:10
287,11,view,2026-05-29T11:11:35
7,2,view,2026-05-29T11:11:45
539,16,view,2026-05-29T11:12:18
7,2,add_to_cart,2026-05-29T11:14:29
539,16,add_to_cart,2026-05-29T11:17:54
152,15,view,2026-05-29T11:24:47
484,8,view,2026-05-29T11:26:37
410,10,view,2026-05-29T11:27:23
152,15,add_to_cart,2026-05-29T11:30:14
539,16,buy,2026-05-29T11:30:44
410,10,view,2026-05-29T11:34:32
384,13,view,2026-05-29T11:35:59
124,7,buy,2026-05-29T11:38:42
103,7,view,2026-05-29T11:42:21
384,13,add_to_cart,2026-05-29T11:42:38
418,10,view,2026-05-29T11:42:46
152,15,buy,2026-05-29T11:54:37
267,17,view,2026-05-29T11:56:21
223,8,view,2026-05-29T11:58:16
463,8,view,2026-05-29T11:59:39
223,7,view,2026-05-29T12:02:01
482,12,view,2026-05-29T12:06:56
89,6,view,2026-05-29T12:07:06
221,19,view,2026-05-29T12:08:09
482,12,add_to_cart,2026-05-29T12:09:50
331,16,view,2026-05-29T12:10:55
11,3,view,2026-05-29T12:11:11
11,1,view,2026-05-29T12:12:04
221,19,add_to_cart,2026-05-29T12:12:25
331,16,add_to_cart,2026-05-29T12:12:36
170,11,view,2026-05-29T12:14:36
293,18,view,2026-05-29T12:21:32
293,18,add_to_cart,2026-05-29T12:22:13
308,10,view,2026-05-29T12:26:51
308,10,add_to_cart,2026-05-29T12:28:01
358,10,view,2026-05-29T12:37:37
358,10,view,2026-05-29T12:38:20
276,12,view,2026-05-29T12:46:37
11,4,view,2026-05-29T12:47:00
293,18,buy,2026-05-29T12:50:17
11,4,add_to_cart,2026-05-29T12:52:30
173,12,view,2026-05-29T12:54:12
636,10,view,2026-05-29T12:55:01
11,4,view,2026-05-29T12:55:01
308,10,buy,2026-05-29T12:55:47
173,12,add_to_cart,2026-05-29T12:59:08
621,19,view,2026-05-29T13:08:37
173,12,buy,2026-05-29T13:09:54
445,19,view,2026-05-29T13:20:14
586,14,view,2026-05-29T13:32:19
450,14,view,2026-05-29T13:34:19
262,12,view,2026-05-29T13:34:38
230,10,view,2026-05-29T13:34:42
175,6,view,2026-05-29T13:36:37
262,12,add_to_cart,2026-05-29T13:37:08
230,10,add_to_cart,2026-05-29T13:38:35
450,14,buy,2026-05-29T13:39:33
450,13,view,2026-05-29T13:40:59
202,10,view,2026-05-29T13:41:20
518,10,view,2026-05-29T13:46:38
141,13,view,2026-05-29T13:49:38
382,12,view,2026-05-29T13:50:10
141,13,buy,2026-05-29T13:52:44
34,10,view,2026-05-29T13:55:31
382,12,add_to_cart,2026-05-29T13:56:48
208,14,view,2026-05-29T13:58:01
567,4,view,2026-05-29T13:59:24
567,4,add_to_cart,2026-05-29T14:00:09
34,10,add_to_cart,2026-05-29T14:00:43
208,15,view,2026-05-29T14:01:41
329,10,view,2026-05-29T14:01:56
376,18,view,2026-05-29T14:07:40
329,11,view,2026-05-29T14:09:03
567,4,buy,2026-05-29T14:10:34
625,18,view,2026-05-29T14:37:06
625,18,add_to_cart,2026-05-29T14:41:35
625,19,view,2026-05-29T14:46:34
104,15,view,2026-05-29T14:49:30
573,14,view,2026-05-29T14:50:32
625,18,buy,2026-05-29T14:52:57
238,18,view,2026-05-29T14:53:36
45,19,view,2026-05-29T14:56:45
45,19,add_to_cart,2026-05-29T14:57:53
104,15,view,2026-05-29T14:59:14
573,14,view,2026-05-29T14:59:30
238,18,buy,2026-05-29T14:59:36
551,18,view,2026-05-29T15:01:31
551,18,add_to_cart,2026-05-29T15:03:18
481,19,view,2026-05-29T15:03:51
572,6,view,2026-05-29T15:04:16
551,18,buy,2026-05-29T15:05:46
52,14,view,2026-05-29T15:08:19
167,1,view,2026-05-29T15:11:29
167,4,view,2026-05-29T15:12:14
52,14,add_to_cart,2026-05-29T15:13:07
148,15,view,2026-05-29T15:16:11
45,19,buy,2026-05-29T15:17:34
399,6,view,2026-05-29T15:21:10
389,18,view,2026-05-29T15:22:12
148,13,view,2026-05-29T15:25:41
321,18,view,2026-05-29T15:30:30
321,18,add_to_cart,2026-05-29T15:37:13
475,14,view,2026-05-29T15:39:13
496,13,view,2026-05-29T15:41:31
208,8,view,2026-05-29T15:41:53
208,8,buy,2026-05-29T15:43:54
475,14,add_to_cart,2026-05-29T15:44:00
208,7,view,2026-05-29T15:44:23
173,12,view,2026-05-29T15:47:07
639,4,view,2026-05-29T15:48:03
173,12,add_to_cart,2026-05-29T15:49:59
504,1,view,2026-05-29T15:50:51
474,10,view,2026-05-29T15:56:12
337,9,view,2026-05-29T15:58:28
582,18,view,2026-05-29T16:02:59
582,18,add_to_cart,2026-05-29T16:09:07
253,11,view,2026-05-29T16:10:02
175,9,view,2026-05-29T16:10:43
475,14,buy,2026-05-29T16:13:41
469,1,view,2026-05-29T16:16:01
175,8,view,2026-05-29T16:16:05
175,9,add_to_cart,2026-05-29T16:17:07
469,1,view,2026-05-29T16:22:10
536,10,view,2026-05-29T16:28:56
36,7,view,2026-05-29T16:30:52
582,18,buy,2026-05-29T16:32:36
626,15,view,2026-05-29T16:33:01
113,17,view,2026-05-29T16:38:31
296,9,view,2026-05-29T16:38:41
591,4,view,2026-05-29T16:38:55
534,16,view,2026-05-29T16:42:28
62,17,view,2026-05-29T16:42:49
62,17,add_to_cart,2026-05-29T16:46:58
113,17,view,2026-05-29T16:47:00
324,16,view,2026-05-29T16:50:49
62,17,view,2026-05-29T16:52:31
324,16,add_to_cart,2026-05-29T16:54:04
324,16,buy,2026-05-29T16:59:32
510,18,view,2026-05-29T17:10:14
62,17,buy,2026-05-29T17:12:04
510,18,view,2026-05-29T17:14:50
330,11,view,2026-05-29T17:15:49
565,13,view,2026-05-29T17:20:48
45,19,view,2026-05-29T17:31:40
126,17,view,2026-05-29T17:33:43
421,13,view,2026-05-29T17:34:27
45,19,add_to_cart,2026-05-29T17:37:06
565,13,view,2026-05-29T17:39:25
126,16,view,2026-05-29T17:42:10
157,6,view,2026-05-29T17:42:53
526,18,view,2026-05-29T17:45:03
157,6,add_to_cart,2026-05-29T17:48:37
526,18,add_to_cart,2026-05-29T17:50:30
291,17,view,2026-05-29T17:54:37
291,16,view,2026-05-29T17:55:22
157,6,buy,2026-05-29T17:55:46
45,19,buy,2026-05-29T17:55:49
344,5,view,2026-05-29T17:59:35
87,5,view,2026-05-29T18:05:19
87,5,add_to_cart,2026-05-29T18:07:40
359,4,view,2026-05-29T18:08:37
617,19,view,2026-05-29T18:14:39
549,13,view,2026-05-29T18:16:40
303,5,view,2026-05-29T18:17:20
439,5,view,2026-05-29T18:20:12
617,18,view,2026-05-29T18:20:47
439,5,add_to_cart,2026-05-29T18:22:53
492,8,view,2026-05-29T18:22:58
10,14,view,2026-05-29T18:25:11
127,19,view,2026-05-29T18:26:57
452,17,view,2026-05-29T18:29:04
127,19,add_to_cart,2026-05-29T18:29:09
575,18,view,2026-05-29T18:32:23
136,14,view,2026-05-29T18:32:29
136,13,view,2026-05-29T18:33:38
87,5,buy,2026-05-29T18:33:41
127,19,buy,2026-05-29T18:34:01
604,10,view,2026-05-29T18:39:55
121,16,view,2026-05-29T18:41:51
443,4,view,2026-05-29T18:43:26
575,15,view,2026-05-29T18:45:07
427,17,view,2026-05-29T18:47:28
615,6,view,2026-05-29T18:49:21
174,10,view,2026-05-29T18:51:33
39,9,view,2026-05-29T18:52:30
244,9,view,2026-05-29T18:53:04
39,6,view,2026-05-29T18:53:48
39,9,add_to_cart,2026-05-29T18:55:02
369,9,view,2026-05-29T18:57:04
593,10,view,2026-05-29T18:58:25
244,9,view,2026-05-29T18:58:27
39,9,buy,2026-05-29T18:58:55
174,11,view,2026-05-29T19:00:24
624,14,view,2026-05-29T19:03:17
106,10,view,2026-05-29T19:22:43
189,19,view,2026-05-29T19:24:30
189,19,add_to_cart,2026-05-29T19:27:47
82,15,view,2026-05-29T19:36:21
189,19,buy,2026-05-29T19:37:55
82,15,add_to_cart,2026-05-29T19:40:42
82,15,buy,2026-05-29T19:43:10
165,14,view,2026-05-29T19:43:55
403,16,view,2026-05-29T19:46:32
165,14,buy,2026-05-29T19:48:16
411,17,view,2026-05-29T19:53:08
140,8,view,2026-05-29T19:55:06
411,17,add_to_cart,2026-05-29T19:56:36
140,8,add_to_cart,2026-05-29T19:58:36
550,8,view,2026-05-29T19:59:09
550,9,view,2026-05-29T20:01:50
86,14,view,2026-05-29T20:02:19
400,1,view,2026-05-29T20:03:44
614,16,view,2026-05-29T20:04:34
191,8,view,2026-05-29T20:08:38
198,11,view,2026-05-29T20:18:45
198,11,view,2026-05-29T20:23:24
384,13,view,2026-05-29T20:31:26
401,7,view,2026-05-29T20:32:16
10,14,view,2026-05-29T20:32:27
374,12,view,2026-05-29T20:35:17
274,1,view,2026-05-29T20:35:17
401,7,add_to_cart,2026-05-29T20:35:31
458,10,view,2026-05-29T20:35:38
54,11,view,2026-05-29T20:35:42
384,13,add_to_cart,2026-05-29T20:36:19
458,10,add_to_cart,2026-05-29T20:37:27
384,15,view,2026-05-29T20:39:49
401,9,view,2026-05-29T20:39:52
458,12,view,2026-05-29T20:42:08
496,15,view,2026-05-29T20:43:50
496,15,add_to_cart,2026-05-29T20:44:49
69,9,view,2026-05-29T20:50:46
167,18,view,2026-05-29T20:51:29
167,18,view,2026-05-29T20:54:40
401,7,buy,2026-05-29T21:00:49
214,11,view,2026-05-29T21:03:46
496,15,buy,2026-05-29T21:05:21
56,5,view,2026-05-29T21:07:24
214,11,buy,2026-05-29T21:10:29
39,18,view,2026-05-29T21:10:35
56,3,view,2026-05-29T21:11:23
39,18,view,2026-05-29T21:12:50
136,5,view,2026-05-29T21:15:04
220,8,view,2026-05-29T21:17:32
224,19,view,2026-05-29T21:17:44
224,19,add_to_cart,2026-05-29T21:24:09
531,5,view,2026-05-29T21:24:41
531,5,view,2026-05-29T21:25:30
377,18,view,2026-05-29T21:28:17
42,14,view,2026-05-29T21:29:50
224,19,buy,2026-05-29T21:30:52
42,14,add_to_cart,2026-05-29T21:32:04
582,17,view,2026-05-29T21:46:45
582,17,add_to_cart,2026-05-29T21:49:39
42,14,buy,2026-05-29T21:49:59
313,6,view,2026-05-29T21:57:16
313,6,add_to_cart,2026-05-29T21:58:34
296,11,view,2026-05-29T21:59:49
108,12,view,2026-05-29T22:02:07
73,19,view,2026-05-29T22:03:00
564,11,view,2026-05-29T22:05:21
268,12,view,2026-05-29T22:09:00
73,19,add_to_cart,2026-05-29T22:09:01
536,15,view,2026-05-29T22:12:00
194,13,view,2026-05-29T22:12:41
313,6,buy,2026-05-29T22:14:38
189,18,view,2026-05-29T22:17:00
73,19,buy,2026-05-29T22:18:08
327,19,view,2026-05-29T22:18:29
639,1,view,2026-05-29T22:19:00
189,18,add_to_cart,2026-05-29T22:19:15
596,8,view,2026-05-29T22:20:00
327,19,add_to_cart,2026-05-29T22:21:46
122,13,view,2026-05-29T22:23:00
411,17,view,2026-05-29T22:23:24
122,13,add_to_cart,2026-05-29T22:24:41
189,18,view,2026-05-29T22:25:02
189,18,buy,2026-05-29T22:28:32
100,7,view,2026-05-29T22:29:00
122,13,buy,2026-05-29T22:29:30
75,6,view,2026-05-29T22:29:43
86,10,view,2026-05-29T22:30:00
596,8,buy,2026-05-29T22:31:10
84,10,view,2026-05-29T22:32:00
297,11,view,2026-05-29T22:32:43
75,9,view,2026-05-29T22:34:10
75,6,add_to_cart,2026-05-29T22:34:32
84,10,add_to_cart,2026-05-29T22:35:49
297,10,view,2026-05-29T22:36:18
327,19,buy,2026-05-29T22:37:55
515,3,view,2026-05-29T22:38:00
361,7,view,2026-05-29T22:38:00
75,6,buy,2026-05-29T22:39:55
165,19,view,2026-05-29T22:39:57
467,12,view,2026-05-29T22:40:00
361,7,add_to_cart,2026-05-29T22:40:14
73,7,view,2026-05-29T22:42:10
165,19,add_to_cart,2026-05-29T22:42:33
467,12,add_to_cart,2026-05-29T22:42:44
400,2,view,2026-05-29T22:44:36
148,10,view,2026-05-29T22:45:00
326,16,view,2026-05-29T22:45:52
615,18,view,2026-05-29T22:46:10
39,19,view,2026-05-29T22:46:16
378,10,view,2026-05-29T22:47:01
615,18,view,2026-05-29T22:47:08
39,19,view,2026-05-29T22:49:07
281,18,view,2026-05-29T22:49:47
378,10,add_to_cart,2026-05-29T22:50:00
39,19,add_to_cart,2026-05-29T22:50:01
281,18,add_to_cart,2026-05-29T22:52:16
281,18,view,2026-05-29T22:54:37
84,10,buy,2026-05-29T22:55:22
39,19,buy,2026-05-29T22:56:13
596,11,view,2026-05-30T07:00:00
596,10,view,2026-05-30T07:00:35
481,18,view,2026-05-30T07:00:38
471,19,view,2026-05-30T07:03:00
163,11,view,2026-05-30T07:03:00
218,13,view,2026-05-30T07:04:00
596,11,add_to_cart,2026-05-30T07:04:57
471,19,view,2026-05-30T07:06:00
218,13,add_to_cart,2026-05-30T07:06:03
163,11,view,2026-05-30T07:08:11
471,19,add_to_cart,2026-05-30T07:09:00
346,15,view,2026-05-30T07:09:00
332,6,view,2026-05-30T07:09:00
603,17,view,2026-05-30T07:09:00
596,11,buy,2026-05-30T07:09:15
175,17,view,2026-05-30T07:10:00
296,5,view,2026-05-30T07:10:00
190,10,view,2026-05-30T07:12:00
261,11,view,2026-05-30T07:13:00
603,17,add_to_cart,2026-05-30T07:14:13
435,19,view,2026-05-30T07:14:18
261,11,add_to_cart,2026-05-30T07:14:20
346,14,view,2026-05-30T07:14:45
263,19,view,2026-05-30T07:15:00
206,10,view,2026-05-30T07:16:00
190,10,add_to_cart,2026-05-30T07:16:34
629,13,view,2026-05-30T07:18:00
532,9,view,2026-05-30T07:18:00
250,14,view,2026-05-30T07:18:00
332,6,view,2026-05-30T07:18:26
647,4,view,2026-05-30T07:18:51
434,11,view,2026-05-30T07:19:00
315,2,view,2026-05-30T07:20:00
326,19,view,2026-05-30T07:20:00
206,10,add_to_cart,2026-05-30T07:20:31
519,18,view,2026-05-30T07:21:00
206,11,view,2026-05-30T07:21:04
629,13,add_to_cart,2026-05-30T07:21:26
532,6,view,2026-05-30T07:22:00
485,13,view,2026-05-30T07:22:00
332,6,buy,2026-05-30T07:22:26
425,8,view,2026-05-30T07:23:00
504,15,view,2026-05-30T07:23:27
62,10,view,2026-05-30T07:24:00
218,13,buy,2026-05-30T07:24:18
250,14,add_to_cart,2026-05-30T07:24:35
62,11,view,2026-05-30T07:25:09
290,1,view,2026-05-30T07:26:00
468,6,view,2026-05-30T07:26:00
187,4,view,2026-05-30T07:26:18
519,18,add_to_cart,2026-05-30T07:26:30
384,13,view,2026-05-30T07:27:00
587,4,view,2026-05-30T07:27:00
264,4,view,2026-05-30T07:28:00
47,6,view,2026-05-30T07:28:00
290,1,add_to_cart,2026-05-30T07:28:34
384,13,add_to_cart,2026-05-30T07:28:40
468,6,add_to_cart,2026-05-30T07:29:39
264,4,view,2026-05-30T07:30:54
368,17,view,2026-05-30T07:31:00
80,2,view,2026-05-30T07:32:00
513,18,view,2026-05-30T07:32:00
345,18,view,2026-05-30T07:32:00
507,16,view,2026-05-30T07:32:55
386,13,view,2026-05-30T07:33:00
148,10,view,2026-05-30T07:33:00
368,17,add_to_cart,2026-05-30T07:33:55
364,12,view,2026-05-30T07:34:00
409,9,view,2026-05-30T07:34:00
513,18,add_to_cart,2026-05-30T07:35:46
148,10,add_to_cart,2026-05-30T07:35:50
513,19,view,2026-05-30T07:35:54
265,9,view,2026-05-30T07:36:00
617,9,view,2026-05-30T07:36:00
315,2,view,2026-05-30T07:36:00
47,6,buy,2026-05-30T07:36:22
507,17,view,2026-05-30T07:36:27
393,16,view,2026-05-30T07:37:00
345,18,add_to_cart,2026-05-30T07:37:06
438,4,view,2026-05-30T07:38:00
67,2,view,2026-05-30T07:38:05
492,7,view,2026-05-30T07:39:00
484,11,view,2026-05-30T07:39:00
139,4,view,2026-05-30T07:39:00
409,9,add_to_cart,2026-05-30T07:39:59
356,11,view,2026-05-30T07:40:00
364,11,view,2026-05-30T07:40:56
156,19,view,2026-05-30T07:41:00
609,9,view,2026-05-30T07:41:00
513,18,buy,2026-05-30T07:41:54
295,6,view,2026-05-30T07:42:00
353,18,view,2026-05-30T07:42:00
593,9,view,2026-05-30T07:42:00
116,8,view,2026-05-30T07:42:00
315,2,add_to_cart,2026-05-30T07:42:07
485,15,view,2026-05-30T07:42:14
345,18,buy,2026-05-30T07:42:47
281,19,view,2026-05-30T07:43:00
356,11,add_to_cart,2026-05-30T07:43:20
315,2,buy,2026-05-30T07:43:34
577,19,view,2026-05-30T07:43:49
591,17,view,2026-05-30T07:44:00
190,10,view,2026-05-30T07:44:00
4,15,view,2026-05-30T07:44:00
315,4,view,2026-05-30T07:44:25
356,12,view,2026-05-30T07:44:28
438,4,add_to_cart,2026-05-30T07:44:56
611,3,view,2026-05-30T07:45:00
353,18,add_to_cart,2026-05-30T07:45:04
577,19,add_to_cart,2026-05-30T07:45:16
294,17,view,2026-05-30T07:45:53
446,13,view,2026-05-30T07:46:00
284,12,view,2026-05-30T07:46:00
190,10,buy,2026-05-30T07:46:03
593,9,add_to_cart,2026-05-30T07:46:20
591,17,view,2026-05-30T07:46:25
190,10,add_to_cart,2026-05-30T07:48:05
384,13,buy,2026-05-30T07:48:29
284,12,add_to_cart,2026-05-30T07:49:01
629,13,buy,2026-05-30T07:49:40
484,9,view,2026-05-30T07:50:00
4,15,add_to_cart,2026-05-30T07:50:04
148,10,buy,2026-05-30T07:50:20
290,1,buy,2026-05-30T07:50:59
134,18,view,2026-05-30T07:51:00
223,13,view,2026-05-30T07:51:09
284,12,buy,2026-05-30T07:51:26
604,8,view,2026-05-30T07:52:00
280,3,view,2026-05-30T07:52:00
253,14,view,2026-05-30T07:52:02
593,9,buy,2026-05-30T07:53:11
253,14,add_to_cart,2026-05-30T07:53:25
143,18,view,2026-05-30T07:54:00
577,19,buy,2026-05-30T07:54:19
253,14,buy,2026-05-30T07:55:01
519,18,buy,2026-05-30T07:55:31
497,7,view,2026-05-30T07:56:00
223,13,add_to_cart,2026-05-30T07:56:41
45,15,view,2026-05-30T07:57:00
598,11,view,2026-05-30T07:59:00
118,17,view,2026-05-30T07:59:25
223,15,view,2026-05-30T07:59:53
31,18,view,2026-05-30T08:00:00
610,14,view,2026-05-30T08:00:00
350,10,view,2026-05-30T08:00:44
45,15,add_to_cart,2026-05-30T08:01:04
330,10,view,2026-05-30T08:02:00
428,12,view,2026-05-30T08:02:00
610,14,add_to_cart,2026-05-30T08:02:15
208,14,view,2026-05-30T08:03:00
428,12,view,2026-05-30T08:03:10
353,18,buy,2026-05-30T08:03:12
512,14,view,2026-05-30T08:04:00
320,12,view,2026-05-30T08:04:00
330,10,add_to_cart,2026-05-30T08:04:09
512,15,view,2026-05-30T08:04:38
527,18,view,2026-05-30T08:05:00
208,14,add_to_cart,2026-05-30T08:05:39
555,1,view,2026-05-30T08:06:00
192,15,view,2026-05-30T08:06:12
251,2,view,2026-05-30T08:06:15
356,11,buy,2026-05-30T08:06:27
330,10,view,2026-05-30T08:06:33
31,18,add_to_cart,2026-05-30T08:06:35
2,15,view,2026-05-30T08:07:00
185,8,view,2026-05-30T08:08:00
564,8,view,2026-05-30T08:09:00
338,11,view,2026-05-30T08:09:00
512,14,add_to_cart,2026-05-30T08:09:42
2,13,view,2026-05-30T08:09:45
121,19,view,2026-05-30T08:11:00
197,4,view,2026-05-30T08:11:00
28,10,view,2026-05-30T08:11:16
121,19,add_to_cart,2026-05-30T08:11:47
121,18,view,2026-05-30T08:12:09
192,15,add_to_cart,2026-05-30T08:12:10
346,13,view,2026-05-30T08:13:00
561,19,view,2026-05-30T08:13:00
50,14,view,2026-05-30T08:13:00
527,18,view,2026-05-30T08:13:18
373,14,view,2026-05-30T08:13:31
28,10,add_to_cart,2026-05-30T08:14:17
564,8,add_to_cart,2026-05-30T08:14:27
440,5,view,2026-05-30T08:15:00
338,10,view,2026-05-30T08:15:38
15,18,view,2026-05-30T08:16:00
532,8,view,2026-05-30T08:17:00
58,14,view,2026-05-30T08:17:00
278,11,view,2026-05-30T08:17:00
561,18,view,2026-05-30T08:17:01
28,10,buy,2026-05-30T08:18:05
440,5,add_to_cart,2026-05-30T08:18:14
336,3,view,2026-05-30T08:19:00
169,7,view,2026-05-30T08:19:00
561,19,add_to_cart,2026-05-30T08:19:06
121,19,buy,2026-05-30T08:19:20
15,18,add_to_cart,2026-05-30T08:19:54
290,11,view,2026-05-30T08:20:19
152,4,view,2026-05-30T08:21:00
336,1,view,2026-05-30T08:21:00
530,10,view,2026-05-30T08:21:30
555,2,view,2026-05-30T08:22:00
117,16,view,2026-05-30T08:22:00
31,18,buy,2026-05-30T08:23:00
15,18,buy,2026-05-30T08:23:17
373,15,view,2026-05-30T08:23:24
187,3,view,2026-05-30T08:23:31
183,8,view,2026-05-30T08:24:00
161,5,view,2026-05-30T08:24:26
169,7,view,2026-05-30T08:24:40
223,13,buy,2026-05-30T08:24:41
278,11,view,2026-05-30T08:25:00
281,19,view,2026-05-30T08:25:00
290,11,add_to_cart,2026-05-30T08:25:16
169,7,add_to_cart,2026-05-30T08:25:39
489,8,view,2026-05-30T08:26:00
439,18,view,2026-05-30T08:27:00
48,3,view,2026-05-30T08:28:00
213,19,view,2026-05-30T08:28:15
538,10,view,2026-05-30T08:29:00
440,5,buy,2026-05-30T08:29:34
192,15,buy,2026-05-30T08:30:00
45,15,buy,2026-05-30T08:30:44
439,18,add_to_cart,2026-05-30T08:31:08
554,14,view,2026-05-30T08:32:26
229,15,view,2026-05-30T08:34:34
554,14,add_to_cart,2026-05-30T08:36:05
538,10,view,2026-05-30T08:36:06
538,12,view,2026-05-30T08:37:13
538,12,view,2026-05-30T08:38:10
512,14,buy,2026-05-30T08:38:33
229,15,add_to_cart,2026-05-30T08:40:00
538,10,add_to_cart,2026-05-30T08:40:50
327,6,view,2026-05-30T08:40:55
561,19,buy,2026-05-30T08:42:22
229,13,view,2026-05-30T08:43:17
172,6,view,2026-05-30T08:49:15
169,7,buy,2026-05-30T08:49:58
439,18,buy,2026-05-30T08:50:43
81,18,view,2026-05-30T08:50:53
172,6,view,2026-05-30T08:51:08
538,10,buy,2026-05-30T08:52:43
521,9,view,2026-05-30T08:56:44
554,14,buy,2026-05-30T08:59:05
94,12,view,2026-05-30T08:59:50
456,5,view,2026-05-30T09:00:36
319,1,view,2026-05-30T09:01:47
456,4,view,2026-05-30T09:03:37
16,2,view,2026-05-30T09:06:03
280,14,view,2026-05-30T09:06:14
240,8,view,2026-05-30T09:07:13
240,8,add_to_cart,2026-05-30T09:13:51
230,10,view,2026-05-30T09:15:17
94,16,view,2026-05-30T09:22:18
159,19,view,2026-05-30T09:23:48
156,6,view,2026-05-30T09:24:10
156,9,view,2026-05-30T09:24:49
159,18,view,2026-05-30T09:25:17
94,17,view,2026-05-30T09:26:27
240,8,buy,2026-05-30T09:28:21
313,18,view,2026-05-30T09:34:52
416,10,view,2026-05-30T09:40:02
313,18,add_to_cart,2026-05-30T09:41:27
148,11,view,2026-05-30T09:41:54
26,14,view,2026-05-30T09:44:02
409,6,view,2026-05-30T09:44:40
416,12,view,2026-05-30T09:45:17
148,11,add_to_cart,2026-05-30T09:45:41
409,6,add_to_cart,2026-05-30T09:46:43
148,11,buy,2026-05-30T09:50:51
466,11,view,2026-05-30T09:56:41
222,10,view,2026-05-30T10:01:33
409,6,buy,2026-05-30T10:05:45
260,7,view,2026-05-30T10:06:00
592,4,view,2026-05-30T10:07:07
313,18,buy,2026-05-30T10:07:13
546,15,view,2026-05-30T10:07:45
592,4,view,2026-05-30T10:10:10
474,11,view,2026-05-30T10:11:41
546,15,add_to_cart,2026-05-30T10:12:11
68,11,view,2026-05-30T10:14:55
453,9,view,2026-05-30T10:15:32
474,12,view,2026-05-30T10:19:24
546,15,buy,2026-05-30T10:19:46
584,17,view,2026-05-30T10:24:16
192,10,view,2026-05-30T10:36:00
14,11,view,2026-05-30T10:36:43
247,19,view,2026-05-30T10:38:19
100,11,view,2026-05-30T10:38:47
192,10,buy,2026-05-30T10:41:28
100,11,add_to_cart,2026-05-30T10:42:54
161,12,view,2026-05-30T10:48:08
400,14,view,2026-05-30T10:49:05
100,11,buy,2026-05-30T10:53:39
400,14,add_to_cart,2026-05-30T10:54:29
582,10,view,2026-05-30T10:56:17
582,10,add_to_cart,2026-05-30T10:57:20
353,9,view,2026-05-30T11:04:37
353,9,add_to_cart,2026-05-30T11:07:48
35,5,view,2026-05-30T11:08:02
572,3,view,2026-05-30T11:11:58
572,1,view,2026-05-30T11:12:32
288,13,view,2026-05-30T11:16:05
288,4,view,2026-05-30T11:16:25
571,4,view,2026-05-30T11:16:58
288,13,add_to_cart,2026-05-30T11:17:54
288,14,view,2026-05-30T11:20:18
571,2,view,2026-05-30T11:21:25
391,18,view,2026-05-30T11:25:35
353,9,buy,2026-05-30T11:26:40
636,12,view,2026-05-30T11:31:59
391,18,add_to_cart,2026-05-30T11:32:16
123,17,view,2026-05-30T11:34:44
636,12,add_to_cart,2026-05-30T11:37:23
288,13,buy,2026-05-30T11:37:49
123,17,add_to_cart,2026-05-30T11:41:34
54,16,view,2026-05-30T11:43:41
636,12,buy,2026-05-30T11:47:50
590,10,view,2026-05-30T11:51:07
590,10,buy,2026-05-30T11:54:26
590,10,view,2026-05-30T12:00:40
141,13,view,2026-05-30T12:07:06
141,15,view,2026-05-30T12:09:11
167,18,view,2026-05-30T12:11:14
141,13,add_to_cart,2026-05-30T12:11:31
167,18,add_to_cart,2026-05-30T12:14:03
38,19,view,2026-05-30T12:16:36
572,13,view,2026-05-30T12:20:28
468,10,view,2026-05-30T12:23:00
504,15,view,2026-05-30T12:23:13
572,13,add_to_cart,2026-05-30T12:24:17
131,2,view,2026-05-30T12:24:34
571,5,view,2026-05-30T12:25:47
38,19,view,2026-05-30T12:26:10
141,13,buy,2026-05-30T12:26:27
468,10,add_to_cart,2026-05-30T12:26:50
279,19,view,2026-05-30T12:27:59
468,10,buy,2026-05-30T12:28:22
572,13,buy,2026-05-30T12:31:40
571,3,view,2026-05-30T12:31:58
279,19,add_to_cart,2026-05-30T12:32:13
279,19,view,2026-05-30T12:32:53
448,5,view,2026-05-30T12:36:02
216,13,view,2026-05-30T12:37:32
282,12,view,2026-05-30T12:40:52
167,18,buy,2026-05-30T12:43:59
279,19,buy,2026-05-30T12:50:20
6,16,view,2026-05-30T12:56:23
248,14,view,2026-05-30T12:57:19
490,14,view,2026-05-30T13:17:10
264,13,view,2026-05-30T13:26:26
490,14,view,2026-05-30T13:26:58
192,6,view,2026-05-30T13:27:02
314,14,view,2026-05-30T13:27:41
314,15,view,2026-05-30T13:29:17
264,13,add_to_cart,2026-05-30T13:29:57
190,16,view,2026-05-30T13:33:03
264,13,buy,2026-05-30T13:33:11
314,14,add_to_cart,2026-05-30T13:34:23
498,14,view,2026-05-30T13:52:06
119,8,view,2026-05-30T13:52:33
119,8,add_to_cart,2026-05-30T13:53:10
314,14,buy,2026-05-30T13:54:23
496,12,view,2026-05-30T13:55:34
590,17,view,2026-05-30T13:57:31
498,14,add_to_cart,2026-05-30T13:58:17
119,8,buy,2026-05-30T14:01:09
590,17,add_to_cart,2026-05-30T14:02:53
590,17,view,2026-05-30T14:07:12
45,10,view,2026-05-30T14:12:52
45,10,view,2026-05-30T14:15:06
45,10,add_to_cart,2026-05-30T14:16:41
513,9,view,2026-05-30T14:24:02
35,4,view,2026-05-30T14:26:21
62,11,view,2026-05-30T14:31:17
45,10,buy,2026-05-30T14:31:41
160,10,view,2026-05-30T14:32:27
590,17,buy,2026-05-30T14:32:39
35,4,view,2026-05-30T14:33:20
123,14,view,2026-05-30T14:33:28
123,14,add_to_cart,2026-05-30T14:38:33
123,14,buy,2026-05-30T14:45:53
308,9,view,2026-05-30T15:00:18
103,4,view,2026-05-30T15:00:57
201,6,view,2026-05-30T15:13:46
201,6,add_to_cart,2026-05-30T15:20:25
143,1,view,2026-05-30T15:20:53
576,14,view,2026-05-30T15:21:15
83,1,view,2026-05-30T15:21:17
143,5,view,2026-05-30T15:23:09
183,9,view,2026-05-30T15:26:28
576,13,view,2026-05-30T15:27:53
576,14,add_to_cart,2026-05-30T15:27:56
83,4,view,2026-05-30T15:28:42
477,18,view,2026-05-30T15:30:20
93,13,view,2026-05-30T15:31:18
645,19,view,2026-05-30T15:35:32
576,14,buy,2026-05-30T15:36:21
174,10,view,2026-05-30T15:36:55
477,18,add_to_cart,2026-05-30T15:37:18
234,12,view,2026-05-30T15:46:00
290,16,view,2026-05-30T15:51:21
408,4,view,2026-05-30T15:54:10
408,2,view,2026-05-30T15:58:24
290,17,view,2026-05-30T15:59:24
431,7,view,2026-05-30T16:02:51
5,13,view,2026-05-30T16:02:52
551,2,view,2026-05-30T16:02:57
78,16,view,2026-05-30T16:05:04
5,13,add_to_cart,2026-05-30T16:06:52
551,2,buy,2026-05-30T16:08:41
193,19,view,2026-05-30T16:09:17
5,13,buy,2026-05-30T16:09:22
5,13,view,2026-05-30T16:10:12
551,4,view,2026-05-30T16:12:02
204,9,view,2026-05-30T16:14:47
524,7,view,2026-05-30T16:15:45
612,10,view,2026-05-30T16:18:00
113,18,view,2026-05-30T16:19:04
177,9,view,2026-05-30T16:19:16
266,12,view,2026-05-30T16:19:18
177,9,add_to_cart,2026-05-30T16:20:12
113,18,view,2026-05-30T16:22:08
524,7,add_to_cart,2026-05-30T16:22:13
177,9,buy,2026-05-30T16:22:26
266,12,view,2026-05-30T16:27:55
649,8,view,2026-05-30T16:34:17
219,3,view,2026-05-30T16:38:36
399,7,view,2026-05-30T16:43:59
399,7,add_to_cart,2026-05-30T16:48:34
386,12,view,2026-05-30T16:50:09
536,19,view,2026-05-30T17:02:03
536,19,view,2026-05-30T17:03:51
536,19,add_to_cart,2026-05-30T17:05:56
399,7,buy,2026-05-30T17:09:50
536,19,buy,2026-05-30T17:15:18
176,4,view,2026-05-30T17:17:30
374,16,view,2026-05-30T17:17:51
576,14,view,2026-05-30T17:19:14
561,7,view,2026-05-30T17:23:09
40,13,view,2026-05-30T17:27:02
647,18,view,2026-05-30T17:27:54
561,7,add_to_cart,2026-05-30T17:28:15
561,9,view,2026-05-30T17:29:47
647,18,add_to_cart,2026-05-30T17:30:30
75,17,view,2026-05-30T17:30:35
436,11,view,2026-05-30T17:31:13
40,15,view,2026-05-30T17:32:19
561,7,buy,2026-05-30T17:37:59
103,18,view,2026-05-30T17:38:56
404,12,view,2026-05-30T17:39:12
103,18,view,2026-05-30T17:41:24
103,18,add_to_cart,2026-05-30T17:42:35
466,13,view,2026-05-30T17:44:52
70,19,view,2026-05-30T17:44:54
341,11,view,2026-05-30T17:45:13
70,19,view,2026-05-30T17:45:26
70,19,add_to_cart,2026-05-30T17:45:31
341,11,buy,2026-05-30T17:48:01
466,13,add_to_cart,2026-05-30T17:48:57
70,19,buy,2026-05-30T17:50:27
540,6,view,2026-05-30T17:56:48
540,6,add_to_cart,2026-05-30T17:57:28
232,4,view,2026-05-30T17:58:46
103,19,view,2026-05-30T18:07:27
103,18,buy,2026-05-30T18:08:28
466,13,buy,2026-05-30T18:08:47
546,14,view,2026-05-30T18:08:53
540,6,buy,2026-05-30T18:09:26
103,19,add_to_cart,2026-05-30T18:11:35
634,10,view,2026-05-30T18:12:02
615,3,view,2026-05-30T18:16:11
634,10,add_to_cart,2026-05-30T18:18:57
104,13,view,2026-05-30T18:21:20
554,16,view,2026-05-30T18:21:53
634,10,buy,2026-05-30T18:23:43
185,3,view,2026-05-30T18:24:09
104,13,add_to_cart,2026-05-30T18:27:18
185,1,view,2026-05-30T18:29:17
298,14,view,2026-05-30T18:32:24
210,14,view,2026-05-30T18:33:50
125,15,view,2026-05-30T18:34:49
298,14,add_to_cart,2026-05-30T18:34:57
103,19,buy,2026-05-30T18:35:04
210,14,add_to_cart,2026-05-30T18:36:08
125,15,add_to_cart,2026-05-30T18:39:50
298,13,view,2026-05-30T18:40:12
237,15,view,2026-05-30T18:47:04
336,11,view,2026-05-30T18:47:04
627,16,view,2026-05-30T18:50:17
237,15,add_to_cart,2026-05-30T18:51:27
378,10,view,2026-05-30T18:52:33
627,16,add_to_cart,2026-05-30T18:54:29
627,17,view,2026-05-30T18:56:50
627,16,buy,2026-05-30T18:58:01
290,14,view,2026-05-30T19:01:10
290,13,view,2026-05-30T19:03:46
2,14,view,2026-05-30T19:03:48
290,14,add_to_cart,2026-05-30T19:05:44
300,11,view,2026-05-30T19:06:38
335,4,view,2026-05-30T19:07:08
520,13,view,2026-05-30T19:08:25
520,13,add_to_cart,2026-05-30T19:09:04
468,12,view,2026-05-30T19:10:04
237,15,buy,2026-05-30T19:12:30
432,4,view,2026-05-30T19:18:16
463,19,view,2026-05-30T19:18:21
163,17,view,2026-05-30T19:19:03
463,18,view,2026-05-30T19:19:38
163,17,add_to_cart,2026-05-30T19:21:08
520,13,buy,2026-05-30T19:31:07
616,13,view,2026-05-30T19:41:34
111,18,view,2026-05-30T19:44:47
616,13,add_to_cart,2026-05-30T19:45:23
111,18,add_to_cart,2026-05-30T19:45:42
616,15,view,2026-05-30T19:46:46
463,5,view,2026-05-30T19:46:57
532,5,view,2026-05-30T19:47:17
174,17,view,2026-05-30T19:49:29
62,17,view,2026-05-30T19:51:38
18,8,view,2026-05-30T19:56:03
174,17,view,2026-05-30T19:57:13
398,14,view,2026-05-30T20:01:34
616,13,buy,2026-05-30T20:03:07
436,10,view,2026-05-30T20:04:52
398,13,view,2026-05-30T20:10:25
436,10,add_to_cart,2026-05-30T20:10:55
399,18,view,2026-05-30T20:13:45
399,19,view,2026-05-30T20:16:45
182,17,view,2026-05-30T20:17:01
399,18,add_to_cart,2026-05-30T20:19:22
182,17,add_to_cart,2026-05-30T20:21:58
220,11,view,2026-05-30T20:22:04
557,18,view,2026-05-30T20:24:26
557,18,add_to_cart,2026-05-30T20:26:10
495,6,view,2026-05-30T20:27:02
563,17,view,2026-05-30T20:27:17
436,10,buy,2026-05-30T20:28:26
557,18,buy,2026-05-30T20:30:35
206,17,view,2026-05-30T20:34:02
206,17,add_to_cart,2026-05-30T20:34:56
399,18,buy,2026-05-30T20:35:23
206,17,buy,2026-05-30T20:46:18
37,11,view,2026-05-30T20:47:07
589,18,view,2026-05-30T20:54:43
493,18,view,2026-05-30T20:58:01
493,18,add_to_cart,2026-05-30T21:00:27
131,1,view,2026-05-30T21:06:34
339,17,view,2026-05-30T21:18:34
279,10,view,2026-05-30T21:19:36
493,18,buy,2026-05-30T21:21:06
339,16,view,2026-05-30T21:21:43
171,17,view,2026-05-30T21:25:22
466,14,view,2026-05-30T21:28:18
171,17,view,2026-05-30T21:29:16
245,18,view,2026-05-30T21:31:31
171,17,add_to_cart,2026-05-30T21:31:33
347,4,view,2026-05-30T21:31:50
171,17,buy,2026-05-30T21:33:18
103,9,view,2026-05-30T21:34:10
103,9,add_to_cart,2026-05-30T21:38:03
324,7,view,2026-05-30T21:41:23
324,7,add_to_cart,2026-05-30T21:43:34
598,17,view,2026-05-30T21:44:51
504,1,view,2026-05-30T21:49:03
365,15,view,2026-05-30T21:49:04
25,15,view,2026-05-30T21:51:01
401,8,view,2026-05-30T21:52:02
598,16,view,2026-05-30T21:52:44
417,18,view,2026-05-30T21:55:17
417,18,add_to_cart,2026-05-30T21:57:12
74,10,view,2026-05-30T22:01:00
417,18,buy,2026-05-30T22:01:57
249,8,view,2026-05-30T22:02:00
249,8,add_to_cart,2026-05-30T22:05:12
56,15,view,2026-05-30T22:06:00
56,15,add_to_cart,2026-05-30T22:06:48
517,6,view,2026-05-30T22:07:26
399,19,view,2026-05-30T22:07:32
74,12,view,2026-05-30T22:08:34
56,15,buy,2026-05-30T22:08:57
495,13,view,2026-05-30T22:09:38
399,19,view,2026-05-30T22:10:26
495,15,view,2026-05-30T22:10:53
56,15,view,2026-05-30T22:15:11
495,13,add_to_cart,2026-05-30T22:15:59
47,4,view,2026-05-30T22:20:00
310,10,view,2026-05-30T22:21:52
47,4,add_to_cart,2026-05-30T22:26:46
417,18,view,2026-05-30T22:26:49
511,7,view,2026-05-30T22:27:00
320,3,view,2026-05-30T22:27:00
142,16,view,2026-05-30T22:28:28
20,7,view,2026-05-30T22:29:00
215,5,view,2026-05-30T22:29:00
502,16,view,2026-05-30T22:31:00
424,14,view,2026-05-30T22:33:00
58,11,view,2026-05-30T22:33:05
502,16,view,2026-05-30T22:33:49
44,8,view,2026-05-30T22:34:00
511,7,buy,2026-05-30T22:36:40
495,13,buy,2026-05-30T22:37:08
58,11,add_to_cart,2026-05-30T22:37:44
634,15,view,2026-05-30T22:39:00
199,18,view,2026-05-30T22:43:15
110,12,view,2026-05-30T22:44:00
44,2,view,2026-05-30T22:44:00
200,19,view,2026-05-30T22:44:44
414,12,view,2026-05-30T22:45:00
47,4,buy,2026-05-30T22:45:44
199,18,view,2026-05-30T22:46:16
44,2,add_to_cart,2026-05-30T22:47:02
200,19,add_to_cart,2026-05-30T22:47:19
343,18,view,2026-05-30T22:48:02
634,13,view,2026-05-30T22:48:18
20,14,view,2026-05-30T22:48:58
634,11,view,2026-05-30T22:49:00
200,19,buy,2026-05-30T22:50:05
558,11,view,2026-05-30T22:50:25
20,14,add_to_cart,2026-05-30T22:51:25
558,11,add_to_cart,2026-05-30T22:53:02
44,2,buy,2026-05-30T23:01:25
627,4,view,2026-05-31T07:00:00
160,1,view,2026-05-31T07:01:00
376,17,view,2026-05-31T07:01:00
116,6,view,2026-05-31T07:01:27
634,11,view,2026-05-31T07:02:00
256,7,view,2026-05-31T07:02:00
419,18,view,2026-05-31T07:02:00
405,7,view,2026-05-31T07:04:00
501,13,view,2026-05-31T07:04:00
634,10,view,2026-05-31T07:04:26
82,13,view,2026-05-31T07:05:00
626,12,view,2026-05-31T07:05:00
634,11,add_to_cart,2026-05-31T07:06:02
419,18,add_to_cart,2026-05-31T07:06:14
422,11,view,2026-05-31T07:06:27
238,16,view,2026-05-31T07:07:00
187,4,view,2026-05-31T07:07:00
555,2,view,2026-05-31T07:07:00
116,6,add_to_cart,2026-05-31T07:07:36
371,2,view,2026-05-31T07:08:00
502,10,view,2026-05-31T07:08:00
501,13,add_to_cart,2026-05-31T07:08:43
586,13,view,2026-05-31T07:09:00
539,10,view,2026-05-31T07:09:00
473,3,view,2026-05-31T07:09:00
473,3,add_to_cart,2026-05-31T07:09:46
258,7,view,2026-05-31T07:10:00
405,7,add_to_cart,2026-05-31T07:10:16
75,5,view,2026-05-31T07:11:00
482,1,view,2026-05-31T07:11:00
555,1,view,2026-05-31T07:11:00
405,7,buy,2026-05-31T07:11:39
555,2,buy,2026-05-31T07:11:44
258,7,add_to_cart,2026-05-31T07:11:55
82,13,add_to_cart,2026-05-31T07:11:56
278,11,view,2026-05-31T07:12:13
460,10,view,2026-05-31T07:12:19
136,16,view,2026-05-31T07:12:23
371,2,add_to_cart,2026-05-31T07:12:43
312,14,view,2026-05-31T07:13:00
596,8,view,2026-05-31T07:13:00
422,11,add_to_cart,2026-05-31T07:13:02
502,10,add_to_cart,2026-05-31T07:13:27
626,10,view,2026-05-31T07:13:32
136,16,add_to_cart,2026-05-31T07:13:43
539,10,add_to_cart,2026-05-31T07:13:46
586,13,add_to_cart,2026-05-31T07:13:51
238,17,view,2026-05-31T07:14:42
312,14,add_to_cart,2026-05-31T07:15:31
315,4,view,2026-05-31T07:16:00
545,6,view,2026-05-31T07:16:00
278,11,add_to_cart,2026-05-31T07:16:41
482,1,add_to_cart,2026-05-31T07:16:57
545,6,add_to_cart,2026-05-31T07:17:48
62,16,view,2026-05-31T07:18:00
368,4,view,2026-05-31T07:19:00
328,4,view,2026-05-31T07:20:00
315,4,view,2026-05-31T07:20:15
476,12,view,2026-05-31T07:20:45
200,6,view,2026-05-31T07:21:00
411,16,view,2026-05-31T07:21:00
199,19,view,2026-05-31T07:21:10
328,4,add_to_cart,2026-05-31T07:21:13
635,2,view,2026-05-31T07:22:00
545,6,buy,2026-05-31T07:22:48
545,8,view,2026-05-31T07:22:51
492,9,view,2026-05-31T07:23:00
368,4,view,2026-05-31T07:23:26
48,2,view,2026-05-31T07:23:56
332,16,view,2026-05-31T07:24:00
450,11,view,2026-05-31T07:24:00
644,9,view,2026-05-31T07:24:00
200,6,add_to_cart,2026-05-31T07:24:33
32,14,view,2026-05-31T07:25:00
501,13,buy,2026-05-31T07:25:41
165,14,view,2026-05-31T07:25:58
502,10,buy,2026-05-31T07:28:20
492,9,add_to_cart,2026-05-31T07:28:42
450,11,add_to_cart,2026-05-31T07:28:45
157,19,view,2026-05-31T07:29:00
419,18,buy,2026-05-31T07:30:43
165,14,add_to_cart,2026-05-31T07:31:42
332,16,buy,2026-05-31T07:31:43
220,14,view,2026-05-31T07:32:00
228,6,view,2026-05-31T07:32:00
609,12,view,2026-05-31T07:33:00
237,19,view,2026-05-31T07:34:00
566,12,view,2026-05-31T07:37:00
237,19,add_to_cart,2026-05-31T07:37:36
266,14,view,2026-05-31T07:38:00
545,6,view,2026-05-31T07:38:00
89,18,view,2026-05-31T07:38:10
235,2,view,2026-05-31T07:39:57
266,15,view,2026-05-31T07:40:00
566,12,add_to_cart,2026-05-31T07:40:06
564,15,view,2026-05-31T07:42:00
109,6,view,2026-05-31T07:42:00
89,18,add_to_cart,2026-05-31T07:42:14
482,1,buy,2026-05-31T07:42:25
332,6,view,2026-05-31T07:43:00
409,7,view,2026-05-31T07:43:00
140,11,view,2026-05-31T07:43:00
52,12,view,2026-05-31T07:43:00
266,14,add_to_cart,2026-05-31T07:43:30
89,19,view,2026-05-31T07:44:03
476,3,view,2026-05-31T07:45:00
567,18,view,2026-05-31T07:45:00
117,18,view,2026-05-31T07:45:00
417,8,view,2026-05-31T07:45:00
417,8,add_to_cart,2026-05-31T07:46:22
567,18,add_to_cart,2026-05-31T07:47:23
109,6,add_to_cart,2026-05-31T07:47:32
332,6,view,2026-05-31T07:47:54
450,10,view,2026-05-31T07:49:00
50,10,view,2026-05-31T07:50:00
117,18,add_to_cart,2026-05-31T07:50:32
492,9,buy,2026-05-31T07:51:15
384,14,view,2026-05-31T07:52:00
425,9,view,2026-05-31T07:52:00
50,10,add_to_cart,2026-05-31T07:52:11
521,6,view,2026-05-31T07:53:00
450,12,view,2026-05-31T07:53:27
384,14,add_to_cart,2026-05-31T07:53:44
77,5,view,2026-05-31T07:53:54
377,8,view,2026-05-31T07:54:00
4,11,view,2026-05-31T07:54:00
615,12,view,2026-05-31T07:55:00
612,7,view,2026-05-31T07:56:00
427,5,view,2026-05-31T07:57:00
550,10,view,2026-05-31T07:57:00
409,19,view,2026-05-31T07:57:00
490,19,view,2026-05-31T07:58:00
612,7,view,2026-05-31T07:58:16
615,12,add_to_cart,2026-05-31T07:58:17
384,14,buy,2026-05-31T07:58:32
77,4,view,2026-05-31T07:58:39
4,11,add_to_cart,2026-05-31T07:58:53
77,5,buy,2026-05-31T07:58:55
448,1,view,2026-05-31T07:59:00
155,17,view,2026-05-31T07:59:00
409,19,add_to_cart,2026-05-31T07:59:40
176,2,view,2026-05-31T08:00:00
374,15,view,2026-05-31T08:00:00
619,19,view,2026-05-31T08:00:00
612,10,view,2026-05-31T08:00:44
550,10,add_to_cart,2026-05-31T08:01:28
619,19,view,2026-05-31T08:01:36
596,1,view,2026-05-31T08:02:00
374,13,view,2026-05-31T08:02:34
377,7,view,2026-05-31T08:03:19
117,18,buy,2026-05-31T08:03:29
265,7,view,2026-05-31T08:04:00
498,14,view,2026-05-31T08:04:00
11,4,view,2026-05-31T08:04:28
587,17,view,2026-05-31T08:04:32
109,6,buy,2026-05-31T08:04:43
471,14,view,2026-05-31T08:05:00
265,7,add_to_cart,2026-05-31T08:05:45
155,17,add_to_cart,2026-05-31T08:05:59
346,13,view,2026-05-31T08:06:00
343,8,view,2026-05-31T08:06:00
619,19,add_to_cart,2026-05-31T08:06:36
425,9,buy,2026-05-31T08:06:54
342,10,view,2026-05-31T08:07:00
304,4,view,2026-05-31T08:07:00
498,13,view,2026-05-31T08:07:07
596,12,view,2026-05-31T08:08:00
471,14,add_to_cart,2026-05-31T08:08:07
448,4,view,2026-05-31T08:08:25
468,18,view,2026-05-31T08:09:00
574,11,view,2026-05-31T08:09:09
567,18,buy,2026-05-31T08:09:29
155,17,buy,2026-05-31T08:09:29
346,13,add_to_cart,2026-05-31T08:09:48
582,16,view,2026-05-31T08:10:00
266,14,buy,2026-05-31T08:10:14
596,12,add_to_cart,2026-05-31T08:10:16
346,14,view,2026-05-31T08:10:32
111,8,view,2026-05-31T08:11:00
574,11,add_to_cart,2026-05-31T08:11:55
352,5,view,2026-05-31T08:12:00
352,14,view,2026-05-31T08:12:00
135,6,view,2026-05-31T08:12:00
135,9,view,2026-05-31T08:12:26
111,8,add_to_cart,2026-05-31T08:12:56
230,17,view,2026-05-31T08:13:00
382,19,view,2026-05-31T08:13:03
360,4,view,2026-05-31T08:13:07
643,6,view,2026-05-31T08:13:29
557,18,view,2026-05-31T08:14:01
596,10,view,2026-05-31T08:14:49
352,4,view,2026-05-31T08:15:07
582,16,add_to_cart,2026-05-31T08:15:48
468,18,add_to_cart,2026-05-31T08:15:49
15,8,view,2026-05-31T08:16:00
85,18,view,2026-05-31T08:16:00
15,8,add_to_cart,2026-05-31T08:18:03
615,12,buy,2026-05-31T08:18:24
78,17,view,2026-05-31T08:19:00
85,19,view,2026-05-31T08:19:36
268,12,view,2026-05-31T08:20:00
131,5,view,2026-05-31T08:20:00
53,18,view,2026-05-31T08:20:45
338,13,view,2026-05-31T08:20:53
50,10,buy,2026-05-31T08:21:16
613,13,view,2026-05-31T08:22:00
340,12,view,2026-05-31T08:23:00
78,17,add_to_cart,2026-05-31T08:23:19
479,15,view,2026-05-31T08:24:00
468,6,view,2026-05-31T08:24:00
268,12,add_to_cart,2026-05-31T08:24:24
338,13,add_to_cart,2026-05-31T08:24:26
292,7,view,2026-05-31T08:25:00
409,19,buy,2026-05-31T08:25:15
268,10,view,2026-05-31T08:26:38
53,18,add_to_cart,2026-05-31T08:26:46
468,6,add_to_cart,2026-05-31T08:27:06
479,15,add_to_cart,2026-05-31T08:27:08
292,9,view,2026-05-31T08:27:26
17,6,view,2026-05-31T08:28:00
234,15,view,2026-05-31T08:28:00
468,18,buy,2026-05-31T08:30:13
293,12,view,2026-05-31T08:31:57
17,6,add_to_cart,2026-05-31T08:33:19
574,11,buy,2026-05-31T08:35:58
471,14,buy,2026-05-31T08:36:11
338,13,buy,2026-05-31T08:36:33
582,16,buy,2026-05-31T08:37:31
561,6,view,2026-05-31T08:37:38
346,13,buy,2026-05-31T08:38:08
53,18,buy,2026-05-31T08:44:22
73,10,view,2026-05-31T08:49:27
17,6,buy,2026-05-31T08:56:20
177,18,view,2026-05-31T08:56:26
434,14,view,2026-05-31T08:57:40
177,18,add_to_cart,2026-05-31T08:57:47
434,15,view,2026-05-31T09:02:14
58,7,view,2026-05-31T09:21:42
177,18,buy,2026-05-31T09:25:56
58,7,add_to_cart,2026-05-31T09:26:16
403,1,view,2026-05-31T09:28:23
90,12,view,2026-05-31T09:28:28
436,17,view,2026-05-31T09:28:56
58,8,view,2026-05-31T09:31:26
90,12,add_to_cart,2026-05-31T09:32:29
436,17,add_to_cart,2026-05-31T09:34:19
58,7,buy,2026-05-31T09:35:53
261,14,view,2026-05-31T09:43:26
90,12,buy,2026-05-31T09:58:30
289,19,view,2026-05-31T10:00:40
289,18,view,2026-05-31T10:01:52
436,17,buy,2026-05-31T10:02:05
289,19,add_to_cart,2026-05-31T10:02:40
409,14,view,2026-05-31T10:04:27
38,16,view,2026-05-31T10:04:52
38,16,add_to_cart,2026-05-31T10:06:10
38,16,view,2026-05-31T10:09:04
164,11,view,2026-05-31T10:22:08
190,16,view,2026-05-31T10:24:50
197,19,view,2026-05-31T10:24:56
190,16,add_to_cart,2026-05-31T10:26:37
331,4,view,2026-05-31T10:26:42
289,19,buy,2026-05-31T10:29:34
331,3,view,2026-05-31T10:33:09
331,4,add_to_cart,2026-05-31T10:33:34
578,10,view,2026-05-31T10:35:30
524,6,view,2026-05-31T10:35:45
508,13,view,2026-05-31T10:38:47
508,13,view,2026-05-31T10:41:06
578,10,add_to_cart,2026-05-31T10:41:23
562,13,view,2026-05-31T10:41:45
369,9,view,2026-05-31T10:42:45
369,9,view,2026-05-31T10:44:04
141,18,view,2026-05-31T10:45:28
141,18,view,2026-05-31T10:46:48
540,11,view,2026-05-31T10:46:55
540,10,view,2026-05-31T10:49:15
199,7,view,2026-05-31T10:51:55
190,16,buy,2026-05-31T10:54:59
107,5,view,2026-05-31T10:58:47
227,2,view,2026-05-31T10:58:54
277,14,view,2026-05-31T10:58:55
578,10,buy,2026-05-31T10:59:30
592,2,view,2026-05-31T11:06:24
304,13,view,2026-05-31T11:19:32
515,3,view,2026-05-31T11:20:07
515,4,view,2026-05-31T11:25:44
592,5,view,2026-05-31T11:40:58
557,13,view,2026-05-31T11:41:19
557,15,view,2026-05-31T11:42:31
592,3,view,2026-05-31T11:42:34
557,13,add_to_cart,2026-05-31T11:43:21
396,11,view,2026-05-31T11:43:58
557,13,buy,2026-05-31T11:48:21
256,13,view,2026-05-31T11:48:24
256,13,add_to_cart,2026-05-31T11:49:46
256,13,buy,2026-05-31T11:51:59
19,14,view,2026-05-31T11:53:38
19,14,add_to_cart,2026-05-31T11:55:00
608,2,view,2026-05-31T12:06:06
432,17,view,2026-05-31T12:06:17
248,13,view,2026-05-31T12:07:27
608,4,view,2026-05-31T12:10:12
609,19,view,2026-05-31T12:10:29
608,2,add_to_cart,2026-05-31T12:11:59
609,19,add_to_cart,2026-05-31T12:16:46
609,19,buy,2026-05-31T12:22:47
94,17,view,2026-05-31T12:28:47
412,7,view,2026-05-31T12:29:46
80,14,view,2026-05-31T12:30:10
412,7,add_to_cart,2026-05-31T12:30:50
468,12,view,2026-05-31T12:35:28
468,12,add_to_cart,2026-05-31T12:40:07
468,11,view,2026-05-31T12:41:01
394,13,view,2026-05-31T12:49:00
160,4,view,2026-05-31T12:51:22
42,10,view,2026-05-31T12:51:31
246,12,view,2026-05-31T12:52:17
342,17,view,2026-05-31T12:53:01
42,10,add_to_cart,2026-05-31T12:55:49
61,14,view,2026-05-31T12:55:51
468,12,buy,2026-05-31T12:56:35
61,14,add_to_cart,2026-05-31T13:01:48
437,10,view,2026-05-31T13:02:36
437,10,add_to_cart,2026-05-31T13:04:51
147,16,view,2026-05-31T13:11:38
318,10,view,2026-05-31T13:12:13
437,10,buy,2026-05-31T13:15:33
222,16,view,2026-05-31T13:16:19
411,15,view,2026-05-31T13:23:55
277,14,view,2026-05-31T13:27:07
166,10,view,2026-05-31T13:27:31
284,6,view,2026-05-31T13:27:42
411,14,view,2026-05-31T13:28:59
284,6,add_to_cart,2026-05-31T13:30:21
29,18,view,2026-05-31T13:31:21
166,10,add_to_cart,2026-05-31T13:34:18
509,14,view,2026-05-31T13:36:19
427,1,view,2026-05-31T13:38:21
509,13,view,2026-05-31T13:38:30
509,14,add_to_cart,2026-05-31T13:38:42
427,1,add_to_cart,2026-05-31T13:41:19
365,4,view,2026-05-31T13:43:52
535,3,view,2026-05-31T13:45:24
535,2,view,2026-05-31T13:48:13
319,8,view,2026-05-31T13:50:51
159,11,view,2026-05-31T13:50:58
319,8,add_to_cart,2026-05-31T13:53:24
159,11,add_to_cart,2026-05-31T13:53:43
284,6,buy,2026-05-31T13:58:02
166,10,buy,2026-05-31T14:02:16
604,7,view,2026-05-31T14:08:55
235,4,view,2026-05-31T14:11:21
604,6,view,2026-05-31T14:11:23
159,11,buy,2026-05-31T14:15:43
491,15,view,2026-05-31T14:18:21
491,13,view,2026-05-31T14:20:52
363,12,view,2026-05-31T14:22:20
82,15,view,2026-05-31T14:23:38
292,12,view,2026-05-31T14:24:25
301,18,view,2026-05-31T14:24:42
335,7,view,2026-05-31T14:25:02
335,9,view,2026-05-31T14:25:27
115,17,view,2026-05-31T14:27:13
115,17,view,2026-05-31T14:28:49
292,12,add_to_cart,2026-05-31T14:29:10
301,18,add_to_cart,2026-05-31T14:29:26
363,12,view,2026-05-31T14:29:45
10,11,view,2026-05-31T14:30:59
335,7,add_to_cart,2026-05-31T14:31:48
10,11,add_to_cart,2026-05-31T14:32:08
92,12,view,2026-05-31T14:33:40
292,12,buy,2026-05-31T14:35:47
92,12,add_to_cart,2026-05-31T14:38:07
32,13,view,2026-05-31T14:39:03
510,17,view,2026-05-31T14:39:38
185,8,view,2026-05-31T14:40:16
227,2,view,2026-05-31T14:41:22
499,16,view,2026-05-31T14:42:19
510,17,add_to_cart,2026-05-31T14:42:48
185,8,add_to_cart,2026-05-31T14:43:43
227,1,view,2026-05-31T14:46:48
492,18,view,2026-05-31T14:47:08
554,18,view,2026-05-31T14:47:58
499,16,buy,2026-05-31T14:48:12
241,6,view,2026-05-31T14:48:23
492,18,add_to_cart,2026-05-31T14:50:25
479,9,view,2026-05-31T14:55:09
144,14,view,2026-05-31T14:55:52
144,14,add_to_cart,2026-05-31T14:56:55
144,14,view,2026-05-31T15:02:33
391,9,view,2026-05-31T15:05:23
92,12,buy,2026-05-31T15:07:55
492,18,buy,2026-05-31T15:10:31
144,14,buy,2026-05-31T15:21:34
308,19,view,2026-05-31T15:23:41
536,4,view,2026-05-31T15:24:01
308,19,add_to_cart,2026-05-31T15:27:05
308,18,view,2026-05-31T15:28:57
304,4,view,2026-05-31T15:30:27
613,19,view,2026-05-31T15:41:08
455,3,view,2026-05-31T15:45:07
455,3,add_to_cart,2026-05-31T15:46:45
442,10,view,2026-05-31T15:47:37
442,12,view,2026-05-31T15:50:34
396,10,view,2026-05-31T15:50:39
396,10,view,2026-05-31T15:57:29
219,1,view,2026-05-31T16:01:06
627,4,view,2026-05-31T16:11:07
222,17,view,2026-05-31T16:19:38
129,8,view,2026-05-31T16:22:17
222,17,add_to_cart,2026-05-31T16:22:18
129,9,view,2026-05-31T16:26:46
491,2,view,2026-05-31T17:00:38
297,9,view,2026-05-31T17:01:47
60,7,view,2026-05-31T17:03:27
297,9,buy,2026-05-31T17:04:58
491,2,add_to_cart,2026-05-31T17:06:00
403,17,view,2026-05-31T17:06:45
60,7,add_to_cart,2026-05-31T17:09:44
403,16,view,2026-05-31T17:13:14
491,2,buy,2026-05-31T17:14:46
60,7,buy,2026-05-31T17:15:52
136,11,view,2026-05-31T17:19:05
84,10,view,2026-05-31T17:19:47
268,13,view,2026-05-31T17:20:39
84,10,add_to_cart,2026-05-31T17:23:47
299,15,view,2026-05-31T17:29:06
218,10,view,2026-05-31T17:33:52
205,2,view,2026-05-31T17:34:35
158,11,view,2026-05-31T17:35:20
218,12,view,2026-05-31T17:38:22
349,18,view,2026-05-31T17:42:00
19,8,view,2026-05-31T17:43:21
19,8,add_to_cart,2026-05-31T17:44:43
19,7,view,2026-05-31T17:45:31
137,19,view,2026-05-31T17:52:48
137,19,add_to_cart,2026-05-31T17:54:46
258,14,view,2026-05-31T17:57:32
55,4,view,2026-05-31T17:57:38
137,19,view,2026-05-31T18:01:50
185,18,view,2026-05-31T18:05:06
502,11,view,2026-05-31T18:06:54
19,8,buy,2026-05-31T18:07:24
477,13,view,2026-05-31T18:08:36
185,18,add_to_cart,2026-05-31T18:08:40
137,19,buy,2026-05-31T18:09:26
223,3,view,2026-05-31T18:11:59
24,13,view,2026-05-31T18:12:42
609,6,view,2026-05-31T18:14:31
609,6,add_to_cart,2026-05-31T18:15:09
343,18,view,2026-05-31T18:25:27
439,2,view,2026-05-31T18:30:43
418,14,view,2026-05-31T18:33:52
418,14,add_to_cart,2026-05-31T18:35:45
35,3,view,2026-05-31T18:36:45
37,18,view,2026-05-31T18:38:15
504,4,view,2026-05-31T18:41:55
566,17,view,2026-05-31T18:57:50
418,14,buy,2026-05-31T18:59:49
196,9,view,2026-05-31T19:01:35
184,3,view,2026-05-31T19:02:20
566,17,add_to_cart,2026-05-31T19:04:49
566,17,view,2026-05-31T19:05:26
446,17,view,2026-05-31T19:05:59
183,10,view,2026-05-31T19:09:48
446,16,view,2026-05-31T19:11:04
478,12,view,2026-05-31T19:22:33
632,2,view,2026-05-31T19:26:27
566,17,buy,2026-05-31T19:29:00
487,18,view,2026-05-31T19:33:43
487,18,add_to_cart,2026-05-31T19:34:35
615,8,view,2026-05-31T19:34:39
197,15,view,2026-05-31T19:37:56
458,10,view,2026-05-31T19:38:53
301,13,view,2026-05-31T19:40:31
615,8,add_to_cart,2026-05-31T19:40:43
353,8,view,2026-05-31T19:41:12
208,14,view,2026-05-31T19:42:14
458,10,add_to_cart,2026-05-31T19:45:32
301,13,add_to_cart,2026-05-31T19:47:08
208,14,add_to_cart,2026-05-31T19:47:26
353,8,view,2026-05-31T19:49:02
458,10,buy,2026-05-31T19:51:03
615,8,buy,2026-05-31T19:57:25
208,14,buy,2026-05-31T20:06:22
420,7,view,2026-05-31T20:14:45
590,10,view,2026-05-31T20:23:18
537,9,view,2026-05-31T20:25:39
590,10,add_to_cart,2026-05-31T20:26:47
537,9,add_to_cart,2026-05-31T20:30:26
5,18,view,2026-05-31T20:33:44
5,18,add_to_cart,2026-05-31T20:35:47
330,15,view,2026-05-31T20:38:23
537,9,buy,2026-05-31T20:40:00
546,13,view,2026-05-31T20:40:29
546,13,add_to_cart,2026-05-31T20:41:09
330,15,buy,2026-05-31T20:42:24
499,16,view,2026-05-31T20:42:43
99,4,view,2026-05-31T20:50:59
276,11,view,2026-05-31T20:54:27
346,17,view,2026-05-31T20:54:37
577,8,view,2026-05-31T20:55:51
346,17,view,2026-05-31T20:55:53
99,4,add_to_cart,2026-05-31T20:57:19
512,14,view,2026-05-31T20:57:26
512,14,add_to_cart,2026-05-31T20:59:52
5,18,buy,2026-05-31T21:04:17
84,6,view,2026-05-31T21:06:12
546,13,buy,2026-05-31T21:06:46
84,6,add_to_cart,2026-05-31T21:07:33
99,4,buy,2026-05-31T21:08:00
346,17,buy,2026-05-31T21:08:46
270,17,view,2026-05-31T21:10:42
84,7,view,2026-05-31T21:12:05
621,15,view,2026-05-31T21:14:13
270,17,buy,2026-05-31T21:14:23
145,19,view,2026-05-31T21:14:29
145,19,add_to_cart,2026-05-31T21:19:59
24,14,view,2026-05-31T21:20:43
145,18,view,2026-05-31T21:21:27
512,14,buy,2026-05-31T21:23:18
421,18,view,2026-05-31T21:23:45
24,14,add_to_cart,2026-05-31T21:26:44
421,19,view,2026-05-31T21:29:08
145,19,buy,2026-05-31T21:33:15
200,1,view,2026-05-31T21:41:54
319,10,view,2026-05-31T22:00:00
337,7,view,2026-05-31T22:01:00
429,18,view,2026-05-31T22:01:48
319,11,view,2026-05-31T22:02:41
64,14,view,2026-05-31T22:03:00
429,18,add_to_cart,2026-05-31T22:03:16
373,19,view,2026-05-31T22:08:00
258,13,view,2026-05-31T22:08:25
65,7,view,2026-05-31T22:08:34
429,18,buy,2026-05-31T22:09:06
64,13,view,2026-05-31T22:10:01
614,10,view,2026-05-31T22:11:00
550,10,view,2026-05-31T22:13:00
258,13,add_to_cart,2026-05-31T22:13:57
258,14,view,2026-05-31T22:14:14
550,10,view,2026-05-31T22:14:46
65,7,add_to_cart,2026-05-31T22:14:49
614,10,add_to_cart,2026-05-31T22:14:53
89,17,view,2026-05-31T22:15:00
105,19,view,2026-05-31T22:15:00
337,7,buy,2026-05-31T22:15:10
352,14,view,2026-05-31T22:15:25
167,2,view,2026-05-31T22:17:04
472,13,view,2026-05-31T22:18:38
105,19,add_to_cart,2026-05-31T22:21:28
167,4,view,2026-05-31T22:21:43
525,13,view,2026-05-31T22:22:46
128,19,view,2026-05-31T22:23:09
128,19,view,2026-05-31T22:23:44
4,4,view,2026-05-31T22:24:00
27,17,view,2026-05-31T22:25:00
128,19,add_to_cart,2026-05-31T22:25:56
439,1,view,2026-05-31T22:26:00
570,11,view,2026-05-31T22:27:40
27,17,add_to_cart,2026-05-31T22:28:43
27,17,view,2026-05-31T22:28:43
419,16,view,2026-05-31T22:29:43
614,10,buy,2026-05-31T22:31:03
79,4,view,2026-05-31T22:34:00
439,1,view,2026-05-31T22:34:06
191,17,view,2026-05-31T22:35:02
531,5,view,2026-05-31T22:35:44
33,18,view,2026-05-31T22:35:52
311,1,view,2026-05-31T22:36:00
191,17,view,2026-05-31T22:36:56
283,4,view,2026-05-31T22:37:25
586,13,view,2026-05-31T22:40:54
191,17,add_to_cart,2026-05-31T22:41:28
128,19,buy,2026-05-31T22:41:49
65,7,buy,2026-05-31T22:42:03
586,13,add_to_cart,2026-05-31T22:46:23
330,10,view,2026-05-31T22:48:08
311,1,buy,2026-05-31T22:50:20
348,8,view,2026-05-31T22:53:01
330,10,view,2026-05-31T22:54:07
393,18,view,2026-05-31T22:57:06
348,8,add_to_cart,2026-05-31T22:57:49
27,17,buy,2026-05-31T22:58:04
393,18,buy,2026-05-31T23:03:05
191,17,buy,2026-05-31T23:09:02
586,13,buy,2026-05-31T23:12:32
52,10,view,2026-06-01T07:00:00
637,13,view,2026-06-01T07:00:00
190,16,view,2026-06-01T07:03:00
190,16,add_to_cart,2026-06-01T07:03:45
134,12,view,2026-06-01T07:04:00
84,17,view,2026-06-01T07:04:00
39,17,view,2026-06-01T07:04:00
423,8,view,2026-06-01T07:04:00
253,19,view,2026-06-01T07:05:00
459,19,view,2026-06-01T07:05:00
452,6,view,2026-06-01T07:06:00
313,18,view,2026-06-01T07:06:00
52,10,add_to_cart,2026-06-01T07:06:22
67,3,view,2026-06-01T07:06:30
247,5,view,2026-06-01T07:07:00
253,19,add_to_cart,2026-06-01T07:07:46
313,18,add_to_cart,2026-06-01T07:07:59
428,9,view,2026-06-01T07:08:00
423,8,add_to_cart,2026-06-01T07:08:38
428,9,add_to_cart,2026-06-01T07:08:51
460,10,view,2026-06-01T07:09:00
236,12,view,2026-06-01T07:09:00
39,17,buy,2026-06-01T07:09:36
167,19,view,2026-06-01T07:12:00
459,18,view,2026-06-01T07:12:50
377,8,view,2026-06-01T07:13:00
423,9,view,2026-06-01T07:13:20
313,19,view,2026-06-01T07:13:37
345,18,view,2026-06-01T07:14:00
109,18,view,2026-06-01T07:14:34
460,10,add_to_cart,2026-06-01T07:14:39
313,18,buy,2026-06-01T07:14:42
563,4,view,2026-06-01T07:15:00
345,18,add_to_cart,2026-06-01T07:15:05
247,4,view,2026-06-01T07:15:15
533,7,view,2026-06-01T07:18:00
109,19,view,2026-06-01T07:18:06
428,9,buy,2026-06-01T07:18:51
611,3,view,2026-06-01T07:19:00
545,19,view,2026-06-01T07:20:08
563,4,add_to_cart,2026-06-01T07:20:12
14,17,view,2026-06-01T07:21:00
265,19,view,2026-06-01T07:21:00
109,18,add_to_cart,2026-06-01T07:21:07
218,12,view,2026-06-01T07:22:00
345,18,buy,2026-06-01T07:22:15
535,18,view,2026-06-01T07:22:15
100,12,view,2026-06-01T07:23:00
19,11,view,2026-06-01T07:24:00
460,9,view,2026-06-01T07:24:00
152,13,view,2026-06-01T07:25:57
14,17,add_to_cart,2026-06-01T07:26:18
218,12,add_to_cart,2026-06-01T07:26:28
111,16,view,2026-06-01T07:27:00
126,10,view,2026-06-01T07:27:00
17,18,view,2026-06-01T07:27:00
470,10,view,2026-06-01T07:27:00
590,10,view,2026-06-01T07:27:46
429,12,view,2026-06-01T07:28:00
34,14,view,2026-06-01T07:28:00
563,4,buy,2026-06-01T07:28:13
182,18,view,2026-06-01T07:28:18
14,16,view,2026-06-01T07:28:30
126,10,add_to_cart,2026-06-01T07:29:13
470,10,add_to_cart,2026-06-01T07:30:09
82,14,view,2026-06-01T07:30:25
429,12,add_to_cart,2026-06-01T07:31:16
647,7,view,2026-06-01T07:31:27
510,10,view,2026-06-01T07:32:00
17,18,add_to_cart,2026-06-01T07:32:28
598,12,view,2026-06-01T07:33:00
82,14,add_to_cart,2026-06-01T07:33:48
588,13,view,2026-06-01T07:35:00
21,13,view,2026-06-01T07:35:00
590,10,view,2026-06-01T07:35:20
460,10,buy,2026-06-01T07:35:31
192,15,view,2026-06-01T07:36:00
312,5,view,2026-06-01T07:36:00
395,17,view,2026-06-01T07:37:00
270,17,view,2026-06-01T07:37:23
312,1,view,2026-06-01T07:37:39
400,13,view,2026-06-01T07:38:08
466,13,view,2026-06-01T07:39:00
400,14,view,2026-06-01T07:39:57
590,12,view,2026-06-01T07:40:22
21,13,add_to_cart,2026-06-01T07:41:10
267,2,view,2026-06-01T07:41:26
270,16,view,2026-06-01T07:41:45
446,16,view,2026-06-01T07:42:00
479,1,view,2026-06-01T07:42:03
379,16,view,2026-06-01T07:42:43
449,19,view,2026-06-01T07:43:00
389,14,view,2026-06-01T07:43:00
270,17,add_to_cart,2026-06-01T07:43:10
191,9,view,2026-06-01T07:43:19
395,17,buy,2026-06-01T07:43:36
528,7,view,2026-06-01T07:44:00
531,4,view,2026-06-01T07:45:00
14,17,buy,2026-06-01T07:45:11
389,14,add_to_cart,2026-06-01T07:45:42
218,12,buy,2026-06-01T07:45:51
213,15,view,2026-06-01T07:46:00
480,14,view,2026-06-01T07:46:09
446,16,add_to_cart,2026-06-01T07:46:44
449,19,add_to_cart,2026-06-01T07:47:28
528,7,add_to_cart,2026-06-01T07:47:35
192,15,buy,2026-06-01T07:47:40
379,17,view,2026-06-01T07:48:23
21,13,buy,2026-06-01T07:48:34
619,5,view,2026-06-01T07:48:49
479,1,add_to_cart,2026-06-01T07:48:56
525,15,view,2026-06-01T07:50:35
244,10,view,2026-06-01T07:52:00
563,17,view,2026-06-01T07:53:00
317,15,view,2026-06-01T07:53:00
17,18,buy,2026-06-01T07:53:38
479,1,buy,2026-06-01T07:53:40
566,19,view,2026-06-01T07:55:00
375,5,view,2026-06-01T07:56:00
566,19,add_to_cart,2026-06-01T07:56:54
375,1,view,2026-06-01T07:57:10
525,15,view,2026-06-01T07:57:58
317,15,add_to_cart,2026-06-01T07:58:01
508,12,view,2026-06-01T08:00:00
232,14,view,2026-06-01T08:00:47
1,13,view,2026-06-01T08:01:00
484,12,view,2026-06-01T08:01:00
389,14,buy,2026-06-01T08:01:37
278,19,view,2026-06-01T08:01:42
620,6,view,2026-06-01T08:02:11
1,13,add_to_cart,2026-06-01T08:02:40
200,4,view,2026-06-01T08:03:00
449,19,buy,2026-06-01T08:04:15
491,17,view,2026-06-01T08:05:00
620,6,add_to_cart,2026-06-01T08:05:57
111,4,view,2026-06-01T08:06:00
200,4,add_to_cart,2026-06-01T08:06:34
569,9,view,2026-06-01T08:07:00
491,17,add_to_cart,2026-06-01T08:08:03
79,9,view,2026-06-01T08:08:29
79,8,view,2026-06-01T08:08:57
46,17,view,2026-06-01T08:09:00
479,5,view,2026-06-01T08:09:00
446,16,buy,2026-06-01T08:09:24
232,14,view,2026-06-01T08:09:46
528,7,buy,2026-06-01T08:10:15
484,10,view,2026-06-01T08:10:41
554,15,view,2026-06-01T08:11:00
46,17,add_to_cart,2026-06-01T08:11:38
80,3,view,2026-06-01T08:12:00
200,1,view,2026-06-01T08:12:40
534,17,view,2026-06-01T08:13:00
46,17,view,2026-06-01T08:13:19
566,19,buy,2026-06-01T08:13:31
317,15,buy,2026-06-01T08:13:39
51,15,view,2026-06-01T08:14:00
554,15,add_to_cart,2026-06-01T08:14:33
434,10,view,2026-06-01T08:15:00
20,7,view,2026-06-01T08:16:00
346,12,view,2026-06-01T08:16:00
635,17,view,2026-06-01T08:16:00
554,15,view,2026-06-01T08:16:13
51,15,add_to_cart,2026-06-01T08:16:19
574,12,view,2026-06-01T08:17:00
598,12,view,2026-06-01T08:18:00
270,10,view,2026-06-01T08:18:00
196,10,view,2026-06-01T08:18:37
536,14,view,2026-06-01T08:19:00
346,12,add_to_cart,2026-06-01T08:19:46
196,10,add_to_cart,2026-06-01T08:19:54
223,8,view,2026-06-01T08:20:00
141,10,view,2026-06-01T08:20:00
534,16,view,2026-06-01T08:20:38
332,8,view,2026-06-01T08:20:54
254,6,view,2026-06-01T08:21:07
270,12,view,2026-06-01T08:21:16
635,17,add_to_cart,2026-06-01T08:21:41
536,14,add_to_cart,2026-06-01T08:21:48
395,4,view,2026-06-01T08:23:00
297,6,view,2026-06-01T08:24:00
223,8,add_to_cart,2026-06-01T08:24:46
35,4,view,2026-06-01T08:24:59
134,13,view,2026-06-01T08:25:00
89,6,view,2026-06-01T08:25:00
169,9,view,2026-06-01T08:25:00
493,10,view,2026-06-01T08:25:00
297,6,add_to_cart,2026-06-01T08:25:10
134,13,add_to_cart,2026-06-01T08:25:54
332,8,add_to_cart,2026-06-01T08:25:56
89,9,view,2026-06-01T08:25:58
613,7,view,2026-06-01T08:26:00
282,11,view,2026-06-01T08:26:00
46,17,buy,2026-06-01T08:26:22
134,13,view,2026-06-01T08:27:02
519,17,view,2026-06-01T08:28:00
602,12,view,2026-06-01T08:28:00
602,12,add_to_cart,2026-06-01T08:28:40
139,2,view,2026-06-01T08:28:42
346,12,buy,2026-06-01T08:28:43
199,16,view,2026-06-01T08:28:47
143,18,view,2026-06-01T08:29:00
519,17,add_to_cart,2026-06-01T08:29:40
139,3,view,2026-06-01T08:30:59
297,6,view,2026-06-01T08:31:25
282,11,view,2026-06-01T08:33:44
437,18,view,2026-06-01T08:34:06
196,10,buy,2026-06-01T08:35:19
602,10,view,2026-06-01T08:35:24
620,6,buy,2026-06-01T08:35:34
554,15,buy,2026-06-01T08:35:41
297,6,buy,2026-06-01T08:40:18
292,9,view,2026-06-01T08:44:24
412,16,view,2026-06-01T08:44:28
519,17,buy,2026-06-01T08:47:33
332,8,buy,2026-06-01T08:49:11
412,17,view,2026-06-01T08:52:37
62,11,view,2026-06-01T08:56:48
557,18,view,2026-06-01T09:00:02
412,10,view,2026-06-01T09:00:24
458,15,view,2026-06-01T09:03:28
249,19,view,2026-06-01T09:04:36
314,15,view,2026-06-01T09:06:48
314,15,add_to_cart,2026-06-01T09:07:51
62,11,buy,2026-06-01T09:08:10
249,19,add_to_cart,2026-06-01T09:10:12
98,13,view,2026-06-01T09:10:50
446,10,view,2026-06-01T09:12:26
314,14,view,2026-06-01T09:13:52
237,11,view,2026-06-01T09:16:17
314,15,buy,2026-06-01T09:19:23
237,11,add_to_cart,2026-06-01T09:20:07
98,13,buy,2026-06-01T09:20:14
533,6,view,2026-06-01T09:22:00
401,18,view,2026-06-01T09:23:26
401,18,add_to_cart,2026-06-01T09:24:04
535,9,view,2026-06-01T09:25:59
535,9,add_to_cart,2026-06-01T09:26:36
277,13,view,2026-06-01T09:28:13
442,12,view,2026-06-01T09:28:19
401,18,buy,2026-06-01T09:33:55
196,8,view,2026-06-01T09:34:53
442,11,view,2026-06-01T09:35:26
196,6,view,2026-06-01T09:37:30
214,18,view,2026-06-01T09:37:51
229,13,view,2026-06-01T09:38:03
138,11,view,2026-06-01T09:38:35
406,10,view,2026-06-01T09:39:16
229,13,add_to_cart,2026-06-01T09:39:17
138,11,add_to_cart,2026-06-01T09:40:28
237,11,buy,2026-06-01T09:42:05
503,19,view,2026-06-01T09:42:32
472,4,view,2026-06-01T09:44:37
292,10,view,2026-06-01T09:46:47
503,19,view,2026-06-01T09:48:22
535,9,buy,2026-06-01T09:53:43
49,7,view,2026-06-01T09:55:09
358,10,view,2026-06-01T09:56:57
49,7,add_to_cart,2026-06-01T09:58:26
358,10,add_to_cart,2026-06-01T09:59:52
49,7,buy,2026-06-01T10:02:46
173,19,view,2026-06-01T10:10:11
56,15,view,2026-06-01T10:12:43
232,2,view,2026-06-01T10:13:50
173,19,add_to_cart,2026-06-01T10:13:56
173,19,buy,2026-06-01T10:18:05
173,19,view,2026-06-01T10:19:14
232,2,add_to_cart,2026-06-01T10:19:26
32,5,view,2026-06-01T10:19:59
438,19,view,2026-06-01T10:23:11
173,13,view,2026-06-01T10:34:00
561,6,view,2026-06-01T10:36:41
173,13,add_to_cart,2026-06-01T10:36:52
173,13,view,2026-06-01T10:41:09
561,6,add_to_cart,2026-06-01T10:43:30
254,11,view,2026-06-01T10:44:25
529,9,view,2026-06-01T10:44:50
155,3,view,2026-06-01T10:45:22
173,13,buy,2026-06-01T10:47:26
254,12,view,2026-06-01T10:48:37
529,9,add_to_cart,2026-06-01T10:48:48
556,18,view,2026-06-01T10:49:22
155,3,add_to_cart,2026-06-01T10:50:56
529,9,buy,2026-06-01T11:06:59
253,16,view,2026-06-01T11:24:54
217,3,view,2026-06-01T11:27:22
253,16,add_to_cart,2026-06-01T11:29:35
253,17,view,2026-06-01T11:29:52
33,18,view,2026-06-01T11:32:59
33,18,add_to_cart,2026-06-01T11:33:40
40,11,view,2026-06-01T11:38:57
40,11,add_to_cart,2026-06-01T11:41:58
248,13,view,2026-06-01T11:42:00
33,18,view,2026-06-01T11:42:09
648,1,view,2026-06-01T11:42:23
399,10,view,2026-06-01T11:43:52
248,13,add_to_cart,2026-06-01T11:47:39
170,12,view,2026-06-01T11:48:45
324,6,view,2026-06-01T11:53:58
247,2,view,2026-06-01T11:54:36
324,6,add_to_cart,2026-06-01T11:55:35
170,12,add_to_cart,2026-06-01T11:55:41
253,16,buy,2026-06-01T11:58:42
476,6,view,2026-06-01T12:01:58
560,4,view,2026-06-01T12:03:02
476,6,add_to_cart,2026-06-01T12:05:30
297,19,view,2026-06-01T12:05:41
248,13,buy,2026-06-01T12:07:20
560,5,view,2026-06-01T12:07:27
297,18,view,2026-06-01T12:10:42
170,12,buy,2026-06-01T12:11:49
348,11,view,2026-06-01T12:12:27
236,6,view,2026-06-01T12:12:49
623,9,view,2026-06-01T12:14:41
320,4,view,2026-06-01T12:15:28
324,6,buy,2026-06-01T12:21:31
520,13,view,2026-06-01T12:22:37
301,15,view,2026-06-01T12:26:15
301,15,add_to_cart,2026-06-01T12:27:17
647,4,view,2026-06-01T12:27:47
301,15,buy,2026-06-01T12:30:57
520,14,view,2026-06-01T12:31:02
626,12,view,2026-06-01T12:31:23
389,18,view,2026-06-01T12:33:13
389,18,view,2026-06-01T12:37:05
493,15,view,2026-06-01T12:37:58
389,18,add_to_cart,2026-06-01T12:38:08
237,10,view,2026-06-01T12:39:04
493,15,add_to_cart,2026-06-01T12:43:05
387,2,view,2026-06-01T12:43:41
237,11,view,2026-06-01T12:45:53
493,14,view,2026-06-01T12:47:24
164,13,view,2026-06-01T12:49:32
254,17,view,2026-06-01T12:50:58
164,13,add_to_cart,2026-06-01T12:53:11
186,18,view,2026-06-01T12:56:43
164,15,view,2026-06-01T12:56:56
466,10,view,2026-06-01T13:03:17
467,3,view,2026-06-01T13:05:41
333,13,view,2026-06-01T13:06:37
466,10,add_to_cart,2026-06-01T13:07:10
333,13,add_to_cart,2026-06-01T13:09:45
333,13,view,2026-06-01T13:09:50
346,14,view,2026-06-01T13:09:54
346,14,add_to_cart,2026-06-01T13:16:40
466,10,buy,2026-06-01T13:17:28
136,1,view,2026-06-01T13:21:28
645,14,view,2026-06-01T13:25:05
136,1,add_to_cart,2026-06-01T13:26:10
509,14,view,2026-06-01T13:27:35
509,14,add_to_cart,2026-06-01T13:28:50
94,11,view,2026-06-01T13:29:31
136,2,view,2026-06-01T13:30:23
509,14,view,2026-06-01T13:35:40
50,13,view,2026-06-01T13:36:47
50,13,add_to_cart,2026-06-01T13:39:34
457,19,view,2026-06-01T13:43:59
509,14,buy,2026-06-01T13:44:45
502,16,view,2026-06-01T13:44:45
58,12,view,2026-06-01T13:44:55
457,19,add_to_cart,2026-06-01T13:50:16
413,15,view,2026-06-01T13:54:40
413,13,view,2026-06-01T13:55:16
316,10,view,2026-06-01T13:56:17
454,6,view,2026-06-01T14:09:29
363,17,view,2026-06-01T14:11:22
307,4,view,2026-06-01T14:12:30
457,19,buy,2026-06-01T14:12:33
363,16,view,2026-06-01T14:17:26
63,18,view,2026-06-01T14:21:06
281,19,view,2026-06-01T14:24:08
464,16,view,2026-06-01T14:27:53
11,2,view,2026-06-01T14:28:31
281,19,view,2026-06-01T14:29:29
281,19,add_to_cart,2026-06-01T14:29:51
464,16,add_to_cart,2026-06-01T14:34:23
97,8,view,2026-06-01T14:34:40
464,16,view,2026-06-01T14:35:15
432,5,view,2026-06-01T14:35:37
97,8,add_to_cart,2026-06-01T14:37:29
445,14,view,2026-06-01T14:43:58
507,18,view,2026-06-01T14:44:19
571,17,view,2026-06-01T14:48:16
251,2,view,2026-06-01T14:48:23
445,13,view,2026-06-01T14:50:48
281,19,buy,2026-06-01T14:57:27
609,6,view,2026-06-01T15:01:46
609,6,add_to_cart,2026-06-01T15:08:02
559,18,view,2026-06-01T15:10:53
559,18,add_to_cart,2026-06-01T15:14:18
582,16,view,2026-06-01T15:15:31
582,16,add_to_cart,2026-06-01T15:16:59
222,17,view,2026-06-01T15:34:32
609,6,buy,2026-06-01T15:34:33
347,4,view,2026-06-01T15:43:05
347,4,add_to_cart,2026-06-01T15:46:07
369,9,view,2026-06-01T15:50:42
120,14,view,2026-06-01T15:50:44
461,13,view,2026-06-01T15:50:56
461,13,add_to_cart,2026-06-01T15:51:59
152,8,view,2026-06-01T15:52:51
120,13,view,2026-06-01T15:54:17
268,10,view,2026-06-01T15:55:00
347,4,buy,2026-06-01T15:58:07
303,4,view,2026-06-01T15:58:16
303,2,view,2026-06-01T16:01:56
120,14,buy,2026-06-01T16:02:25
268,10,buy,2026-06-01T16:02:29
49,19,view,2026-06-01T16:03:31
268,10,view,2026-06-01T16:04:41
49,19,view,2026-06-01T16:05:14
45,19,view,2026-06-01T16:06:46
334,12,view,2026-06-01T16:06:52
45,19,add_to_cart,2026-06-01T16:07:38
334,12,add_to_cart,2026-06-01T16:08:54
49,19,add_to_cart,2026-06-01T16:09:35
416,1,view,2026-06-01T16:10:30
78,17,view,2026-06-01T16:11:32
148,9,view,2026-06-01T16:13:06
605,19,view,2026-06-01T16:13:31
639,18,view,2026-06-01T16:15:07
605,18,view,2026-06-01T16:17:00
605,19,add_to_cart,2026-06-01T16:17:22
52,15,view,2026-06-01T16:18:19
621,13,view,2026-06-01T16:19:30
52,15,add_to_cart,2026-06-01T16:19:45
639,18,add_to_cart,2026-06-01T16:19:54
368,2,view,2026-06-01T16:20:54
416,1,buy,2026-06-01T16:23:03
621,13,view,2026-06-01T16:23:31
98,10,view,2026-06-01T16:24:13
45,19,buy,2026-06-01T16:25:32
310,11,view,2026-06-01T16:26:02
334,12,buy,2026-06-01T16:27:22
553,7,view,2026-06-01T16:27:24
98,11,view,2026-06-01T16:28:38
621,13,buy,2026-06-01T16:31:07
553,7,add_to_cart,2026-06-01T16:31:21
548,10,view,2026-06-01T16:35:31
7,16,view,2026-06-01T16:37:54
7,17,view,2026-06-01T16:38:37
52,15,buy,2026-06-01T16:39:18
553,7,buy,2026-06-01T16:45:29
140,10,view,2026-06-01T16:46:23
639,18,buy,2026-06-01T16:47:22
272,14,view,2026-06-01T16:52:12
41,18,view,2026-06-01T16:55:47
272,14,add_to_cart,2026-06-01T16:56:34
272,15,view,2026-06-01T16:58:47
382,17,view,2026-06-01T16:59:28
200,13,view,2026-06-01T16:59:36
250,10,view,2026-06-01T17:00:13
208,14,view,2026-06-01T17:00:49
200,13,view,2026-06-01T17:03:52
592,11,view,2026-06-01T17:04:37
250,10,add_to_cart,2026-06-01T17:06:01
272,14,buy,2026-06-01T17:08:00
421,18,view,2026-06-01T17:08:01
240,2,view,2026-06-01T17:08:22
250,10,buy,2026-06-01T17:12:47
379,1,view,2026-06-01T17:13:30
245,14,view,2026-06-01T17:13:44
128,10,view,2026-06-01T17:18:26
491,9,view,2026-06-01T17:18:56
491,9,add_to_cart,2026-06-01T17:20:24
46,19,view,2026-06-01T17:22:13
46,19,add_to_cart,2026-06-01T17:24:29
491,9,buy,2026-06-01T17:31:48
469,19,view,2026-06-01T17:32:15
469,19,add_to_cart,2026-06-01T17:32:59
46,19,buy,2026-06-01T17:36:43
190,10,view,2026-06-01T17:47:52
190,11,view,2026-06-01T17:49:10
372,10,view,2026-06-01T17:53:02
145,9,view,2026-06-01T17:54:15
190,10,add_to_cart,2026-06-01T17:54:24
372,10,add_to_cart,2026-06-01T17:54:54
608,13,view,2026-06-01T17:55:52
608,15,view,2026-06-01T17:58:38
190,10,buy,2026-06-01T18:03:20
296,1,view,2026-06-01T18:03:54
204,18,view,2026-06-01T18:06:53
415,6,view,2026-06-01T18:11:47
415,6,add_to_cart,2026-06-01T18:15:53
209,18,view,2026-06-01T18:17:14
474,11,view,2026-06-01T18:18:46
209,18,add_to_cart,2026-06-01T18:21:15
440,7,view,2026-06-01T18:21:20
440,7,add_to_cart,2026-06-01T18:23:07
226,13,view,2026-06-01T18:24:26
226,13,add_to_cart,2026-06-01T18:26:15
234,12,view,2026-06-01T18:26:28
291,5,view,2026-06-01T18:26:28
483,17,view,2026-06-01T18:27:07
645,19,view,2026-06-01T18:27:28
480,1,view,2026-06-01T18:28:10
487,11,view,2026-06-01T18:32:04
226,13,buy,2026-06-01T18:35:05
209,18,buy,2026-06-01T18:37:50
487,11,buy,2026-06-01T18:39:29
440,7,buy,2026-06-01T18:39:31
301,18,view,2026-06-01T18:41:13
301,18,add_to_cart,2026-06-01T18:43:57
316,8,view,2026-06-01T18:44:23
237,15,view,2026-06-01T18:46:12
354,11,view,2026-06-01T18:47:58
316,8,add_to_cart,2026-06-01T18:48:44
316,7,view,2026-06-01T18:51:56
556,8,view,2026-06-01T18:55:41
316,8,buy,2026-06-01T18:56:58
326,17,view,2026-06-01T18:57:32
163,3,view,2026-06-01T18:59:18
326,16,view,2026-06-01T19:00:58
326,17,buy,2026-06-01T19:03:26
362,12,view,2026-06-01T19:05:00
163,4,view,2026-06-01T19:06:31
362,12,add_to_cart,2026-06-01T19:10:58
301,18,buy,2026-06-01T19:13:02
354,11,view,2026-06-01T19:21:01
622,16,view,2026-06-01T19:23:14
354,11,add_to_cart,2026-06-01T19:27:29
374,16,view,2026-06-01T19:37:18
319,5,view,2026-06-01T19:38:05
319,5,add_to_cart,2026-06-01T19:40:04
374,16,add_to_cart,2026-06-01T19:42:31
426,14,view,2026-06-01T19:46:30
27,16,view,2026-06-01T19:46:52
177,8,view,2026-06-01T19:47:13
354,11,buy,2026-06-01T19:49:47
426,14,add_to_cart,2026-06-01T19:50:11
374,16,buy,2026-06-01T19:51:32
426,15,view,2026-06-01T19:54:27
206,2,view,2026-06-01T19:54:37
524,7,view,2026-06-01T19:55:24
206,5,view,2026-06-01T20:01:44
472,10,view,2026-06-01T20:03:14
472,10,add_to_cart,2026-06-01T20:05:50
426,14,buy,2026-06-01T20:08:08
472,10,buy,2026-06-01T20:12:08
596,4,view,2026-06-01T20:24:01
136,15,view,2026-06-01T20:42:50
329,19,view,2026-06-01T20:48:57
215,5,view,2026-06-01T20:51:34
136,13,view,2026-06-01T20:52:36
515,1,view,2026-06-01T20:53:27
546,12,view,2026-06-01T20:55:55
505,18,view,2026-06-01T20:55:56
603,16,view,2026-06-01T20:59:55
546,12,add_to_cart,2026-06-01T21:00:11
505,18,add_to_cart,2026-06-01T21:01:05
200,13,view,2026-06-01T21:04:53
603,16,view,2026-06-01T21:05:28
200,13,add_to_cart,2026-06-01T21:06:00
248,15,view,2026-06-01T21:07:31
371,17,view,2026-06-01T21:09:53
625,8,view,2026-06-01T21:10:16
248,15,add_to_cart,2026-06-01T21:10:55
505,18,buy,2026-06-01T21:17:17
625,6,view,2026-06-01T21:19:30
268,12,view,2026-06-01T21:21:38
268,12,add_to_cart,2026-06-01T21:22:13
620,10,view,2026-06-01T21:26:45
244,10,view,2026-06-01T21:28:49
200,13,buy,2026-06-01T21:35:45
233,19,view,2026-06-01T21:46:25
286,17,view,2026-06-01T21:46:54
38,17,view,2026-06-01T21:46:55
233,19,add_to_cart,2026-06-01T21:47:59
286,16,view,2026-06-01T21:48:13
101,5,view,2026-06-01T21:52:44
153,7,view,2026-06-01T21:56:32
604,7,view,2026-06-01T21:56:36
153,7,add_to_cart,2026-06-01T21:57:59
604,6,view,2026-06-01T21:59:16
101,1,view,2026-06-01T22:00:37
33,19,view,2026-06-01T22:05:00
574,17,view,2026-06-01T22:05:50
33,19,view,2026-06-01T22:06:05
33,19,add_to_cart,2026-06-01T22:07:44
550,16,view,2026-06-01T22:08:00
555,19,view,2026-06-01T22:10:22
188,9,view,2026-06-01T22:11:00
550,16,add_to_cart,2026-06-01T22:11:33
600,15,view,2026-06-01T22:14:41
555,19,view,2026-06-01T22:18:27
153,7,buy,2026-06-01T22:21:52
158,17,view,2026-06-01T22:27:52
439,19,view,2026-06-01T22:32:00
106,15,view,2026-06-01T22:34:00
158,17,add_to_cart,2026-06-01T22:34:34
33,19,buy,2026-06-01T22:37:08
523,16,view,2026-06-01T22:39:15
35,17,view,2026-06-01T22:42:08
523,16,add_to_cart,2026-06-01T22:42:23
195,16,view,2026-06-01T22:43:49
523,17,view,2026-06-01T22:43:51
35,17,add_to_cart,2026-06-01T22:44:18
362,12,view,2026-06-01T22:45:00
566,10,view,2026-06-01T22:46:11
362,10,view,2026-06-01T22:46:14
76,10,view,2026-06-01T22:47:00
72,11,view,2026-06-01T22:47:00
35,16,view,2026-06-01T22:47:54
35,17,buy,2026-06-01T22:48:12
404,6,view,2026-06-01T22:48:43
76,10,add_to_cart,2026-06-01T22:51:15
34,19,view,2026-06-01T22:51:54
404,6,add_to_cart,2026-06-01T22:55:33
238,17,view,2026-06-01T22:55:42
238,17,add_to_cart,2026-06-01T22:57:16
410,10,view,2026-06-01T22:57:39
70,13,view,2026-06-01T22:57:47
76,10,buy,2026-06-01T23:01:07
404,6,buy,2026-06-01T23:01:37
70,13,add_to_cart,2026-06-01T23:02:29
410,10,add_to_cart,2026-06-01T23:03:58
238,17,buy,2026-06-01T23:08:57
70,13,buy,2026-06-01T23:29:51
410,10,buy,2026-06-01T23:31:13
19,1,view,2026-06-02T07:00:00
86,11,view,2026-06-02T07:02:00
313,18,view,2026-06-02T07:02:49
86,11,add_to_cart,2026-06-02T07:03:49
79,19,view,2026-06-02T07:04:00
582,17,view,2026-06-02T07:04:00
617,19,view,2026-06-02T07:05:00
17,9,view,2026-06-02T07:06:00
582,17,add_to_cart,2026-06-02T07:06:08
617,18,view,2026-06-02T07:06:26
297,7,view,2026-06-02T07:07:00
17,9,add_to_cart,2026-06-02T07:07:37
617,19,add_to_cart,2026-06-02T07:07:58
36,10,view,2026-06-02T07:09:00
446,12,view,2026-06-02T07:10:00
11,5,view,2026-06-02T07:11:00
385,18,view,2026-06-02T07:11:00
424,15,view,2026-06-02T07:12:00
583,6,view,2026-06-02T07:12:07
36,11,view,2026-06-02T07:12:38
385,19,view,2026-06-02T07:12:57
385,18,add_to_cart,2026-06-02T07:13:28
401,6,view,2026-06-02T07:14:00
386,16,view,2026-06-02T07:14:00
11,3,view,2026-06-02T07:14:11
372,17,view,2026-06-02T07:15:00
561,6,view,2026-06-02T07:15:00
424,15,add_to_cart,2026-06-02T07:15:49
142,10,view,2026-06-02T07:16:33
582,17,buy,2026-06-02T07:16:44
75,17,view,2026-06-02T07:17:00
178,14,view,2026-06-02T07:17:00
386,17,view,2026-06-02T07:17:51
401,8,view,2026-06-02T07:18:02
178,14,add_to_cart,2026-06-02T07:18:19
241,17,view,2026-06-02T07:19:00
178,13,view,2026-06-02T07:19:11
75,17,view,2026-06-02T07:19:23
583,9,view,2026-06-02T07:19:55
561,6,add_to_cart,2026-06-02T07:21:43
17,9,buy,2026-06-02T07:21:45
182,12,view,2026-06-02T07:23:00
451,17,view,2026-06-02T07:23:00
301,19,view,2026-06-02T07:24:00
336,15,view,2026-06-02T07:25:00
336,15,add_to_cart,2026-06-02T07:25:55
78,17,view,2026-06-02T07:26:00
484,10,view,2026-06-02T07:27:00
406,16,view,2026-06-02T07:27:51
228,10,view,2026-06-02T07:28:00
305,6,view,2026-06-02T07:28:47
484,10,add_to_cart,2026-06-02T07:28:51
542,16,view,2026-06-02T07:28:58
424,15,buy,2026-06-02T07:29:28
151,9,view,2026-06-02T07:30:00
139,4,view,2026-06-02T07:31:00
617,19,buy,2026-06-02T07:31:07
406,16,view,2026-06-02T07:31:58
589,13,view,2026-06-02T07:32:00
316,18,view,2026-06-02T07:32:00
305,6,add_to_cart,2026-06-02T07:32:40
542,16,add_to_cart,2026-06-02T07:32:44
301,18,view,2026-06-02T07:32:52
228,10,add_to_cart,2026-06-02T07:32:57
102,17,view,2026-06-02T07:33:00
589,15,view,2026-06-02T07:33:52
166,12,view,2026-06-02T07:34:54
550,16,view,2026-06-02T07:35:00
598,16,view,2026-06-02T07:35:00
245,18,view,2026-06-02T07:35:00
589,13,add_to_cart,2026-06-02T07:35:06
385,18,buy,2026-06-02T07:35:06
251,16,view,2026-06-02T07:36:00
171,16,view,2026-06-02T07:36:30
82,12,view,2026-06-02T07:37:00
159,18,view,2026-06-02T07:38:00
316,18,add_to_cart,2026-06-02T07:38:14
643,4,view,2026-06-02T07:38:21
102,17,add_to_cart,2026-06-02T07:38:53
228,10,buy,2026-06-02T07:39:51
509,19,view,2026-06-02T07:40:00
316,18,buy,2026-06-02T07:40:28
249,7,view,2026-06-02T07:41:00
166,12,add_to_cart,2026-06-02T07:41:08
483,17,view,2026-06-02T07:42:00
509,19,add_to_cart,2026-06-02T07:42:05
102,16,view,2026-06-02T07:42:10
480,14,view,2026-06-02T07:42:48
24,7,view,2026-06-02T07:43:00
453,13,view,2026-06-02T07:43:00
166,12,buy,2026-06-02T07:43:17
180,6,view,2026-06-02T07:44:00
178,14,buy,2026-06-02T07:44:14
79,19,view,2026-06-02T07:44:52
509,18,view,2026-06-02T07:45:51
79,19,add_to_cart,2026-06-02T07:46:09
249,7,add_to_cart,2026-06-02T07:46:38
403,7,view,2026-06-02T07:47:00
392,13,view,2026-06-02T07:47:00
24,6,view,2026-06-02T07:47:04
453,13,add_to_cart,2026-06-02T07:47:15
144,4,view,2026-06-02T07:48:00
509,19,buy,2026-06-02T07:48:16
626,12,view,2026-06-02T07:49:34
392,13,add_to_cart,2026-06-02T07:49:53
592,13,view,2026-06-02T07:50:00
42,2,view,2026-06-02T07:50:00
403,6,view,2026-06-02T07:51:05
79,19,buy,2026-06-02T07:51:58
483,17,view,2026-06-02T07:51:59
144,4,add_to_cart,2026-06-02T07:52:05
363,14,view,2026-06-02T07:53:52
544,3,view,2026-06-02T07:54:00
616,3,view,2026-06-02T07:54:53
597,18,view,2026-06-02T07:55:00
542,16,buy,2026-06-02T07:55:10
363,14,add_to_cart,2026-06-02T07:55:50
217,8,view,2026-06-02T07:56:00
199,4,view,2026-06-02T07:58:00
626,10,view,2026-06-02T07:58:23
453,13,buy,2026-06-02T07:58:41
404,6,view,2026-06-02T08:00:01
278,10,view,2026-06-02T08:01:00
592,3,view,2026-06-02T08:01:00
592,3,add_to_cart,2026-06-02T08:02:11
144,4,buy,2026-06-02T08:04:12
607,19,view,2026-06-02T08:05:00
404,7,view,2026-06-02T08:05:00
205,14,view,2026-06-02T08:05:00
278,10,add_to_cart,2026-06-02T08:05:09
199,4,view,2026-06-02T08:05:13
363,14,buy,2026-06-02T08:05:53
392,13,buy,2026-06-02T08:06:41
607,19,add_to_cart,2026-06-02T08:06:48
535,2,view,2026-06-02T08:07:00
134,16,view,2026-06-02T08:07:00
575,19,view,2026-06-02T08:07:08
205,14,add_to_cart,2026-06-02T08:07:41
329,19,view,2026-06-02T08:08:00
356,12,view,2026-06-02T08:08:00
138,4,view,2026-06-02T08:08:00
364,12,view,2026-06-02T08:08:00
415,19,view,2026-06-02T08:09:00
265,19,view,2026-06-02T08:09:00
17,18,view,2026-06-02T08:10:00
415,19,add_to_cart,2026-06-02T08:11:09
29,15,view,2026-06-02T08:11:44
272,13,view,2026-06-02T08:12:00
563,2,view,2026-06-02T08:12:00
68,9,view,2026-06-02T08:12:00
650,15,view,2026-06-02T08:12:00
409,18,view,2026-06-02T08:12:00
278,10,buy,2026-06-02T08:12:55
592,4,view,2026-06-02T08:13:00
51,6,view,2026-06-02T08:13:00
608,14,view,2026-06-02T08:14:00
563,1,view,2026-06-02T08:14:14
29,15,add_to_cart,2026-06-02T08:14:19
329,19,add_to_cart,2026-06-02T08:14:31
89,8,view,2026-06-02T08:15:00
441,18,view,2026-06-02T08:15:00
475,17,view,2026-06-02T08:15:31
17,19,view,2026-06-02T08:16:35
441,19,view,2026-06-02T08:16:50
541,18,view,2026-06-02T08:16:55
1,18,view,2026-06-02T08:18:00
475,17,add_to_cart,2026-06-02T08:18:04
563,2,add_to_cart,2026-06-02T08:18:09
526,2,view,2026-06-02T08:19:00
1,18,add_to_cart,2026-06-02T08:19:11
180,12,view,2026-06-02T08:20:00
89,7,view,2026-06-02T08:20:58
163,17,view,2026-06-02T08:21:15
475,17,view,2026-06-02T08:21:55
160,19,view,2026-06-02T08:22:00
40,19,view,2026-06-02T08:22:00
475,17,buy,2026-06-02T08:22:18
279,10,view,2026-06-02T08:22:52
1,19,view,2026-06-02T08:22:59
364,19,view,2026-06-02T08:23:00
205,14,buy,2026-06-02T08:23:14
40,19,view,2026-06-02T08:24:48
444,12,view,2026-06-02T08:26:00
406,11,view,2026-06-02T08:26:00
482,13,view,2026-06-02T08:26:00
326,17,view,2026-06-02T08:26:00
279,10,add_to_cart,2026-06-02T08:26:02
504,1,view,2026-06-02T08:27:00
611,6,view,2026-06-02T08:27:18
504,1,add_to_cart,2026-06-02T08:28:26
504,3,view,2026-06-02T08:29:37
482,13,buy,2026-06-02T08:30:30
1,18,buy,2026-06-02T08:34:03
552,14,view,2026-06-02T08:35:14
279,10,buy,2026-06-02T08:35:32
10,12,view,2026-06-02T08:35:41
444,11,view,2026-06-02T08:35:58
29,15,buy,2026-06-02T08:36:23
413,13,view,2026-06-02T08:36:51
607,8,view,2026-06-02T08:37:41
10,12,add_to_cart,2026-06-02T08:38:51
415,19,buy,2026-06-02T08:39:49
533,13,view,2026-06-02T08:40:33
130,15,view,2026-06-02T08:41:46
563,2,buy,2026-06-02T08:42:07
385,8,view,2026-06-02T08:43:08
329,19,buy,2026-06-02T08:43:20
607,9,view,2026-06-02T08:44:32
533,13,add_to_cart,2026-06-02T08:44:43
413,15,view,2026-06-02T08:45:26
385,8,add_to_cart,2026-06-02T08:46:07
264,2,view,2026-06-02T08:46:11
414,16,view,2026-06-02T08:51:06
385,7,view,2026-06-02T08:51:12
264,2,add_to_cart,2026-06-02T08:52:41
264,2,buy,2026-06-02T08:56:03
230,19,view,2026-06-02T08:56:54
369,2,view,2026-06-02T08:58:30
57,8,view,2026-06-02T08:59:43
562,13,view,2026-06-02T09:00:30
375,7,view,2026-06-02T09:04:18
562,13,add_to_cart,2026-06-02T09:06:13
533,13,buy,2026-06-02T09:06:32
562,15,view,2026-06-02T09:08:37
375,7,buy,2026-06-02T09:14:00
14,16,view,2026-06-02T09:15:46
627,4,view,2026-06-02T09:16:04
630,12,view,2026-06-02T09:23:34
14,16,view,2026-06-02T09:24:15
194,11,view,2026-06-02T09:27:32
630,10,view,2026-06-02T09:30:34
562,13,buy,2026-06-02T09:32:27
640,15,view,2026-06-02T09:39:28
385,7,view,2026-06-02T09:39:49
385,7,add_to_cart,2026-06-02T09:46:01
580,10,view,2026-06-02T09:46:22
580,10,add_to_cart,2026-06-02T09:50:33
90,15,view,2026-06-02T10:01:40
90,15,add_to_cart,2026-06-02T10:07:41
580,10,buy,2026-06-02T10:08:36
90,14,view,2026-06-02T10:10:29
541,7,view,2026-06-02T10:12:24
390,13,view,2026-06-02T10:28:30
219,3,view,2026-06-02T10:31:47
638,12,view,2026-06-02T10:35:09
90,15,buy,2026-06-02T10:35:28
363,11,view,2026-06-02T11:01:42
416,14,view,2026-06-02T11:07:16
308,13,view,2026-06-02T11:16:49
295,19,view,2026-06-02T11:20:04
109,15,view,2026-06-02T11:21:07
319,1,view,2026-06-02T11:22:13
295,19,add_to_cart,2026-06-02T11:23:24
109,15,add_to_cart,2026-06-02T11:24:02
131,16,view,2026-06-02T11:24:13
131,16,add_to_cart,2026-06-02T11:24:51
319,2,view,2026-06-02T11:27:58
371,17,view,2026-06-02T11:33:08
131,16,buy,2026-06-02T11:35:21
371,17,add_to_cart,2026-06-02T11:37:32
109,15,buy,2026-06-02T11:42:53
39,18,view,2026-06-02T11:44:16
295,19,buy,2026-06-02T11:44:47
39,18,add_to_cart,2026-06-02T11:45:27
166,16,view,2026-06-02T11:45:53
460,8,view,2026-06-02T11:46:02
293,13,view,2026-06-02T11:46:50
39,18,view,2026-06-02T11:48:22
293,13,add_to_cart,2026-06-02T11:49:33
460,8,add_to_cart,2026-06-02T11:52:30
350,10,view,2026-06-02T11:53:13
329,6,view,2026-06-02T11:53:50
350,10,view,2026-06-02T11:57:16
329,6,add_to_cart,2026-06-02T12:00:21
521,14,view,2026-06-02T12:01:15
521,14,view,2026-06-02T12:03:20
243,16,view,2026-06-02T12:03:36
521,14,add_to_cart,2026-06-02T12:04:33
39,18,buy,2026-06-02T12:04:40
243,17,view,2026-06-02T12:05:58
329,6,buy,2026-06-02T12:10:38
460,8,buy,2026-06-02T12:13:21
243,16,buy,2026-06-02T12:13:58
452,11,view,2026-06-02T12:14:03
48,1,view,2026-06-02T12:22:11
474,12,view,2026-06-02T12:24:54
429,10,view,2026-06-02T12:28:50
429,10,add_to_cart,2026-06-02T12:33:00
429,10,buy,2026-06-02T12:43:08
18,13,view,2026-06-02T12:44:49
174,16,view,2026-06-02T12:49:04
571,16,view,2026-06-02T12:49:30
556,12,view,2026-06-02T12:49:35
421,17,view,2026-06-02T12:53:30
388,11,view,2026-06-02T12:56:06
113,18,view,2026-06-02T12:56:27
233,18,view,2026-06-02T13:00:37
233,18,add_to_cart,2026-06-02T13:02:47
632,14,view,2026-06-02T13:05:14
77,14,view,2026-06-02T13:05:21
77,14,add_to_cart,2026-06-02T13:06:53
632,14,add_to_cart,2026-06-02T13:11:46
399,2,view,2026-06-02T13:17:04
399,2,add_to_cart,2026-06-02T13:17:44
577,18,view,2026-06-02T13:20:48
484,11,view,2026-06-02T13:21:23
446,10,view,2026-06-02T13:22:17
302,16,view,2026-06-02T13:23:53
302,16,add_to_cart,2026-06-02T13:26:08
302,16,buy,2026-06-02T13:27:34
97,6,view,2026-06-02T13:30:23
632,14,buy,2026-06-02T13:30:48
97,6,view,2026-06-02T13:32:22
97,6,add_to_cart,2026-06-02T13:35:13
597,15,view,2026-06-02T13:59:10
97,6,buy,2026-06-02T14:01:10
618,9,view,2026-06-02T14:08:01
644,11,view,2026-06-02T14:08:48
644,10,view,2026-06-02T14:10:55
489,1,view,2026-06-02T14:11:17
468,10,view,2026-06-02T14:13:07
82,1,view,2026-06-02T14:17:47
265,7,view,2026-06-02T14:18:25
489,5,view,2026-06-02T14:18:55
301,14,view,2026-06-02T14:26:10
301,14,add_to_cart,2026-06-02T14:27:09
290,10,view,2026-06-02T14:49:03
553,11,view,2026-06-02T14:52:30
52,6,view,2026-06-02T14:54:05
553,11,add_to_cart,2026-06-02T14:58:07
596,8,view,2026-06-02T14:59:50
290,10,buy,2026-06-02T15:00:42
52,7,view,2026-06-02T15:01:55
606,17,view,2026-06-02T15:03:10
581,19,view,2026-06-02T15:03:59
161,18,view,2026-06-02T15:04:11
596,8,add_to_cart,2026-06-02T15:04:16
581,19,view,2026-06-02T15:04:50
581,19,add_to_cart,2026-06-02T15:07:30
161,18,add_to_cart,2026-06-02T15:09:37
403,16,view,2026-06-02T15:10:03
5,13,view,2026-06-02T15:11:05
26,10,view,2026-06-02T15:12:24
5,13,add_to_cart,2026-06-02T15:13:49
4,6,view,2026-06-02T15:16:42
4,6,add_to_cart,2026-06-02T15:17:24
596,8,buy,2026-06-02T15:19:22
469,15,view,2026-06-02T15:20:53
333,10,view,2026-06-02T15:22:26
279,6,view,2026-06-02T15:23:25
279,6,add_to_cart,2026-06-02T15:27:05
5,13,buy,2026-06-02T15:27:44
581,19,buy,2026-06-02T15:28:04
333,10,add_to_cart,2026-06-02T15:28:06
4,6,buy,2026-06-02T15:29:55
27,16,view,2026-06-02T15:30:02
427,4,view,2026-06-02T15:33:07
524,19,view,2026-06-02T15:33:24
157,4,view,2026-06-02T15:33:47
108,13,view,2026-06-02T15:34:41
333,10,buy,2026-06-02T15:34:59
524,19,add_to_cart,2026-06-02T15:35:20
306,14,view,2026-06-02T15:35:42
279,6,buy,2026-06-02T15:36:35
108,14,view,2026-06-02T15:39:08
524,19,buy,2026-06-02T15:42:58
306,15,view,2026-06-02T15:44:29
631,8,view,2026-06-02T15:49:45
57,9,view,2026-06-02T15:50:30
631,8,add_to_cart,2026-06-02T15:50:36
379,14,view,2026-06-02T15:50:53
57,9,add_to_cart,2026-06-02T15:54:04
120,13,view,2026-06-02T15:55:11
397,19,view,2026-06-02T16:01:24
196,10,view,2026-06-02T16:01:30
579,16,view,2026-06-02T16:02:08
397,19,add_to_cart,2026-06-02T16:04:31
170,17,view,2026-06-02T16:05:16
591,18,view,2026-06-02T16:05:43
245,18,view,2026-06-02T16:06:18
196,10,view,2026-06-02T16:07:13
579,16,add_to_cart,2026-06-02T16:07:53
397,19,buy,2026-06-02T16:09:16
457,8,view,2026-06-02T16:17:56
128,13,view,2026-06-02T16:20:23
491,17,view,2026-06-02T16:33:37
149,19,view,2026-06-02T16:35:22
76,6,view,2026-06-02T16:36:05
411,4,view,2026-06-02T16:41:10
289,18,view,2026-06-02T16:42:44
289,18,add_to_cart,2026-06-02T16:44:16
411,1,view,2026-06-02T16:50:32
225,7,view,2026-06-02T16:55:50
225,7,add_to_cart,2026-06-02T16:59:32
58,12,view,2026-06-02T17:05:45
544,14,view,2026-06-02T17:10:12
58,11,view,2026-06-02T17:14:18
544,14,view,2026-06-02T17:16:57
567,15,view,2026-06-02T17:17:23
567,15,add_to_cart,2026-06-02T17:20:10
303,9,view,2026-06-02T17:27:24
303,7,view,2026-06-02T17:28:58
519,9,view,2026-06-02T17:32:41
303,9,add_to_cart,2026-06-02T17:33:20
519,8,view,2026-06-02T17:36:48
567,15,buy,2026-06-02T17:42:06
618,11,view,2026-06-02T17:42:09
2,10,view,2026-06-02T17:43:56
303,9,buy,2026-06-02T17:44:03
618,10,view,2026-06-02T17:44:53
414,10,view,2026-06-02T17:53:06
216,18,view,2026-06-02T17:59:51
314,14,view,2026-06-02T18:00:26
314,14,add_to_cart,2026-06-02T18:01:31
216,18,add_to_cart,2026-06-02T18:01:40
594,10,view,2026-06-02T18:27:45
567,7,view,2026-06-02T18:32:06
179,3,view,2026-06-02T18:44:11
453,12,view,2026-06-02T18:45:42
453,12,add_to_cart,2026-06-02T18:47:22
234,17,view,2026-06-02T18:51:26
28,11,view,2026-06-02T18:52:15
459,16,view,2026-06-02T18:53:52
234,17,add_to_cart,2026-06-02T18:54:03
234,16,view,2026-06-02T18:56:17
625,19,view,2026-06-02T18:57:25
28,11,add_to_cart,2026-06-02T18:58:30
387,17,view,2026-06-02T18:59:42
147,13,view,2026-06-02T19:00:43
387,17,add_to_cart,2026-06-02T19:01:10
625,19,add_to_cart,2026-06-02T19:01:17
485,9,view,2026-06-02T19:01:56
234,17,buy,2026-06-02T19:02:43
301,13,view,2026-06-02T19:05:43
625,18,view,2026-06-02T19:05:58
114,13,view,2026-06-02T19:09:44
115,17,view,2026-06-02T19:13:56
28,11,buy,2026-06-02T19:15:02
161,7,view,2026-06-02T19:15:14
161,7,view,2026-06-02T19:18:52
161,7,buy,2026-06-02T19:25:00
35,17,view,2026-06-02T19:25:17
243,17,view,2026-06-02T19:25:55
25,10,view,2026-06-02T19:32:03
35,16,view,2026-06-02T19:32:53
25,10,add_to_cart,2026-06-02T19:37:57
231,19,view,2026-06-02T19:38:05
25,10,view,2026-06-02T19:40:43
267,17,view,2026-06-02T19:42:42
231,19,view,2026-06-02T19:46:03
173,19,view,2026-06-02T19:52:50
173,19,add_to_cart,2026-06-02T19:54:10
208,8,view,2026-06-02T19:56:33
173,19,buy,2026-06-02T19:56:39
378,11,view,2026-06-02T19:56:41
515,17,view,2026-06-02T20:01:05
378,11,view,2026-06-02T20:02:38
3,4,view,2026-06-02T20:09:34
3,4,view,2026-06-02T20:10:01
3,4,buy,2026-06-02T20:12:05
132,6,view,2026-06-02T20:35:33
489,13,view,2026-06-02T20:35:33
489,13,add_to_cart,2026-06-02T20:36:21
597,18,view,2026-06-02T20:36:23
203,17,view,2026-06-02T20:39:52
203,17,add_to_cart,2026-06-02T20:40:56
489,13,buy,2026-06-02T20:41:07
548,6,view,2026-06-02T20:43:31
132,7,view,2026-06-02T20:44:24
489,13,view,2026-06-02T20:45:14
223,7,view,2026-06-02T20:45:42
223,7,view,2026-06-02T20:49:10
548,6,add_to_cart,2026-06-02T20:49:59
465,7,view,2026-06-02T20:51:23
548,7,view,2026-06-02T20:52:07
465,7,add_to_cart,2026-06-02T20:53:53
548,6,buy,2026-06-02T21:03:09
532,10,view,2026-06-02T21:06:35
413,13,view,2026-06-02T21:07:07
532,10,add_to_cart,2026-06-02T21:08:09
346,19,view,2026-06-02T21:08:53
608,2,view,2026-06-02T21:08:58
39,18,view,2026-06-02T21:14:12
96,4,view,2026-06-02T21:15:46
39,18,add_to_cart,2026-06-02T21:18:14
465,7,buy,2026-06-02T21:20:27
96,4,add_to_cart,2026-06-02T21:22:38
291,3,view,2026-06-02T21:30:42
39,18,buy,2026-06-02T21:31:26
140,11,view,2026-06-02T21:32:09
96,4,buy,2026-06-02T21:32:25
291,3,add_to_cart,2026-06-02T21:32:49
140,10,view,2026-06-02T21:39:08
291,3,view,2026-06-02T21:39:54
429,19,view,2026-06-02T21:46:37
537,19,view,2026-06-02T21:46:57
270,16,view,2026-06-02T21:51:23
429,19,add_to_cart,2026-06-02T21:53:15
575,4,view,2026-06-02T21:53:43
575,4,buy,2026-06-02T21:56:17
615,19,view,2026-06-02T21:56:18
577,19,view,2026-06-02T21:57:14
270,16,view,2026-06-02T21:59:17
358,17,view,2026-06-02T22:00:00
345,19,view,2026-06-02T22:01:00
345,18,view,2026-06-02T22:02:20
615,19,add_to_cart,2026-06-02T22:02:34
42,1,view,2026-06-02T22:03:00
358,17,add_to_cart,2026-06-02T22:03:27
465,7,view,2026-06-02T22:04:00
345,19,add_to_cart,2026-06-02T22:04:42
465,9,view,2026-06-02T22:06:17
577,19,view,2026-06-02T22:06:38
465,7,add_to_cart,2026-06-02T22:07:48
265,6,view,2026-06-02T22:10:00
6,16,view,2026-06-02T22:12:00
121,6,view,2026-06-02T22:13:20
429,19,buy,2026-06-02T22:15:06
265,6,add_to_cart,2026-06-02T22:16:09
289,11,view,2026-06-02T22:18:00
268,10,view,2026-06-02T22:18:32
358,17,buy,2026-06-02T22:18:52
547,17,view,2026-06-02T22:22:00
273,18,view,2026-06-02T22:26:30
466,11,view,2026-06-02T22:31:05
136,14,view,2026-06-02T22:31:42
523,3,view,2026-06-02T22:31:51
465,7,buy,2026-06-02T22:31:59
591,10,view,2026-06-02T22:32:00
273,18,add_to_cart,2026-06-02T22:32:24
459,11,view,2026-06-02T22:33:00
523,2,view,2026-06-02T22:33:18
29,18,view,2026-06-02T22:34:00
523,3,buy,2026-06-02T22:35:19
273,18,buy,2026-06-02T22:37:41
31,11,view,2026-06-02T22:38:38
29,18,add_to_cart,2026-06-02T22:39:18
545,19,view,2026-06-02T22:41:00
423,3,view,2026-06-02T22:44:00
545,18,view,2026-06-02T22:44:01
41,8,view,2026-06-02T22:44:06
545,19,add_to_cart,2026-06-02T22:44:59
309,18,view,2026-06-02T22:45:00
423,1,view,2026-06-02T22:45:19
390,10,view,2026-06-02T22:48:02
309,18,add_to_cart,2026-06-02T22:48:47
41,9,view,2026-06-02T22:50:32
309,18,buy,2026-06-02T22:54:57
390,10,view,2026-06-02T22:57:02
636,14,view,2026-06-02T22:58:33
29,18,buy,2026-06-02T23:04:05
425,6,view,2026-06-03T07:02:05
455,16,view,2026-06-03T07:03:00
590,11,view,2026-06-03T07:04:00
650,5,view,2026-06-03T07:05:00
455,16,add_to_cart,2026-06-03T07:07:07
478,19,view,2026-06-03T07:07:25
650,5,add_to_cart,2026-06-03T07:07:51
279,18,view,2026-06-03T07:08:00
534,10,view,2026-06-03T07:08:00
425,6,add_to_cart,2026-06-03T07:08:48
156,6,view,2026-06-03T07:09:00
650,1,view,2026-06-03T07:10:44
478,19,add_to_cart,2026-06-03T07:11:48
126,12,view,2026-06-03T07:12:00
121,6,view,2026-06-03T07:12:43
393,3,view,2026-06-03T07:13:00
455,16,buy,2026-06-03T07:13:17
397,19,view,2026-06-03T07:14:00
217,18,view,2026-06-03T07:14:00
156,7,view,2026-06-03T07:14:16
577,6,view,2026-06-03T07:15:00
217,18,add_to_cart,2026-06-03T07:17:26
471,7,view,2026-06-03T07:18:01
542,12,view,2026-06-03T07:19:00
542,12,add_to_cart,2026-06-03T07:19:47
113,15,view,2026-06-03T07:20:00
103,15,view,2026-06-03T07:20:00
478,19,buy,2026-06-03T07:21:03
544,18,view,2026-06-03T07:22:31
113,15,add_to_cart,2026-06-03T07:22:58
471,7,add_to_cart,2026-06-03T07:23:57
18,4,view,2026-06-03T07:24:00
103,15,add_to_cart,2026-06-03T07:24:29
493,18,view,2026-06-03T07:25:00
586,13,view,2026-06-03T07:27:00
175,6,view,2026-06-03T07:27:00
586,13,add_to_cart,2026-06-03T07:28:20
542,11,view,2026-06-03T07:28:30
28,6,view,2026-06-03T07:30:00
154,14,view,2026-06-03T07:31:00
586,14,view,2026-06-03T07:32:46
154,14,view,2026-06-03T07:33:19
113,19,view,2026-06-03T07:34:00
491,13,view,2026-06-03T07:34:00
154,14,add_to_cart,2026-06-03T07:35:08
471,7,buy,2026-06-03T07:35:42
83,17,view,2026-06-03T07:36:00
461,12,view,2026-06-03T07:36:00
83,17,add_to_cart,2026-06-03T07:36:40
387,5,view,2026-06-03T07:37:00
80,13,view,2026-06-03T07:37:00
337,13,view,2026-06-03T07:37:00
58,13,view,2026-06-03T07:37:00
650,5,buy,2026-06-03T07:37:39
602,16,view,2026-06-03T07:38:00
455,14,view,2026-06-03T07:38:00
420,11,view,2026-06-03T07:39:00
217,18,buy,2026-06-03T07:39:57
13,18,view,2026-06-03T07:41:00
491,13,view,2026-06-03T07:41:12
311,3,view,2026-06-03T07:42:00
58,13,add_to_cart,2026-06-03T07:42:02
420,11,add_to_cart,2026-06-03T07:42:43
92,6,view,2026-06-03T07:43:00
533,13,view,2026-06-03T07:43:00
428,8,view,2026-06-03T07:43:00
206,17,view,2026-06-03T07:43:00
13,18,add_to_cart,2026-06-03T07:43:31
461,11,view,2026-06-03T07:43:34
466,9,view,2026-06-03T07:44:00
184,2,view,2026-06-03T07:45:00
466,9,add_to_cart,2026-06-03T07:45:11
533,13,add_to_cart,2026-06-03T07:45:12
154,14,buy,2026-06-03T07:45:21
484,10,view,2026-06-03T07:45:45
449,19,view,2026-06-03T07:46:00
549,11,view,2026-06-03T07:47:00
206,17,add_to_cart,2026-06-03T07:47:09
428,8,add_to_cart,2026-06-03T07:47:41
379,17,view,2026-06-03T07:48:00
346,11,view,2026-06-03T07:48:23
206,14,view,2026-06-03T07:49:00
281,6,view,2026-06-03T07:49:00
542,12,buy,2026-06-03T07:49:20
282,13,view,2026-06-03T07:50:00
227,2,view,2026-06-03T07:50:00
413,13,view,2026-06-03T07:50:00
192,17,view,2026-06-03T07:50:00
481,19,view,2026-06-03T07:50:00
1,8,view,2026-06-03T07:50:00
83,17,buy,2026-06-03T07:50:30
413,13,add_to_cart,2026-06-03T07:50:37
533,13,buy,2026-06-03T07:50:42
484,10,add_to_cart,2026-06-03T07:50:58
560,14,view,2026-06-03T07:51:00
32,13,view,2026-06-03T07:52:00
326,13,view,2026-06-03T07:52:00
350,10,view,2026-06-03T07:52:34
420,11,buy,2026-06-03T07:52:35
184,2,buy,2026-06-03T07:52:53
184,4,view,2026-06-03T07:52:55
377,9,view,2026-06-03T07:53:00
282,13,add_to_cart,2026-06-03T07:53:22
287,18,view,2026-06-03T07:54:00
282,15,view,2026-06-03T07:54:02
192,17,add_to_cart,2026-06-03T07:54:11
346,11,add_to_cart,2026-06-03T07:54:18
377,9,add_to_cart,2026-06-03T07:54:22
549,11,buy,2026-06-03T07:54:32
481,19,add_to_cart,2026-06-03T07:54:46
589,18,view,2026-06-03T07:55:00
287,18,add_to_cart,2026-06-03T07:56:20
481,19,buy,2026-06-03T07:56:22
32,13,add_to_cart,2026-06-03T07:56:40
346,11,buy,2026-06-03T07:57:20
192,17,buy,2026-06-03T07:57:41
168,14,view,2026-06-03T07:58:00
326,13,add_to_cart,2026-06-03T07:58:54
391,4,view,2026-06-03T07:59:00
174,16,view,2026-06-03T07:59:08
413,13,buy,2026-06-03T07:59:18
491,11,view,2026-06-03T08:00:00
589,18,add_to_cart,2026-06-03T08:00:05
278,16,view,2026-06-03T08:01:31
422,10,view,2026-06-03T08:02:00
436,10,view,2026-06-03T08:02:00
397,6,view,2026-06-03T08:02:00
278,17,view,2026-06-03T08:05:01
323,17,view,2026-06-03T08:06:00
168,13,view,2026-06-03T08:06:00
436,10,view,2026-06-03T08:07:06
99,17,view,2026-06-03T08:07:43
422,10,add_to_cart,2026-06-03T08:07:55
156,16,view,2026-06-03T08:08:00
377,9,buy,2026-06-03T08:08:45
261,17,view,2026-06-03T08:09:53
283,2,view,2026-06-03T08:10:00
287,18,buy,2026-06-03T08:10:16
261,17,add_to_cart,2026-06-03T08:11:01
169,6,view,2026-06-03T08:11:02
301,14,view,2026-06-03T08:12:00
341,14,view,2026-06-03T08:12:00
188,6,view,2026-06-03T08:12:05
633,11,view,2026-06-03T08:14:00
104,4,view,2026-06-03T08:14:45
356,10,view,2026-06-03T08:15:00
404,6,view,2026-06-03T08:15:00
169,6,view,2026-06-03T08:15:50
341,14,add_to_cart,2026-06-03T08:16:27
555,5,view,2026-06-03T08:17:00
584,11,view,2026-06-03T08:17:00
484,10,buy,2026-06-03T08:17:08
32,13,buy,2026-06-03T08:17:53
188,6,add_to_cart,2026-06-03T08:17:56
156,12,view,2026-06-03T08:18:00
125,19,view,2026-06-03T08:18:00
301,14,add_to_cart,2026-06-03T08:18:17
261,17,buy,2026-06-03T08:18:43
283,4,view,2026-06-03T08:19:00
122,15,view,2026-06-03T08:19:00
415,4,view,2026-06-03T08:19:00
555,5,add_to_cart,2026-06-03T08:19:03
326,13,buy,2026-06-03T08:19:29
156,12,add_to_cart,2026-06-03T08:19:45
122,15,add_to_cart,2026-06-03T08:19:53
341,14,view,2026-06-03T08:20:13
283,3,view,2026-06-03T08:20:21
104,4,view,2026-06-03T08:20:26
44,10,view,2026-06-03T08:21:00
282,13,buy,2026-06-03T08:21:05
633,11,buy,2026-06-03T08:21:16
555,5,view,2026-06-03T08:23:38
502,16,view,2026-06-03T08:24:00
432,14,view,2026-06-03T08:24:00
337,18,view,2026-06-03T08:25:00
473,19,view,2026-06-03T08:25:00
147,17,view,2026-06-03T08:25:00
125,19,view,2026-06-03T08:25:11
502,16,add_to_cart,2026-06-03T08:25:26
584,10,view,2026-06-03T08:25:27
301,14,buy,2026-06-03T08:25:50
337,19,view,2026-06-03T08:26:52
235,3,view,2026-06-03T08:27:00
73,18,view,2026-06-03T08:27:00
432,13,view,2026-06-03T08:27:59
228,6,view,2026-06-03T08:28:38
400,12,view,2026-06-03T08:29:00
71,6,view,2026-06-03T08:29:00
432,14,add_to_cart,2026-06-03T08:30:01
473,19,add_to_cart,2026-06-03T08:31:45
122,15,buy,2026-06-03T08:32:36
432,14,buy,2026-06-03T08:34:50
271,16,view,2026-06-03T08:36:16
470,2,view,2026-06-03T08:41:01
271,16,add_to_cart,2026-06-03T08:41:04
596,7,view,2026-06-03T08:45:04
271,16,buy,2026-06-03T08:45:29
341,14,buy,2026-06-03T08:45:52
156,12,buy,2026-06-03T08:46:57
434,19,view,2026-06-03T08:48:34
300,10,view,2026-06-03T08:57:51
300,10,add_to_cart,2026-06-03T09:00:40
569,9,view,2026-06-03T09:17:34
569,6,view,2026-06-03T09:22:29
323,1,view,2026-06-03T09:26:16
221,15,view,2026-06-03T09:29:58
547,2,view,2026-06-03T09:35:44
583,4,view,2026-06-03T09:41:18
293,14,view,2026-06-03T09:44:16
293,14,view,2026-06-03T09:46:46
129,9,view,2026-06-03T09:50:15
450,10,view,2026-06-03T09:51:11
129,9,add_to_cart,2026-06-03T09:53:46
341,19,view,2026-06-03T09:54:38
341,19,add_to_cart,2026-06-03T09:56:40
450,10,add_to_cart,2026-06-03T09:58:03
460,7,view,2026-06-03T09:58:09
324,11,view,2026-06-03T09:58:54
471,4,view,2026-06-03T09:58:55
526,1,view,2026-06-03T09:59:23
185,6,view,2026-06-03T10:00:00
526,5,view,2026-06-03T10:00:29
324,10,view,2026-06-03T10:02:14
615,3,view,2026-06-03T10:02:47
646,10,view,2026-06-03T10:06:10
490,13,view,2026-06-03T10:07:07
427,5,view,2026-06-03T10:07:14
207,5,view,2026-06-03T10:07:54
365,15,view,2026-06-03T10:10:24
615,4,view,2026-06-03T10:10:25
490,13,add_to_cart,2026-06-03T10:10:33
427,5,add_to_cart,2026-06-03T10:13:29
368,3,view,2026-06-03T10:13:57
207,4,view,2026-06-03T10:16:24
341,19,buy,2026-06-03T10:17:38
240,4,view,2026-06-03T10:18:11
365,15,buy,2026-06-03T10:22:00
129,9,buy,2026-06-03T10:22:10
282,13,view,2026-06-03T10:25:07
427,5,buy,2026-06-03T10:25:25
165,14,view,2026-06-03T10:26:25
282,13,buy,2026-06-03T10:27:36
282,14,view,2026-06-03T10:28:35
279,19,view,2026-06-03T10:28:52
165,14,view,2026-06-03T10:28:55
490,13,buy,2026-06-03T10:28:59
329,19,view,2026-06-03T10:29:51
165,14,add_to_cart,2026-06-03T10:33:23
279,19,add_to_cart,2026-06-03T10:34:55
329,19,add_to_cart,2026-06-03T10:35:03
279,18,view,2026-06-03T10:36:58
337,19,view,2026-06-03T10:38:44
337,19,add_to_cart,2026-06-03T10:40:03
403,17,view,2026-06-03T10:41:21
403,17,add_to_cart,2026-06-03T10:43:19
165,14,buy,2026-06-03T10:44:19
37,17,view,2026-06-03T10:45:23
37,17,add_to_cart,2026-06-03T10:51:24
337,19,buy,2026-06-03T10:51:42
37,17,buy,2026-06-03T10:55:16
279,19,buy,2026-06-03T10:55:21
377,9,view,2026-06-03T10:59:33
67,2,view,2026-06-03T11:10:36
235,1,view,2026-06-03T11:10:47
166,18,view,2026-06-03T11:15:31
6,17,view,2026-06-03T11:16:45
67,2,buy,2026-06-03T11:20:09
367,3,view,2026-06-03T11:26:41
367,1,view,2026-06-03T11:27:09
264,5,view,2026-06-03T11:27:35
401,19,view,2026-06-03T11:40:40
488,1,view,2026-06-03T11:40:57
541,15,view,2026-06-03T11:42:47
106,8,view,2026-06-03T11:43:15
401,18,view,2026-06-03T11:45:06
233,7,view,2026-06-03T11:49:31
233,7,add_to_cart,2026-06-03T11:50:40
202,13,view,2026-06-03T11:52:44
521,6,view,2026-06-03T11:54:35
233,6,view,2026-06-03T11:57:41
328,14,view,2026-06-03T12:01:59
377,6,view,2026-06-03T12:02:19
377,6,add_to_cart,2026-06-03T12:05:40
167,18,view,2026-06-03T12:06:36
457,6,view,2026-06-03T12:07:02
128,3,view,2026-06-03T12:09:29
457,6,add_to_cart,2026-06-03T12:11:06
457,7,view,2026-06-03T12:11:11
167,19,view,2026-06-03T12:12:57
167,18,add_to_cart,2026-06-03T12:13:04
377,6,buy,2026-06-03T12:19:41
561,9,view,2026-06-03T12:20:04
355,5,view,2026-06-03T12:23:21
125,3,view,2026-06-03T12:23:21
355,4,view,2026-06-03T12:26:34
561,7,view,2026-06-03T12:26:41
561,9,add_to_cart,2026-06-03T12:26:46
235,16,view,2026-06-03T12:28:54
235,17,view,2026-06-03T12:29:28
167,18,buy,2026-06-03T12:36:45
561,9,buy,2026-06-03T12:41:03
362,10,view,2026-06-03T12:41:59
468,14,view,2026-06-03T12:59:10
468,14,add_to_cart,2026-06-03T13:00:37
637,18,view,2026-06-03T13:01:57
71,2,view,2026-06-03T13:02:23
71,5,view,2026-06-03T13:03:36
80,3,view,2026-06-03T13:05:26
482,12,view,2026-06-03T13:09:07
137,14,view,2026-06-03T13:10:47
137,14,add_to_cart,2026-06-03T13:13:09
312,4,view,2026-06-03T13:14:47
495,18,view,2026-06-03T13:16:16
547,3,view,2026-06-03T13:18:07
346,10,view,2026-06-03T13:18:39
468,14,buy,2026-06-03T13:21:23
495,18,add_to_cart,2026-06-03T13:23:09
59,16,view,2026-06-03T13:25:55
229,14,view,2026-06-03T13:33:06
121,18,view,2026-06-03T13:33:09
226,14,view,2026-06-03T13:33:48
137,14,buy,2026-06-03T13:34:29
226,14,add_to_cart,2026-06-03T13:35:25
597,18,view,2026-06-03T13:36:18
557,13,view,2026-06-03T13:37:34
229,15,view,2026-06-03T13:42:19
650,13,view,2026-06-03T13:45:10
597,18,view,2026-06-03T13:45:34
650,13,add_to_cart,2026-06-03T13:47:44
527,1,view,2026-06-03T13:48:40
527,1,add_to_cart,2026-06-03T13:50:21
521,7,view,2026-06-03T13:51:20
226,14,buy,2026-06-03T13:53:25
503,4,view,2026-06-03T13:54:37
552,14,view,2026-06-03T13:55:40
587,5,view,2026-06-03T13:55:50
552,15,view,2026-06-03T13:56:30
527,4,view,2026-06-03T13:57:38
552,14,add_to_cart,2026-06-03T13:58:02
3,1,view,2026-06-03T13:58:38
26,10,view,2026-06-03T14:02:11
3,1,add_to_cart,2026-06-03T14:02:33
26,10,add_to_cart,2026-06-03T14:03:37
587,2,view,2026-06-03T14:04:10
26,10,view,2026-06-03T14:06:15
141,19,view,2026-06-03T14:06:29
113,6,view,2026-06-03T14:06:45
448,2,view,2026-06-03T14:07:50
141,19,add_to_cart,2026-06-03T14:08:10
614,10,view,2026-06-03T14:09:34
614,10,add_to_cart,2026-06-03T14:12:41
113,6,add_to_cart,2026-06-03T14:12:43
21,17,view,2026-06-03T14:13:45
263,12,view,2026-06-03T14:14:32
113,9,view,2026-06-03T14:14:43
450,13,view,2026-06-03T14:16:56
263,12,add_to_cart,2026-06-03T14:17:06
141,19,buy,2026-06-03T14:19:50
272,11,view,2026-06-03T14:21:50
552,14,buy,2026-06-03T14:26:01
113,6,buy,2026-06-03T14:30:03
611,3,view,2026-06-03T14:30:14
345,19,view,2026-06-03T14:30:21
499,16,view,2026-06-03T14:33:24
101,13,view,2026-06-03T14:33:42
614,10,buy,2026-06-03T14:33:44
118,10,view,2026-06-03T14:34:38
405,13,view,2026-06-03T14:37:10
332,9,view,2026-06-03T14:39:23
534,16,view,2026-06-03T14:40:13
118,10,add_to_cart,2026-06-03T14:40:47
534,16,add_to_cart,2026-06-03T14:41:30
405,13,buy,2026-06-03T14:42:29
308,9,view,2026-06-03T14:46:48
598,16,view,2026-06-03T14:47:22
308,9,add_to_cart,2026-06-03T14:47:35
161,6,view,2026-06-03T14:53:01
308,9,buy,2026-06-03T14:53:24
598,17,view,2026-06-03T14:54:16
355,5,view,2026-06-03T14:55:56
215,19,view,2026-06-03T14:56:47
561,19,view,2026-06-03T14:59:33
160,13,view,2026-06-03T14:59:41
207,9,view,2026-06-03T15:00:01
161,8,view,2026-06-03T15:00:03
215,19,add_to_cart,2026-06-03T15:01:05
160,13,add_to_cart,2026-06-03T15:02:57
207,9,add_to_cart,2026-06-03T15:05:52
207,8,view,2026-06-03T15:09:22
469,14,view,2026-06-03T15:09:47
534,16,buy,2026-06-03T15:10:46
23,5,view,2026-06-03T15:11:11
598,16,view,2026-06-03T15:15:44
469,14,add_to_cart,2026-06-03T15:16:06
267,3,view,2026-06-03T15:16:49
510,14,view,2026-06-03T15:18:42
225,6,view,2026-06-03T15:21:33
510,14,add_to_cart,2026-06-03T15:22:31
329,18,view,2026-06-03T15:23:08
215,19,buy,2026-06-03T15:23:41
225,6,add_to_cart,2026-06-03T15:23:58
84,19,view,2026-06-03T15:26:15
413,18,view,2026-06-03T15:27:40
329,18,add_to_cart,2026-06-03T15:28:02
510,14,buy,2026-06-03T15:28:56
160,13,buy,2026-06-03T15:30:57
225,9,view,2026-06-03T15:31:02
486,16,view,2026-06-03T15:31:24
413,18,add_to_cart,2026-06-03T15:31:53
84,19,add_to_cart,2026-06-03T15:32:04
117,19,view,2026-06-03T15:34:05
486,16,add_to_cart,2026-06-03T15:34:19
642,10,view,2026-06-03T15:35:02
413,18,view,2026-06-03T15:36:00
117,19,add_to_cart,2026-06-03T15:36:29
416,3,view,2026-06-03T15:36:49
642,10,add_to_cart,2026-06-03T15:37:41
413,18,buy,2026-06-03T15:37:53
84,19,buy,2026-06-03T15:39:50
316,9,view,2026-06-03T15:39:52
93,18,view,2026-06-03T15:40:31
316,9,add_to_cart,2026-06-03T15:40:58
469,14,buy,2026-06-03T15:41:17
536,10,view,2026-06-03T15:48:23
536,12,view,2026-06-03T15:49:38
341,13,view,2026-06-03T15:53:35
639,3,view,2026-06-03T15:55:14
341,13,add_to_cart,2026-06-03T15:55:38
414,17,view,2026-06-03T15:56:13
411,4,view,2026-06-03T15:58:05
642,10,buy,2026-06-03T15:58:24
266,10,view,2026-06-03T15:59:40
411,4,add_to_cart,2026-06-03T16:00:31
102,17,view,2026-06-03T16:00:49
414,17,add_to_cart,2026-06-03T16:02:03
639,1,view,2026-06-03T16:03:49
355,16,view,2026-06-03T16:04:41
266,10,add_to_cart,2026-06-03T16:05:31
313,16,view,2026-06-03T16:06:22
411,5,view,2026-06-03T16:07:31
355,16,add_to_cart,2026-06-03T16:07:49
476,7,view,2026-06-03T16:08:17
313,16,add_to_cart,2026-06-03T16:08:23
341,13,buy,2026-06-03T16:10:38
476,7,add_to_cart,2026-06-03T16:11:38
521,19,view,2026-06-03T16:15:44
503,18,view,2026-06-03T16:18:49
266,10,buy,2026-06-03T16:26:37
503,19,view,2026-06-03T16:27:47
91,3,view,2026-06-03T16:28:21
566,17,view,2026-06-03T16:28:21
11,3,view,2026-06-03T16:30:41
369,8,view,2026-06-03T16:31:12
566,16,view,2026-06-03T16:35:31
185,19,view,2026-06-03T16:36:30
185,19,view,2026-06-03T16:44:36
20,10,view,2026-06-03T16:48:49
398,11,view,2026-06-03T16:51:55
449,7,view,2026-06-03T17:03:35
449,8,view,2026-06-03T17:04:13
352,2,view,2026-06-03T17:18:59
337,9,view,2026-06-03T17:19:14
286,16,view,2026-06-03T17:20:24
346,15,view,2026-06-03T17:22:38
346,13,view,2026-06-03T17:26:49
176,1,view,2026-06-03T17:30:29
176,1,add_to_cart,2026-06-03T17:31:51
343,19,view,2026-06-03T17:32:04
274,13,view,2026-06-03T17:32:18
298,13,view,2026-06-03T17:33:51
343,19,view,2026-06-03T17:34:35
343,19,add_to_cart,2026-06-03T17:35:06
179,17,view,2026-06-03T17:36:55
423,18,view,2026-06-03T17:37:30
298,14,view,2026-06-03T17:37:51
85,19,view,2026-06-03T17:40:22
343,19,buy,2026-06-03T17:40:28
423,18,view,2026-06-03T17:40:56
85,19,add_to_cart,2026-06-03T17:41:05
574,19,view,2026-06-03T17:46:19
574,19,add_to_cart,2026-06-03T17:48:46
566,1,view,2026-06-03T17:50:59
176,1,buy,2026-06-03T17:51:13
566,1,view,2026-06-03T17:55:47
618,19,view,2026-06-03T17:59:02
591,2,view,2026-06-03T17:59:37
618,18,view,2026-06-03T18:00:24
85,19,buy,2026-06-03T18:01:13
591,2,add_to_cart,2026-06-03T18:03:13
170,15,view,2026-06-03T18:16:28
591,2,buy,2026-06-03T18:16:47
574,19,buy,2026-06-03T18:17:19
289,18,view,2026-06-03T18:18:36
289,18,add_to_cart,2026-06-03T18:23:22
438,10,view,2026-06-03T18:28:13
512,5,view,2026-06-03T18:34:38
438,10,view,2026-06-03T18:37:57
460,12,view,2026-06-03T18:41:11
460,12,add_to_cart,2026-06-03T18:42:00
311,4,view,2026-06-03T18:44:09
289,18,buy,2026-06-03T18:45:07
276,2,view,2026-06-03T18:45:30
311,4,add_to_cart,2026-06-03T18:49:11
390,10,view,2026-06-03T18:51:59
228,8,view,2026-06-03T19:08:47
228,9,view,2026-06-03T19:11:26
331,1,view,2026-06-03T19:12:20
263,9,view,2026-06-03T19:16:19
371,3,view,2026-06-03T19:18:55
305,18,view,2026-06-03T19:20:47
233,18,view,2026-06-03T19:23:56
219,16,view,2026-06-03T19:25:07
436,10,view,2026-06-03T19:25:22
305,18,add_to_cart,2026-06-03T19:26:33
219,16,view,2026-06-03T19:28:17
263,9,buy,2026-06-03T19:30:18
233,18,add_to_cart,2026-06-03T19:30:31
604,6,view,2026-06-03T19:31:19
219,16,add_to_cart,2026-06-03T19:31:51
233,18,buy,2026-06-03T19:34:07
604,6,add_to_cart,2026-06-03T19:35:16
92,10,view,2026-06-03T19:39:44
604,8,view,2026-06-03T19:40:04
92,11,view,2026-06-03T19:42:41
293,8,view,2026-06-03T19:45:53
413,7,view,2026-06-03T19:46:05
219,16,buy,2026-06-03T19:48:16
144,14,view,2026-06-03T19:52:39
305,18,buy,2026-06-03T19:54:03
513,16,view,2026-06-03T19:54:08
31,3,view,2026-06-03T20:00:42
571,4,view,2026-06-03T20:00:56
11,17,view,2026-06-03T20:02:34
11,17,add_to_cart,2026-06-03T20:04:37
160,15,view,2026-06-03T20:04:39
64,13,view,2026-06-03T20:06:06
571,4,add_to_cart,2026-06-03T20:06:34
204,12,view,2026-06-03T20:07:32
321,18,view,2026-06-03T20:08:50
160,15,add_to_cart,2026-06-03T20:09:12
511,4,view,2026-06-03T20:09:24
614,10,view,2026-06-03T20:09:54
511,4,add_to_cart,2026-06-03T20:10:38
321,18,add_to_cart,2026-06-03T20:11:19
595,17,view,2026-06-03T20:12:27
204,12,add_to_cart,2026-06-03T20:13:09
349,13,view,2026-06-03T20:13:19
614,10,add_to_cart,2026-06-03T20:14:14
349,13,add_to_cart,2026-06-03T20:14:31
524,9,view,2026-06-03T20:15:23
567,2,view,2026-06-03T20:15:55
524,9,add_to_cart,2026-06-03T20:19:54
198,17,view,2026-06-03T20:20:50
359,6,view,2026-06-03T20:21:36
595,17,buy,2026-06-03T20:21:42
524,6,view,2026-06-03T20:23:26
376,1,view,2026-06-03T20:24:42
359,6,add_to_cart,2026-06-03T20:27:04
511,4,buy,2026-06-03T20:28:17
499,16,view,2026-06-03T20:28:50
359,6,buy,2026-06-03T20:29:37
321,18,buy,2026-06-03T20:29:45
614,10,buy,2026-06-03T20:31:21
499,16,add_to_cart,2026-06-03T20:33:30
645,15,view,2026-06-03T20:34:53
645,15,add_to_cart,2026-06-03T20:39:05
470,16,view,2026-06-03T20:42:54
349,13,buy,2026-06-03T20:44:15
153,7,view,2026-06-03T20:44:35
329,19,view,2026-06-03T20:44:57
153,8,view,2026-06-03T20:45:03
248,12,view,2026-06-03T20:45:07
470,16,add_to_cart,2026-06-03T20:45:23
87,18,view,2026-06-03T20:50:39
153,7,add_to_cart,2026-06-03T20:51:23
87,19,view,2026-06-03T20:51:45
329,19,buy,2026-06-03T20:52:28
645,15,buy,2026-06-03T20:54:52
71,9,view,2026-06-03T20:55:30
470,16,buy,2026-06-03T20:55:47
558,16,view,2026-06-03T20:56:38
572,9,view,2026-06-03T20:56:46
572,9,view,2026-06-03T20:59:13
505,19,view,2026-06-03T20:59:32
71,9,add_to_cart,2026-06-03T20:59:42
499,16,buy,2026-06-03T21:00:47
572,9,add_to_cart,2026-06-03T21:02:34
558,16,view,2026-06-03T21:04:18
71,9,buy,2026-06-03T21:06:33
373,19,view,2026-06-03T21:14:58
243,4,view,2026-06-03T21:20:51
473,19,view,2026-06-03T21:22:41
455,7,view,2026-06-03T21:24:00
28,11,view,2026-06-03T21:27:26
28,12,view,2026-06-03T21:29:47
577,6,view,2026-06-03T21:31:24
514,2,view,2026-06-03T21:31:54
473,18,view,2026-06-03T21:32:19
455,9,view,2026-06-03T21:32:28
501,15,view,2026-06-03T21:33:27
577,6,add_to_cart,2026-06-03T21:36:08
455,7,buy,2026-06-03T21:36:25
423,7,view,2026-06-03T21:37:01
514,3,view,2026-06-03T21:41:52
460,6,view,2026-06-03T21:42:27
460,6,add_to_cart,2026-06-03T21:43:19
330,10,view,2026-06-03T21:43:58
330,10,add_to_cart,2026-06-03T21:45:17
460,9,view,2026-06-03T21:45:36
39,4,view,2026-06-03T21:53:51
443,16,view,2026-06-03T21:55:20
577,6,buy,2026-06-03T21:57:01
548,10,view,2026-06-03T21:59:12
39,4,add_to_cart,2026-06-03T21:59:26
548,10,add_to_cart,2026-06-03T22:00:28
160,2,view,2026-06-03T22:00:48
628,11,view,2026-06-03T22:01:00
628,11,add_to_cart,2026-06-03T22:01:56
39,4,buy,2026-06-03T22:02:07
361,9,view,2026-06-03T22:06:43
587,5,view,2026-06-03T22:06:52
160,2,add_to_cart,2026-06-03T22:06:57
88,13,view,2026-06-03T22:07:19
294,16,view,2026-06-03T22:07:20
361,9,add_to_cart,2026-06-03T22:08:47
21,15,view,2026-06-03T22:13:00
209,7,view,2026-06-03T22:14:00
470,10,view,2026-06-03T22:14:43
294,17,view,2026-06-03T22:15:10
587,5,buy,2026-06-03T22:15:16
88,15,view,2026-06-03T22:15:43
458,13,view,2026-06-03T22:16:00
542,16,view,2026-06-03T22:18:23
458,13,add_to_cart,2026-06-03T22:20:28
494,1,view,2026-06-03T22:20:37
76,12,view,2026-06-03T22:21:00
135,7,view,2026-06-03T22:22:07
76,12,view,2026-06-03T22:23:26
340,10,view,2026-06-03T22:23:39
129,6,view,2026-06-03T22:23:47
4,11,view,2026-06-03T22:24:00
542,16,add_to_cart,2026-06-03T22:24:42
458,13,buy,2026-06-03T22:25:47
517,19,view,2026-06-03T22:26:00
76,12,buy,2026-06-03T22:26:27
4,12,view,2026-06-03T22:29:41
231,17,view,2026-06-03T22:30:00
246,19,view,2026-06-03T22:30:00
517,18,view,2026-06-03T22:30:52
517,19,add_to_cart,2026-06-03T22:30:57
265,6,view,2026-06-03T22:34:00
613,14,view,2026-06-03T22:36:18
231,17,view,2026-06-03T22:37:05
39,14,view,2026-06-03T22:38:09
613,14,add_to_cart,2026-06-03T22:40:41
207,19,view,2026-06-03T22:43:00
186,10,view,2026-06-03T22:43:00
613,14,view,2026-06-03T22:44:32
39,14,add_to_cart,2026-06-03T22:44:53
315,2,view,2026-06-03T22:47:00
186,10,add_to_cart,2026-06-03T22:48:02
301,13,view,2026-06-03T22:49:00
642,10,view,2026-06-03T22:50:49
542,16,buy,2026-06-03T22:51:25
301,13,buy,2026-06-03T22:52:02
312,1,view,2026-06-03T22:53:46
315,3,view,2026-06-03T22:53:57
254,10,view,2026-06-03T22:54:39
312,1,add_to_cart,2026-06-03T22:58:26
517,19,buy,2026-06-03T22:59:17
613,14,buy,2026-06-03T23:02:10
633,8,view,2026-06-04T07:00:00
211,19,view,2026-06-04T07:00:00
69,13,view,2026-06-04T07:00:00
580,9,view,2026-06-04T07:00:50
461,18,view,2026-06-04T07:02:00
602,12,view,2026-06-04T07:02:00
544,14,view,2026-06-04T07:02:00
337,18,view,2026-06-04T07:02:00
323,16,view,2026-06-04T07:03:00
382,17,view,2026-06-04T07:04:00
439,6,view,2026-06-04T07:04:00
407,6,view,2026-06-04T07:06:00
647,1,view,2026-06-04T07:06:00
95,1,view,2026-06-04T07:07:00
211,16,view,2026-06-04T07:07:00
165,13,view,2026-06-04T07:07:05
442,14,view,2026-06-04T07:07:34
354,12,view,2026-06-04T07:07:49
337,18,add_to_cart,2026-06-04T07:08:00
180,3,view,2026-06-04T07:08:00
580,8,view,2026-06-04T07:08:04
633,7,view,2026-06-04T07:09:01
524,10,view,2026-06-04T07:09:15
69,13,view,2026-06-04T07:09:17
337,19,view,2026-06-04T07:09:27
382,17,add_to_cart,2026-06-04T07:10:04
259,17,view,2026-06-04T07:10:48
47,5,view,2026-06-04T07:11:00
250,10,view,2026-06-04T07:11:00
354,10,view,2026-06-04T07:11:49
250,10,add_to_cart,2026-06-04T07:12:06
305,14,view,2026-06-04T07:13:54
449,6,view,2026-06-04T07:14:00
524,10,add_to_cart,2026-06-04T07:14:09
192,13,view,2026-06-04T07:14:33
258,10,view,2026-06-04T07:15:00
6,17,view,2026-06-04T07:15:04
192,13,add_to_cart,2026-06-04T07:15:30
192,14,view,2026-06-04T07:15:41
601,8,view,2026-06-04T07:16:00
323,16,buy,2026-06-04T07:16:16
259,17,view,2026-06-04T07:16:32
289,18,view,2026-06-04T07:16:36
635,10,view,2026-06-04T07:17:00
259,17,add_to_cart,2026-06-04T07:17:09
289,18,add_to_cart,2026-06-04T07:17:14
511,5,view,2026-06-04T07:19:00
344,19,view,2026-06-04T07:19:00
369,6,view,2026-06-04T07:19:00
369,7,view,2026-06-04T07:19:35
6,16,view,2026-06-04T07:20:22
511,5,add_to_cart,2026-06-04T07:20:52
240,13,view,2026-06-04T07:21:00
601,8,add_to_cart,2026-06-04T07:21:20
142,10,view,2026-06-04T07:22:00
601,7,view,2026-06-04T07:22:37
344,19,add_to_cart,2026-06-04T07:23:07
6,17,view,2026-06-04T07:24:00
6,17,add_to_cart,2026-06-04T07:24:38
369,6,add_to_cart,2026-06-04T07:24:56
224,14,view,2026-06-04T07:25:00
344,18,view,2026-06-04T07:25:00
442,6,view,2026-06-04T07:27:00
130,14,view,2026-06-04T07:27:00
6,17,buy,2026-06-04T07:27:48
388,8,view,2026-06-04T07:28:00
246,15,view,2026-06-04T07:28:00
524,10,buy,2026-06-04T07:28:30
455,18,view,2026-06-04T07:29:00
416,13,view,2026-06-04T07:29:00
575,6,view,2026-06-04T07:29:00
375,19,view,2026-06-04T07:29:17
130,14,add_to_cart,2026-06-04T07:29:30
337,18,buy,2026-06-04T07:29:47
491,5,view,2026-06-04T07:30:00
635,16,view,2026-06-04T07:31:42
224,14,add_to_cart,2026-06-04T07:31:58
307,5,view,2026-06-04T07:32:00
375,19,add_to_cart,2026-06-04T07:32:28
575,6,add_to_cart,2026-06-04T07:32:48
190,17,view,2026-06-04T07:33:00
231,2,view,2026-06-04T07:33:00
455,18,add_to_cart,2026-06-04T07:33:28
442,6,view,2026-06-04T07:33:48
361,6,view,2026-06-04T07:34:00
135,2,view,2026-06-04T07:34:00
314,12,view,2026-06-04T07:34:00
467,12,view,2026-06-04T07:35:00
416,13,add_to_cart,2026-06-04T07:35:01
388,7,view,2026-06-04T07:35:33
635,16,add_to_cart,2026-06-04T07:35:44
135,5,view,2026-06-04T07:35:51
190,17,add_to_cart,2026-06-04T07:36:01
370,7,view,2026-06-04T07:37:00
467,12,add_to_cart,2026-06-04T07:37:01
127,9,view,2026-06-04T07:37:46
231,2,add_to_cart,2026-06-04T07:37:48
318,16,view,2026-06-04T07:38:00
194,13,view,2026-06-04T07:38:00
139,17,view,2026-06-04T07:38:00
467,12,buy,2026-06-04T07:38:57
361,6,view,2026-06-04T07:39:03
601,8,buy,2026-06-04T07:39:08
250,10,buy,2026-06-04T07:39:26
259,17,buy,2026-06-04T07:39:30
567,10,view,2026-06-04T07:40:00
44,10,view,2026-06-04T07:40:00
472,14,view,2026-06-04T07:40:00
477,18,view,2026-06-04T07:40:00
194,13,add_to_cart,2026-06-04T07:40:59
343,5,view,2026-06-04T07:41:00
541,19,view,2026-06-04T07:41:00
484,6,view,2026-06-04T07:41:00
370,7,add_to_cart,2026-06-04T07:41:45
30,16,view,2026-06-04T07:42:00
344,19,buy,2026-06-04T07:42:18
575,6,buy,2026-06-04T07:42:48
477,18,add_to_cart,2026-06-04T07:43:28
369,6,buy,2026-06-04T07:43:34
139,17,add_to_cart,2026-06-04T07:43:50
488,4,view,2026-06-04T07:44:00
455,18,buy,2026-06-04T07:44:25
567,12,view,2026-06-04T07:44:58
92,10,view,2026-06-04T07:46:00
314,10,view,2026-06-04T07:46:00
567,10,add_to_cart,2026-06-04T07:46:12
130,14,buy,2026-06-04T07:46:35
444,11,view,2026-06-04T07:47:16
484,6,add_to_cart,2026-06-04T07:47:19
472,13,view,2026-06-04T07:47:47
370,7,buy,2026-06-04T07:47:53
298,14,view,2026-06-04T07:48:00
280,14,view,2026-06-04T07:48:00
306,10,view,2026-06-04T07:48:04
306,10,view,2026-06-04T07:48:47
488,4,add_to_cart,2026-06-04T07:49:49
30,17,view,2026-06-04T07:49:54
37,18,view,2026-06-04T07:50:00
589,13,view,2026-06-04T07:50:00
333,13,view,2026-06-04T07:50:00
298,14,add_to_cart,2026-06-04T07:50:10
416,13,buy,2026-06-04T07:50:54
63,19,view,2026-06-04T07:51:00
603,2,view,2026-06-04T07:51:00
507,17,view,2026-06-04T07:51:00
280,14,add_to_cart,2026-06-04T07:51:40
164,12,view,2026-06-04T07:52:00
264,2,view,2026-06-04T07:52:00
635,16,buy,2026-06-04T07:52:15
567,10,buy,2026-06-04T07:52:21
222,16,view,2026-06-04T07:53:00
409,19,view,2026-06-04T07:54:00
394,11,view,2026-06-04T07:54:26
338,12,view,2026-06-04T07:55:00
244,6,view,2026-06-04T07:55:00
409,19,add_to_cart,2026-06-04T07:55:10
244,8,view,2026-06-04T07:56:21
445,7,view,2026-06-04T07:57:00
322,3,view,2026-06-04T07:57:00
309,13,view,2026-06-04T07:57:00
551,4,view,2026-06-04T07:57:00
507,17,add_to_cart,2026-06-04T07:57:33
37,18,view,2026-06-04T07:57:50
114,12,view,2026-06-04T07:58:00
280,14,buy,2026-06-04T07:58:00
244,6,add_to_cart,2026-06-04T07:58:42
348,9,view,2026-06-04T07:59:00
164,10,view,2026-06-04T07:59:00
306,10,buy,2026-06-04T07:59:18
603,1,view,2026-06-04T07:59:32
477,18,buy,2026-06-04T07:59:47
338,12,add_to_cart,2026-06-04T07:59:48
457,15,view,2026-06-04T08:00:00
410,15,view,2026-06-04T08:00:24
114,12,buy,2026-06-04T08:00:45
410,15,add_to_cart,2026-06-04T08:01:12
578,12,view,2026-06-04T08:02:00
202,16,view,2026-06-04T08:03:00
85,15,view,2026-06-04T08:03:04
647,19,view,2026-06-04T08:03:14
309,13,add_to_cart,2026-06-04T08:03:47
457,15,add_to_cart,2026-06-04T08:04:02
447,3,view,2026-06-04T08:05:00
461,9,view,2026-06-04T08:05:00
410,13,view,2026-06-04T08:05:18
157,16,view,2026-06-04T08:06:00
381,18,view,2026-06-04T08:06:00
348,9,view,2026-06-04T08:06:34
184,15,view,2026-06-04T08:07:09
455,3,view,2026-06-04T08:07:36
85,15,buy,2026-06-04T08:07:45
184,15,add_to_cart,2026-06-04T08:08:55
625,9,view,2026-06-04T08:09:43
157,17,view,2026-06-04T08:11:17
447,1,view,2026-06-04T08:11:42
561,12,view,2026-06-04T08:12:00
56,13,view,2026-06-04T08:12:00
455,3,add_to_cart,2026-06-04T08:12:11
488,4,buy,2026-06-04T08:13:01
184,14,view,2026-06-04T08:13:50
318,10,view,2026-06-04T08:14:00
455,3,buy,2026-06-04T08:14:08
603,5,view,2026-06-04T08:15:00
425,18,view,2026-06-04T08:15:00
244,6,buy,2026-06-04T08:15:16
425,18,add_to_cart,2026-06-04T08:15:44
261,15,view,2026-06-04T08:16:00
56,13,add_to_cart,2026-06-04T08:16:06
298,14,buy,2026-06-04T08:16:10
378,13,view,2026-06-04T08:16:43
7,2,view,2026-06-04T08:16:52
211,17,view,2026-06-04T08:17:00
61,18,view,2026-06-04T08:17:00
146,2,view,2026-06-04T08:18:00
318,10,add_to_cart,2026-06-04T08:18:10
123,17,view,2026-06-04T08:19:00
600,13,view,2026-06-04T08:19:00
149,16,view,2026-06-04T08:19:00
561,11,view,2026-06-04T08:19:41
75,14,view,2026-06-04T08:20:09
61,18,add_to_cart,2026-06-04T08:20:10
149,16,add_to_cart,2026-06-04T08:20:52
326,17,view,2026-06-04T08:21:00
529,6,view,2026-06-04T08:21:00
194,10,view,2026-06-04T08:21:00
600,13,add_to_cart,2026-06-04T08:21:06
318,10,buy,2026-06-04T08:21:29
318,10,view,2026-06-04T08:21:36
603,5,add_to_cart,2026-06-04T08:21:46
559,8,view,2026-06-04T08:23:00
472,5,view,2026-06-04T08:23:00
123,17,add_to_cart,2026-06-04T08:23:04
457,15,buy,2026-06-04T08:23:12
194,10,add_to_cart,2026-06-04T08:23:27
425,18,buy,2026-06-04T08:23:55
193,10,view,2026-06-04T08:24:00
123,16,view,2026-06-04T08:24:03
425,19,view,2026-06-04T08:24:49
123,17,buy,2026-06-04T08:25:07
146,2,buy,2026-06-04T08:25:16
184,15,buy,2026-06-04T08:25:32
75,14,add_to_cart,2026-06-04T08:25:37
464,15,view,2026-06-04T08:26:00
127,5,view,2026-06-04T08:26:00
472,5,add_to_cart,2026-06-04T08:26:34
579,16,view,2026-06-04T08:27:00
638,4,view,2026-06-04T08:27:00
563,16,view,2026-06-04T08:27:00
72,5,view,2026-06-04T08:27:00
193,10,add_to_cart,2026-06-04T08:27:05
336,13,view,2026-06-04T08:28:00
217,16,view,2026-06-04T08:28:00
559,6,view,2026-06-04T08:28:01
578,15,view,2026-06-04T08:28:02
336,13,add_to_cart,2026-06-04T08:28:56
332,11,view,2026-06-04T08:29:08
579,16,add_to_cart,2026-06-04T08:30:23
563,16,add_to_cart,2026-06-04T08:32:01
578,15,add_to_cart,2026-06-04T08:32:04
270,10,view,2026-06-04T08:32:05
193,10,buy,2026-06-04T08:34:02
579,16,view,2026-06-04T08:34:18
270,10,view,2026-06-04T08:38:26
578,15,buy,2026-06-04T08:40:25
516,10,view,2026-06-04T08:41:37
270,10,buy,2026-06-04T08:41:46
579,16,buy,2026-06-04T08:43:32
600,13,buy,2026-06-04T08:45:24
516,12,view,2026-06-04T08:45:54
336,13,buy,2026-06-04T08:51:05
75,14,buy,2026-06-04T08:52:14
107,6,view,2026-06-04T09:01:43
199,3,view,2026-06-04T09:22:34
507,1,view,2026-06-04T09:25:28
494,3,view,2026-06-04T09:28:00
496,1,view,2026-06-04T09:28:21
199,3,add_to_cart,2026-06-04T09:29:32
106,14,view,2026-06-04T09:35:56
496,4,view,2026-06-04T09:36:22
545,9,view,2026-06-04T09:36:37
530,13,view,2026-06-04T09:38:20
199,3,buy,2026-06-04T09:38:49
530,13,view,2026-06-04T09:40:39
427,5,view,2026-06-04T09:41:23
106,15,view,2026-06-04T09:41:50
210,10,view,2026-06-04T09:42:29
530,13,add_to_cart,2026-06-04T09:42:30
106,14,buy,2026-06-04T09:43:49
94,10,view,2026-06-04T09:44:32
545,8,view,2026-06-04T09:45:37
210,10,add_to_cart,2026-06-04T09:45:44
425,8,view,2026-06-04T09:49:44
427,5,buy,2026-06-04T09:54:11
350,17,view,2026-06-04T09:55:31
506,15,view,2026-06-04T09:57:35
350,17,add_to_cart,2026-06-04T09:58:48
506,15,add_to_cart,2026-06-04T09:59:26
628,12,view,2026-06-04T10:04:23
112,6,view,2026-06-04T10:06:23
112,6,add_to_cart,2026-06-04T10:07:48
326,11,view,2026-06-04T10:08:04
530,13,buy,2026-06-04T10:09:35
350,17,buy,2026-06-04T10:09:38
326,12,view,2026-06-04T10:11:58
506,15,buy,2026-06-04T10:12:59
562,12,view,2026-06-04T10:19:43
112,6,buy,2026-06-04T10:23:30
434,19,view,2026-06-04T10:23:50
434,19,add_to_cart,2026-06-04T10:25:40
562,10,view,2026-06-04T10:27:35
89,19,view,2026-06-04T10:28:10
496,4,view,2026-06-04T10:30:10
350,10,view,2026-06-04T10:31:15
434,19,buy,2026-06-04T10:32:01
89,19,add_to_cart,2026-06-04T10:32:20
496,4,view,2026-06-04T10:37:23
350,10,add_to_cart,2026-06-04T10:37:32
606,16,view,2026-06-04T10:41:42
631,9,view,2026-06-04T10:41:49
491,16,view,2026-06-04T10:41:55
600,15,view,2026-06-04T10:42:13
491,17,view,2026-06-04T10:42:51
600,15,add_to_cart,2026-06-04T10:44:22
606,16,view,2026-06-04T10:44:24
491,16,add_to_cart,2026-06-04T10:44:36
437,8,view,2026-06-04T10:45:57
323,3,view,2026-06-04T10:47:07
350,10,buy,2026-06-04T10:47:18
185,19,view,2026-06-04T10:48:37
89,19,buy,2026-06-04T10:50:10
437,8,add_to_cart,2026-06-04T10:50:26
491,16,buy,2026-06-04T10:50:27
185,19,add_to_cart,2026-06-04T10:51:56
405,10,view,2026-06-04T10:52:46
323,3,view,2026-06-04T10:52:48
405,11,view,2026-06-04T10:55:13
437,8,buy,2026-06-04T10:55:14
405,10,add_to_cart,2026-06-04T10:59:21
185,19,buy,2026-06-04T11:01:03
390,10,view,2026-06-04T11:03:56
390,10,add_to_cart,2026-06-04T11:04:46
15,19,view,2026-06-04T11:11:42
15,19,view,2026-06-04T11:13:24
600,15,buy,2026-06-04T11:13:49
438,17,view,2026-06-04T11:14:07
15,19,add_to_cart,2026-06-04T11:14:40
405,10,buy,2026-06-04T11:16:49
214,17,view,2026-06-04T11:20:56
438,17,buy,2026-06-04T11:22:28
566,11,view,2026-06-04T11:24:34
278,19,view,2026-06-04T11:26:03
189,13,view,2026-06-04T11:30:10
278,19,add_to_cart,2026-06-04T11:30:52
326,16,view,2026-06-04T11:38:51
107,16,view,2026-06-04T11:40:09
90,11,view,2026-06-04T11:40:13
411,16,view,2026-06-04T11:40:41
9,19,view,2026-06-04T11:41:47
326,16,add_to_cart,2026-06-04T11:43:07
411,17,view,2026-06-04T11:43:21
412,6,view,2026-06-04T11:43:30
107,16,add_to_cart,2026-06-04T11:44:37
411,16,add_to_cart,2026-06-04T11:45:24
90,11,add_to_cart,2026-06-04T11:46:35
26,10,view,2026-06-04T11:47:40
26,10,add_to_cart,2026-06-04T11:48:26
148,19,view,2026-06-04T11:49:33
26,10,view,2026-06-04T11:51:37
332,11,view,2026-06-04T11:52:55
194,10,view,2026-06-04T11:53:36
194,10,add_to_cart,2026-06-04T11:54:35
148,18,view,2026-06-04T11:54:42
332,11,add_to_cart,2026-06-04T11:56:02
194,10,view,2026-06-04T11:56:34
338,11,view,2026-06-04T11:56:50
30,1,view,2026-06-04T11:57:54
278,19,buy,2026-06-04T11:58:20
470,10,view,2026-06-04T11:58:29
30,1,add_to_cart,2026-06-04T11:59:30
371,16,view,2026-06-04T12:00:57
200,14,view,2026-06-04T12:03:01
522,11,view,2026-06-04T12:03:27
43,1,view,2026-06-04T12:08:16
43,2,view,2026-06-04T12:09:36
43,1,buy,2026-06-04T12:12:38
90,11,buy,2026-06-04T12:14:31
467,3,view,2026-06-04T12:15:10
121,19,view,2026-06-04T12:17:51
106,12,view,2026-06-04T12:18:39
412,11,view,2026-06-04T12:18:52
121,19,add_to_cart,2026-06-04T12:21:08
305,7,view,2026-06-04T12:22:12
109,3,view,2026-06-04T12:25:25
106,12,add_to_cart,2026-06-04T12:25:36
242,13,view,2026-06-04T12:26:52
121,18,view,2026-06-04T12:27:25
30,1,buy,2026-06-04T12:28:27
121,19,buy,2026-06-04T12:38:35
347,4,view,2026-06-04T12:42:22
532,6,view,2026-06-04T12:45:47
224,14,view,2026-06-04T12:47:49
532,9,view,2026-06-04T12:49:48
224,14,add_to_cart,2026-06-04T12:50:47
394,15,view,2026-06-04T12:54:10
224,14,view,2026-06-04T12:54:30
31,14,view,2026-06-04T12:54:45
276,6,view,2026-06-04T12:55:53
598,17,view,2026-06-04T12:55:59
605,19,view,2026-06-04T12:56:35
63,17,view,2026-06-04T12:56:39
605,19,add_to_cart,2026-06-04T12:58:40
224,14,buy,2026-06-04T12:58:52
492,8,view,2026-06-04T13:00:47
276,6,add_to_cart,2026-06-04T13:02:32
287,19,view,2026-06-04T13:05:19
402,15,view,2026-06-04T13:06:54
433,18,view,2026-06-04T13:08:51
287,19,buy,2026-06-04T13:12:29
605,19,buy,2026-06-04T13:12:39
433,18,add_to_cart,2026-06-04T13:12:53
287,18,view,2026-06-04T13:14:09
402,14,view,2026-06-04T13:15:57
265,19,view,2026-06-04T13:16:05
265,19,add_to_cart,2026-06-04T13:17:22
308,6,view,2026-06-04T13:18:09
265,19,view,2026-06-04T13:18:14
308,6,add_to_cart,2026-06-04T13:19:27
404,7,view,2026-06-04T13:20:41
25,18,view,2026-06-04T13:20:42
25,18,add_to_cart,2026-06-04T13:24:53
433,18,buy,2026-06-04T13:24:57
276,6,buy,2026-06-04T13:25:13
89,19,view,2026-06-04T13:27:54
25,18,buy,2026-06-04T13:28:58
87,6,view,2026-06-04T13:30:52
265,19,buy,2026-06-04T13:30:53
487,18,view,2026-06-04T13:35:00
87,9,view,2026-06-04T13:35:35
438,17,view,2026-06-04T13:36:04
192,3,view,2026-06-04T13:37:05
487,18,add_to_cart,2026-06-04T13:37:31
334,16,view,2026-06-04T13:37:40
192,3,add_to_cart,2026-06-04T13:38:06
192,4,view,2026-06-04T13:42:33
54,17,view,2026-06-04T13:42:45
368,14,view,2026-06-04T13:45:59
54,16,view,2026-06-04T13:51:21
487,18,buy,2026-06-04T14:00:11
208,8,view,2026-06-04T14:01:50
586,10,view,2026-06-04T14:07:57
586,10,view,2026-06-04T14:11:54
288,5,view,2026-06-04T14:15:12
339,19,view,2026-06-04T14:18:23
339,19,add_to_cart,2026-06-04T14:23:19
541,7,view,2026-06-04T14:23:27
154,15,view,2026-06-04T14:30:19
178,13,view,2026-06-04T14:32:08
95,18,view,2026-06-04T14:33:45
369,7,view,2026-06-04T14:34:15
455,18,view,2026-06-04T14:34:30
154,15,add_to_cart,2026-06-04T14:35:29
178,13,add_to_cart,2026-06-04T14:36:43
332,11,view,2026-06-04T14:38:46
175,1,view,2026-06-04T14:46:37
46,17,view,2026-06-04T14:48:35
30,12,view,2026-06-04T14:52:34
30,12,add_to_cart,2026-06-04T14:54:12
178,13,buy,2026-06-04T14:55:53
288,14,view,2026-06-04T14:56:33
288,14,view,2026-06-04T14:59:42
379,6,view,2026-06-04T15:00:33
417,18,view,2026-06-04T15:00:38
30,11,view,2026-06-04T15:01:41
154,15,buy,2026-06-04T15:04:23
486,17,view,2026-06-04T15:05:20
417,18,add_to_cart,2026-06-04T15:07:30
67,5,view,2026-06-04T15:07:51
383,4,view,2026-06-04T15:11:01
447,18,view,2026-06-04T15:14:02
490,13,view,2026-06-04T15:15:04
30,12,buy,2026-06-04T15:17:31
375,4,view,2026-06-04T15:18:44
493,13,view,2026-06-04T15:19:54
411,16,view,2026-06-04T15:24:34
95,12,view,2026-06-04T15:25:55
111,5,view,2026-06-04T15:27:34
93,15,view,2026-06-04T15:28:02
417,18,buy,2026-06-04T15:31:17
393,18,view,2026-06-04T15:33:29
93,15,add_to_cart,2026-06-04T15:33:34
7,18,view,2026-06-04T15:36:29
484,12,view,2026-06-04T15:37:22
117,6,view,2026-06-04T15:39:05
7,19,view,2026-06-04T15:39:30
247,7,view,2026-06-04T15:41:16
117,7,view,2026-06-04T15:41:28
542,17,view,2026-06-04T15:41:36
247,7,add_to_cart,2026-06-04T15:45:12
145,9,view,2026-06-04T15:45:21
542,17,view,2026-06-04T15:51:19
93,15,buy,2026-06-04T15:52:37
95,14,view,2026-06-04T15:55:28
631,5,view,2026-06-04T15:56:17
95,14,add_to_cart,2026-06-04T15:56:50
631,4,view,2026-06-04T15:57:06
260,8,view,2026-06-04T15:57:42
95,14,buy,2026-06-04T15:58:45
579,17,view,2026-06-04T15:59:12
346,15,view,2026-06-04T15:59:52
504,4,view,2026-06-04T16:01:55
107,17,view,2026-06-04T16:03:07
110,17,view,2026-06-04T16:03:29
107,17,view,2026-06-04T16:03:59
260,9,view,2026-06-04T16:04:32
579,17,view,2026-06-04T16:04:47
346,15,add_to_cart,2026-06-04T16:06:05
503,13,view,2026-06-04T16:06:20
107,17,add_to_cart,2026-06-04T16:07:26
504,4,add_to_cart,2026-06-04T16:07:51
503,14,view,2026-06-04T16:08:23
40,15,view,2026-06-04T16:11:02
346,15,buy,2026-06-04T16:12:11
534,11,view,2026-06-04T16:15:24
534,10,view,2026-06-04T16:16:16
40,15,add_to_cart,2026-06-04T16:17:23
283,16,view,2026-06-04T16:18:06
283,16,buy,2026-06-04T16:23:47
560,10,view,2026-06-04T16:26:29
560,10,view,2026-06-04T16:27:39
40,15,buy,2026-06-04T16:29:57
107,17,buy,2026-06-04T16:30:26
560,10,add_to_cart,2026-06-04T16:31:13
44,12,view,2026-06-04T16:35:22
44,12,add_to_cart,2026-06-04T16:36:44
301,19,view,2026-06-04T16:37:14
147,15,view,2026-06-04T16:37:40
301,19,add_to_cart,2026-06-04T16:38:35
147,15,add_to_cart,2026-06-04T16:40:23
560,10,buy,2026-06-04T16:50:02
607,1,view,2026-06-04T16:58:08
399,8,view,2026-06-04T16:58:37
206,10,view,2026-06-04T17:00:52
435,4,view,2026-06-04T17:01:38
435,4,view,2026-06-04T17:02:34
302,17,view,2026-06-04T17:02:56
288,19,view,2026-06-04T17:05:01
288,18,view,2026-06-04T17:06:43
630,12,view,2026-06-04T17:07:21
288,19,add_to_cart,2026-06-04T17:07:50
158,3,view,2026-06-04T17:08:36
302,17,buy,2026-06-04T17:10:24
247,6,view,2026-06-04T17:11:45
247,6,view,2026-06-04T17:14:20
247,6,add_to_cart,2026-06-04T17:15:31
620,12,view,2026-06-04T17:18:13
504,3,view,2026-06-04T17:19:30
504,3,view,2026-06-04T17:22:08
620,12,add_to_cart,2026-06-04T17:25:07
527,18,view,2026-06-04T17:27:26
143,8,view,2026-06-04T17:28:09
174,11,view,2026-06-04T17:28:40
296,14,view,2026-06-04T17:29:01
620,12,buy,2026-06-04T17:29:21
143,8,add_to_cart,2026-06-04T17:29:55
174,12,view,2026-06-04T17:31:07
136,4,view,2026-06-04T17:31:58
356,12,view,2026-06-04T17:32:02
136,4,view,2026-06-04T17:32:55
262,10,view,2026-06-04T17:39:30
178,3,view,2026-06-04T17:39:46
262,10,add_to_cart,2026-06-04T17:42:09
186,15,view,2026-06-04T17:42:12
247,6,buy,2026-06-04T17:42:42
186,15,add_to_cart,2026-06-04T17:46:04
186,15,buy,2026-06-04T17:59:03
370,11,view,2026-06-04T18:03:28
370,11,add_to_cart,2026-06-04T18:04:44
600,17,view,2026-06-04T18:09:55
600,17,add_to_cart,2026-06-04T18:10:36
239,6,view,2026-06-04T18:17:19
600,16,view,2026-06-04T18:19:34
370,11,buy,2026-06-04T18:19:51
161,16,view,2026-06-04T18:24:18
161,16,add_to_cart,2026-06-04T18:25:10
530,13,view,2026-06-04T18:27:43
468,6,view,2026-06-04T18:27:58
600,17,buy,2026-06-04T18:29:49
161,16,view,2026-06-04T18:30:48
427,5,view,2026-06-04T18:30:52
530,13,add_to_cart,2026-06-04T18:32:30
161,16,buy,2026-06-04T18:33:43
426,15,view,2026-06-04T18:35:26
426,15,add_to_cart,2026-06-04T18:36:59
595,17,view,2026-06-04T18:39:21
410,14,view,2026-06-04T18:39:22
530,13,buy,2026-06-04T18:43:55
426,15,view,2026-06-04T18:44:51
233,18,view,2026-06-04T18:47:59
233,18,add_to_cart,2026-06-04T18:48:41
227,16,view,2026-06-04T18:49:22
233,18,view,2026-06-04T18:49:35
399,1,view,2026-06-04T18:49:37
472,2,view,2026-06-04T18:50:09
317,13,view,2026-06-04T18:52:54
472,5,view,2026-06-04T18:53:15
233,18,buy,2026-06-04T18:53:48
472,2,buy,2026-06-04T18:53:50
227,16,buy,2026-06-04T19:01:07
37,13,view,2026-06-04T19:01:15
521,19,view,2026-06-04T19:01:17
490,14,view,2026-06-04T19:07:58
557,11,view,2026-06-04T19:08:50
632,7,view,2026-06-04T19:10:13
590,17,view,2026-06-04T19:10:45
590,17,add_to_cart,2026-06-04T19:12:50
455,5,view,2026-06-04T19:22:02
416,9,view,2026-06-04T19:22:05
590,17,buy,2026-06-04T19:26:42
416,9,add_to_cart,2026-06-04T19:27:02
455,1,view,2026-06-04T19:29:56
45,14,view,2026-06-04T19:36:32
621,13,view,2026-06-04T19:38:56
615,7,view,2026-06-04T19:42:42
420,12,view,2026-06-04T19:45:22
273,19,view,2026-06-04T19:46:00
493,18,view,2026-06-04T19:46:01
45,13,view,2026-06-04T19:46:25
420,12,add_to_cart,2026-06-04T19:46:59
416,9,buy,2026-06-04T19:47:07
135,6,view,2026-06-04T19:48:29
273,19,add_to_cart,2026-06-04T19:48:49
273,19,view,2026-06-04T19:48:53
425,18,view,2026-06-04T19:56:25
495,18,view,2026-06-04T20:00:29
495,19,view,2026-06-04T20:02:02
624,13,view,2026-06-04T20:05:58
91,16,view,2026-06-04T20:06:01
495,18,add_to_cart,2026-06-04T20:06:03
624,13,view,2026-06-04T20:08:58
371,5,view,2026-06-04T20:09:21
495,18,buy,2026-06-04T20:11:30
539,17,view,2026-06-04T20:11:56
624,13,add_to_cart,2026-06-04T20:12:53
35,17,view,2026-06-04T20:13:13
539,17,add_to_cart,2026-06-04T20:13:59
35,17,add_to_cart,2026-06-04T20:19:12
438,15,view,2026-06-04T20:23:26
168,2,view,2026-06-04T20:23:58
438,15,add_to_cart,2026-06-04T20:29:12
644,6,view,2026-06-04T20:29:49
386,11,view,2026-06-04T20:31:49
644,6,add_to_cart,2026-06-04T20:32:07
203,4,view,2026-06-04T20:33:24
644,8,view,2026-06-04T20:34:41
35,17,buy,2026-06-04T20:36:54
373,19,view,2026-06-04T20:38:08
83,17,view,2026-06-04T20:38:24
568,9,view,2026-06-04T20:38:32
568,9,add_to_cart,2026-06-04T20:40:17
624,13,buy,2026-06-04T20:40:50
373,19,add_to_cart,2026-06-04T20:42:43
83,17,view,2026-06-04T20:42:43
438,15,buy,2026-06-04T20:44:23
160,2,view,2026-06-04T20:47:16
644,6,buy,2026-06-04T20:51:29
160,2,add_to_cart,2026-06-04T20:52:35
288,10,view,2026-06-04T21:05:43
160,2,buy,2026-06-04T21:17:13
41,6,view,2026-06-04T21:24:57
41,6,view,2026-06-04T21:30:19
148,12,view,2026-06-04T21:36:10
343,4,view,2026-06-04T21:37:18
615,19,view,2026-06-04T21:39:17
287,6,view,2026-06-04T21:39:22
343,3,view,2026-06-04T21:39:54
150,10,view,2026-06-04T21:40:06
150,10,add_to_cart,2026-06-04T21:44:08
546,12,view,2026-06-04T21:44:24
312,4,view,2026-06-04T21:44:46
113,6,view,2026-06-04T21:52:01
113,6,add_to_cart,2026-06-04T21:54:22
274,10,view,2026-06-04T22:01:48
233,9,view,2026-06-04T22:02:00
99,8,view,2026-06-04T22:02:00
571,17,view,2026-06-04T22:02:01
233,6,view,2026-06-04T22:04:16
179,1,view,2026-06-04T22:05:45
179,2,view,2026-06-04T22:06:42
274,10,add_to_cart,2026-06-04T22:07:29
571,17,view,2026-06-04T22:09:59
243,2,view,2026-06-04T22:11:00
475,4,view,2026-06-04T22:12:00
475,4,add_to_cart,2026-06-04T22:13:07
91,1,view,2026-06-04T22:14:55
403,1,view,2026-06-04T22:18:35
150,17,view,2026-06-04T22:20:34
509,13,view,2026-06-04T22:23:00
475,4,buy,2026-06-04T22:23:30
197,19,view,2026-06-04T22:24:19
197,19,add_to_cart,2026-06-04T22:25:45
172,8,view,2026-06-04T22:26:37
564,16,view,2026-06-04T22:27:25
172,8,add_to_cart,2026-06-04T22:27:59
150,17,view,2026-06-04T22:30:06
197,19,buy,2026-06-04T22:32:03
225,6,view,2026-06-04T22:34:00
459,2,view,2026-06-04T22:37:25
178,10,view,2026-06-04T22:38:00
510,12,view,2026-06-04T22:41:00
1,19,view,2026-06-04T22:42:47
1,19,add_to_cart,2026-06-04T22:44:26
132,6,view,2026-06-04T22:45:00
488,4,view,2026-06-04T22:45:00
178,10,view,2026-06-04T22:45:16
488,5,view,2026-06-04T22:45:44
265,18,view,2026-06-04T22:46:00
152,9,view,2026-06-04T22:47:17
506,11,view,2026-06-04T22:49:00
152,9,add_to_cart,2026-06-04T22:51:06
1,19,buy,2026-06-04T22:51:52
488,4,buy,2026-06-04T22:54:53
506,11,add_to_cart,2026-06-04T22:55:50
337,13,view,2026-06-04T22:59:07
206,4,view,2026-06-05T07:00:00
364,11,view,2026-06-05T07:01:00
326,18,view,2026-06-05T07:02:00
214,10,view,2026-06-05T07:02:00
364,10,view,2026-06-05T07:02:34
561,6,view,2026-06-05T07:03:00
72,4,view,2026-06-05T07:03:41
541,14,view,2026-06-05T07:04:00
40,1,view,2026-06-05T07:04:00
40,1,add_to_cart,2026-06-05T07:04:47
546,15,view,2026-06-05T07:05:00
546,14,view,2026-06-05T07:06:06
214,10,add_to_cart,2026-06-05T07:06:25
541,13,view,2026-06-05T07:06:57
543,9,view,2026-06-05T07:07:00
264,13,view,2026-06-05T07:07:00
188,7,view,2026-06-05T07:07:40
423,11,view,2026-06-05T07:08:00
522,15,view,2026-06-05T07:08:00
214,10,view,2026-06-05T07:08:08
214,10,buy,2026-06-05T07:08:22
148,10,view,2026-06-05T07:08:53
350,17,view,2026-06-05T07:09:00
20,10,view,2026-06-05T07:09:00
626,11,view,2026-06-05T07:10:00
215,18,view,2026-06-05T07:10:00
89,7,view,2026-06-05T07:11:00
546,15,add_to_cart,2026-06-05T07:11:43
350,17,view,2026-06-05T07:11:55
64,13,view,2026-06-05T07:12:00
559,3,view,2026-06-05T07:12:00
264,13,add_to_cart,2026-06-05T07:12:31
424,2,view,2026-06-05T07:12:55
64,13,add_to_cart,2026-06-05T07:12:55
423,11,add_to_cart,2026-06-05T07:13:13
215,19,view,2026-06-05T07:13:41
509,19,view,2026-06-05T07:14:00
551,9,view,2026-06-05T07:14:00
298,12,view,2026-06-05T07:14:00
97,8,view,2026-06-05T07:14:00
188,7,add_to_cart,2026-06-05T07:14:25
75,4,view,2026-06-05T07:15:00
189,13,view,2026-06-05T07:15:00
215,18,add_to_cart,2026-06-05T07:15:35
424,3,view,2026-06-05T07:15:53
317,13,view,2026-06-05T07:16:00
97,6,view,2026-06-05T07:16:21
177,19,view,2026-06-05T07:17:00
298,12,buy,2026-06-05T07:17:19
522,13,view,2026-06-05T07:17:44
546,15,buy,2026-06-05T07:17:52
251,17,view,2026-06-05T07:18:00
607,19,view,2026-06-05T07:18:16
255,2,view,2026-06-05T07:19:00
76,12,view,2026-06-05T07:19:00
189,13,add_to_cart,2026-06-05T07:19:48
636,19,view,2026-06-05T07:20:00
316,8,view,2026-06-05T07:20:00
295,13,view,2026-06-05T07:20:00
147,16,view,2026-06-05T07:20:00
392,19,view,2026-06-05T07:21:00
189,14,view,2026-06-05T07:21:11
551,6,view,2026-06-05T07:21:42
316,8,add_to_cart,2026-06-05T07:22:44
330,14,view,2026-06-05T07:23:00
480,4,view,2026-06-05T07:23:05
636,19,add_to_cart,2026-06-05T07:23:08
636,19,view,2026-06-05T07:23:19
509,19,view,2026-06-05T07:23:47
251,17,add_to_cart,2026-06-05T07:24:09
255,5,view,2026-06-05T07:24:19
147,17,view,2026-06-05T07:24:42
453,18,view,2026-06-05T07:25:00
295,13,add_to_cart,2026-06-05T07:25:14
330,14,add_to_cart,2026-06-05T07:25:59
402,10,view,2026-06-05T07:26:00
392,19,add_to_cart,2026-06-05T07:26:19
636,19,buy,2026-06-05T07:26:23
268,6,view,2026-06-05T07:27:00
440,4,view,2026-06-05T07:27:00
357,18,view,2026-06-05T07:27:00
453,18,add_to_cart,2026-06-05T07:27:03
295,13,buy,2026-06-05T07:27:36
337,19,view,2026-06-05T07:28:00
215,18,buy,2026-06-05T07:28:51
102,5,view,2026-06-05T07:29:00
510,3,view,2026-06-05T07:29:00
402,10,add_to_cart,2026-06-05T07:29:30
392,18,view,2026-06-05T07:30:27
308,9,view,2026-06-05T07:31:12
357,18,add_to_cart,2026-06-05T07:31:40
268,6,add_to_cart,2026-06-05T07:32:16
40,1,buy,2026-06-05T07:32:45
63,1,view,2026-06-05T07:34:01
233,17,view,2026-06-05T07:34:30
527,19,view,2026-06-05T07:35:00
308,9,add_to_cart,2026-06-05T07:35:55
251,17,buy,2026-06-05T07:36:01
337,19,view,2026-06-05T07:36:44
392,19,buy,2026-06-05T07:36:50
464,1,view,2026-06-05T07:38:00
592,4,view,2026-06-05T07:38:01
462,17,view,2026-06-05T07:38:39
392,14,view,2026-06-05T07:39:00
542,11,view,2026-06-05T07:39:00
114,12,view,2026-06-05T07:39:00
592,1,view,2026-06-05T07:39:17
357,14,view,2026-06-05T07:40:00
249,10,view,2026-06-05T07:42:00
423,11,buy,2026-06-05T07:42:40
462,17,add_to_cart,2026-06-05T07:43:08
542,11,add_to_cart,2026-06-05T07:44:00
189,13,buy,2026-06-05T07:44:20
369,6,view,2026-06-05T07:45:00
576,15,view,2026-06-05T07:45:00
392,14,add_to_cart,2026-06-05T07:45:43
464,3,view,2026-06-05T07:45:43
103,18,view,2026-06-05T07:46:00
316,8,buy,2026-06-05T07:46:26
249,10,add_to_cart,2026-06-05T07:46:57
561,8,view,2026-06-05T07:47:00
306,15,view,2026-06-05T07:47:02
296,13,view,2026-06-05T07:48:00
51,17,view,2026-06-05T07:48:08
299,3,view,2026-06-05T07:49:00
312,4,view,2026-06-05T07:49:00
103,18,add_to_cart,2026-06-05T07:49:05
306,15,add_to_cart,2026-06-05T07:49:23
158,15,view,2026-06-05T07:50:00
540,12,view,2026-06-05T07:50:00
58,14,view,2026-06-05T07:50:00
437,13,view,2026-06-05T07:50:45
36,8,view,2026-06-05T07:50:47
51,1,view,2026-06-05T07:51:00
577,19,view,2026-06-05T07:51:00
51,1,view,2026-06-05T07:52:30
577,19,add_to_cart,2026-06-05T07:52:58
296,13,add_to_cart,2026-06-05T07:53:41
437,13,add_to_cart,2026-06-05T07:53:47
58,14,buy,2026-06-05T07:54:04
296,14,view,2026-06-05T07:54:10
164,8,view,2026-06-05T07:54:23
540,10,view,2026-06-05T07:55:59
36,8,add_to_cart,2026-06-05T07:56:05
164,8,add_to_cart,2026-06-05T07:56:18
158,15,add_to_cart,2026-06-05T07:56:46
392,14,buy,2026-06-05T07:57:37
149,10,view,2026-06-05T07:58:00
531,4,view,2026-06-05T07:58:00
548,17,view,2026-06-05T07:59:00
522,12,view,2026-06-05T07:59:00
524,9,view,2026-06-05T07:59:00
402,10,buy,2026-06-05T07:59:28
437,14,view,2026-06-05T07:59:39
462,17,buy,2026-06-05T07:59:42
608,3,view,2026-06-05T08:00:00
427,5,view,2026-06-05T08:01:00
198,17,view,2026-06-05T08:01:00
542,11,buy,2026-06-05T08:01:23
58,19,view,2026-06-05T08:01:30
61,15,view,2026-06-05T08:02:00
579,5,view,2026-06-05T08:02:00
601,18,view,2026-06-05T08:02:00
381,14,view,2026-06-05T08:02:00
107,17,view,2026-06-05T08:02:46
268,10,view,2026-06-05T08:03:00
149,10,add_to_cart,2026-06-05T08:03:00
395,19,view,2026-06-05T08:03:00
522,12,add_to_cart,2026-06-05T08:03:21
61,13,view,2026-06-05T08:04:06
381,13,view,2026-06-05T08:04:21
180,6,view,2026-06-05T08:05:00
353,6,view,2026-06-05T08:05:00
508,7,view,2026-06-05T08:05:05
531,3,view,2026-06-05T08:05:13
103,18,buy,2026-06-05T08:05:21
601,18,view,2026-06-05T08:05:26
381,14,add_to_cart,2026-06-05T08:05:50
194,14,view,2026-06-05T08:06:00
249,10,buy,2026-06-05T08:06:09
198,17,buy,2026-06-05T08:06:40
524,8,view,2026-06-05T08:06:44
335,19,view,2026-06-05T08:07:00
601,18,add_to_cart,2026-06-05T08:07:17
180,6,add_to_cart,2026-06-05T08:07:28
439,18,view,2026-06-05T08:08:00
579,5,add_to_cart,2026-06-05T08:08:14
212,11,view,2026-06-05T08:08:43
503,11,view,2026-06-05T08:08:43
439,18,add_to_cart,2026-06-05T08:08:46
354,14,view,2026-06-05T08:09:00
162,16,view,2026-06-05T08:09:00
17,19,view,2026-06-05T08:09:00
400,13,view,2026-06-05T08:10:00
90,11,view,2026-06-05T08:10:25
508,9,view,2026-06-05T08:10:31
508,7,add_to_cart,2026-06-05T08:10:34
439,18,buy,2026-06-05T08:10:52
353,6,add_to_cart,2026-06-05T08:10:52
540,6,view,2026-06-05T08:11:00
162,16,add_to_cart,2026-06-05T08:11:59
140,4,view,2026-06-05T08:12:00
577,19,buy,2026-06-05T08:12:03
354,14,add_to_cart,2026-06-05T08:12:06
400,13,add_to_cart,2026-06-05T08:12:37
601,18,buy,2026-06-05T08:12:43
17,19,add_to_cart,2026-06-05T08:12:54
9,18,view,2026-06-05T08:13:00
180,6,buy,2026-06-05T08:13:57
162,16,buy,2026-06-05T08:14:30
520,1,view,2026-06-05T08:15:00
225,10,view,2026-06-05T08:15:00
540,6,add_to_cart,2026-06-05T08:15:06
212,12,view,2026-06-05T08:15:48
289,19,view,2026-06-05T08:16:00
90,11,add_to_cart,2026-06-05T08:16:14
225,12,view,2026-06-05T08:16:22
643,4,view,2026-06-05T08:16:40
206,4,view,2026-06-05T08:18:00
530,10,view,2026-06-05T08:18:00
579,5,buy,2026-06-05T08:18:05
164,8,buy,2026-06-05T08:18:25
289,19,add_to_cart,2026-06-05T08:18:27
296,13,buy,2026-06-05T08:19:03
540,7,view,2026-06-05T08:19:13
9,18,add_to_cart,2026-06-05T08:19:55
567,19,view,2026-06-05T08:20:00
490,12,view,2026-06-05T08:20:06
424,18,view,2026-06-05T08:20:16
520,1,add_to_cart,2026-06-05T08:20:36
424,18,add_to_cart,2026-06-05T08:21:01
490,12,add_to_cart,2026-06-05T08:21:02
274,14,view,2026-06-05T08:22:00
325,19,view,2026-06-05T08:22:00
567,19,add_to_cart,2026-06-05T08:22:11
400,13,buy,2026-06-05T08:22:59
325,18,view,2026-06-05T08:23:10
57,17,view,2026-06-05T08:24:23
325,19,add_to_cart,2026-06-05T08:24:33
533,14,view,2026-06-05T08:25:00
530,13,view,2026-06-05T08:25:00
341,17,view,2026-06-05T08:25:11
289,19,buy,2026-06-05T08:25:13
441,18,view,2026-06-05T08:26:00
341,17,add_to_cart,2026-06-05T08:27:05
441,18,add_to_cart,2026-06-05T08:27:41
424,18,view,2026-06-05T08:28:41
563,3,view,2026-06-05T08:29:00
14,10,view,2026-06-05T08:29:00
341,16,view,2026-06-05T08:29:43
563,4,view,2026-06-05T08:30:16
530,13,add_to_cart,2026-06-05T08:30:23
182,13,view,2026-06-05T08:30:24
520,15,view,2026-06-05T08:32:49
14,10,add_to_cart,2026-06-05T08:33:08
182,13,add_to_cart,2026-06-05T08:34:58
520,13,view,2026-06-05T08:37:37
314,10,view,2026-06-05T08:38:12
354,14,buy,2026-06-05T08:38:35
182,15,view,2026-06-05T08:39:47
325,19,buy,2026-06-05T08:40:14
555,3,view,2026-06-05T08:47:03
424,18,buy,2026-06-05T08:47:31
526,3,view,2026-06-05T08:47:36
555,2,view,2026-06-05T08:49:17
182,13,buy,2026-06-05T08:50:57
441,18,buy,2026-06-05T08:55:46
445,15,view,2026-06-05T08:59:04
530,13,buy,2026-06-05T08:59:32
14,10,buy,2026-06-05T09:01:05
517,18,view,2026-06-05T09:04:33
639,19,view,2026-06-05T09:07:33
403,3,view,2026-06-05T09:08:02
307,1,view,2026-06-05T09:08:34
639,19,add_to_cart,2026-06-05T09:09:01
517,18,add_to_cart,2026-06-05T09:09:36
307,1,add_to_cart,2026-06-05T09:09:38
13,13,view,2026-06-05T09:15:21
403,2,view,2026-06-05T09:15:26
23,1,view,2026-06-05T09:16:27
398,4,view,2026-06-05T09:21:17
517,18,buy,2026-06-05T09:23:31
398,4,buy,2026-06-05T09:30:22
250,13,view,2026-06-05T09:34:02
537,12,view,2026-06-05T09:35:00
250,13,add_to_cart,2026-06-05T09:35:09
574,17,view,2026-06-05T09:35:19
537,12,add_to_cart,2026-06-05T09:36:17
537,11,view,2026-06-05T09:38:23
56,14,view,2026-06-05T09:39:00
56,14,add_to_cart,2026-06-05T09:41:00
250,13,view,2026-06-05T09:43:26
235,4,view,2026-06-05T09:45:46
177,6,view,2026-06-05T09:48:13
356,10,view,2026-06-05T09:49:31
177,6,add_to_cart,2026-06-05T09:49:57
235,4,add_to_cart,2026-06-05T09:51:17
235,4,view,2026-06-05T09:51:53
250,13,buy,2026-06-05T09:58:26
480,14,view,2026-06-05T10:00:29
56,14,buy,2026-06-05T10:02:49
480,14,add_to_cart,2026-06-05T10:04:40
480,14,buy,2026-06-05T10:06:10
62,10,view,2026-06-05T10:06:42
253,13,view,2026-06-05T10:07:13
497,19,view,2026-06-05T10:07:16
128,2,view,2026-06-05T10:09:12
253,13,add_to_cart,2026-06-05T10:11:00
203,16,view,2026-06-05T10:11:44
165,19,view,2026-06-05T10:12:03
128,4,view,2026-06-05T10:12:49
1,14,view,2026-06-05T10:14:42
203,16,add_to_cart,2026-06-05T10:17:30
165,19,add_to_cart,2026-06-05T10:17:59
634,10,view,2026-06-05T10:20:45
1,14,add_to_cart,2026-06-05T10:20:45
634,10,add_to_cart,2026-06-05T10:21:26
81,19,view,2026-06-05T10:21:58
128,2,buy,2026-06-05T10:22:39
634,10,buy,2026-06-05T10:23:43
420,12,view,2026-06-05T10:26:51
253,13,buy,2026-06-05T10:30:52
165,19,buy,2026-06-05T10:33:07
299,4,view,2026-06-05T10:37:05
1,14,buy,2026-06-05T10:39:40
299,2,view,2026-06-05T10:40:03
216,13,view,2026-06-05T10:42:54
120,13,view,2026-06-05T10:46:03
498,14,view,2026-06-05T10:46:52
553,9,view,2026-06-05T10:55:14
59,16,view,2026-06-05T10:55:59
59,16,view,2026-06-05T10:57:40
553,9,add_to_cart,2026-06-05T10:57:42
4,12,view,2026-06-05T11:02:20
4,12,add_to_cart,2026-06-05T11:05:41
59,16,buy,2026-06-05T11:07:02
4,12,view,2026-06-05T11:07:16
324,11,view,2026-06-05T11:09:55
324,12,view,2026-06-05T11:10:23
70,10,view,2026-06-05T11:13:26
70,10,add_to_cart,2026-06-05T11:15:12
123,3,view,2026-06-05T11:15:24
123,3,add_to_cart,2026-06-05T11:16:00
4,12,buy,2026-06-05T11:17:04
256,1,view,2026-06-05T11:21:29
564,7,view,2026-06-05T11:25:40
396,8,view,2026-06-05T11:28:28
564,7,add_to_cart,2026-06-05T11:31:05
521,12,view,2026-06-05T11:31:32
161,19,view,2026-06-05T11:33:33
299,17,view,2026-06-05T11:34:32
70,10,buy,2026-06-05T11:37:19
180,6,view,2026-06-05T11:39:06
299,17,view,2026-06-05T11:40:21
337,8,view,2026-06-05T11:42:18
161,18,view,2026-06-05T11:43:21
180,6,add_to_cart,2026-06-05T11:44:24
180,6,buy,2026-06-05T11:46:48
370,12,view,2026-06-05T11:47:55
337,6,view,2026-06-05T11:51:11
577,9,view,2026-06-05T11:52:48
112,18,view,2026-06-05T11:53:43
414,12,view,2026-06-05T11:53:49
392,2,view,2026-06-05T11:53:58
76,3,view,2026-06-05T11:54:38
112,18,add_to_cart,2026-06-05T11:56:55
392,4,view,2026-06-05T11:58:54
414,12,view,2026-06-05T12:00:55
76,2,view,2026-06-05T12:03:28
517,19,view,2026-06-05T12:14:42
462,17,view,2026-06-05T12:23:03
209,8,view,2026-06-05T12:26:18
462,17,view,2026-06-05T12:26:23
209,8,add_to_cart,2026-06-05T12:27:33
240,18,view,2026-06-05T12:27:38
240,18,add_to_cart,2026-06-05T12:31:38
376,14,view,2026-06-05T12:34:51
397,19,view,2026-06-05T12:36:47
284,8,view,2026-06-05T12:43:25
630,16,view,2026-06-05T12:45:06
112,13,view,2026-06-05T12:47:11
630,17,view,2026-06-05T12:49:53
240,18,buy,2026-06-05T12:50:22
112,13,view,2026-06-05T12:51:06
112,13,add_to_cart,2026-06-05T12:53:06
57,7,view,2026-06-05T12:57:11
340,10,view,2026-06-05T12:58:25
304,4,view,2026-06-05T13:02:19
340,10,add_to_cart,2026-06-05T13:03:25
57,7,add_to_cart,2026-06-05T13:03:36
112,13,buy,2026-06-05T13:04:12
304,4,add_to_cart,2026-06-05T13:07:28
313,8,view,2026-06-05T13:12:01
313,8,add_to_cart,2026-06-05T13:12:53
64,17,view,2026-06-05T13:15:04
313,6,view,2026-06-05T13:15:25
313,8,buy,2026-06-05T13:15:37
312,15,view,2026-06-05T13:15:48
590,16,view,2026-06-05T13:16:26
312,15,add_to_cart,2026-06-05T13:18:21
590,17,view,2026-06-05T13:20:31
188,8,view,2026-06-05T13:21:38
590,16,add_to_cart,2026-06-05T13:22:00
64,17,buy,2026-06-05T13:24:00
304,4,buy,2026-06-05T13:26:18
312,15,buy,2026-06-05T13:27:42
187,6,view,2026-06-05T13:33:08
187,6,add_to_cart,2026-06-05T13:35:59
501,15,view,2026-06-05T13:36:02
217,4,view,2026-06-05T13:38:31
590,16,buy,2026-06-05T13:41:03
238,10,view,2026-06-05T13:42:30
620,12,view,2026-06-05T13:44:45
238,10,add_to_cart,2026-06-05T13:46:16
135,19,view,2026-06-05T13:47:27
135,19,add_to_cart,2026-06-05T13:54:05
24,1,view,2026-06-05T14:01:50
306,11,view,2026-06-05T14:04:38
213,15,view,2026-06-05T14:08:42
306,11,add_to_cart,2026-06-05T14:09:17
213,15,view,2026-06-05T14:11:48
213,15,add_to_cart,2026-06-05T14:11:55
238,10,buy,2026-06-05T14:12:20
117,19,view,2026-06-05T14:13:49
117,19,add_to_cart,2026-06-05T14:14:41
358,17,view,2026-06-05T14:14:47
17,19,view,2026-06-05T14:16:42
88,13,view,2026-06-05T14:27:57
386,17,view,2026-06-05T14:28:37
17,19,buy,2026-06-05T14:28:41
618,11,view,2026-06-05T14:33:07
386,17,add_to_cart,2026-06-05T14:33:32
324,18,view,2026-06-05T14:38:56
324,18,add_to_cart,2026-06-05T14:41:29
100,11,view,2026-06-05T14:43:52
100,11,add_to_cart,2026-06-05T14:48:19
200,13,view,2026-06-05T14:52:02
42,12,view,2026-06-05T14:52:40
175,6,view,2026-06-05T14:52:42
372,10,view,2026-06-05T14:53:43
200,13,add_to_cart,2026-06-05T14:54:11
425,6,view,2026-06-05T14:57:06
175,6,add_to_cart,2026-06-05T14:58:39
372,12,view,2026-06-05T14:59:53
200,13,buy,2026-06-05T15:00:38
575,5,view,2026-06-05T15:00:43
324,18,buy,2026-06-05T15:04:02
539,17,view,2026-06-05T15:08:48
428,17,view,2026-06-05T15:09:40
133,13,view,2026-06-05T15:13:37
439,14,view,2026-06-05T15:15:24
133,15,view,2026-06-05T15:17:16
221,11,view,2026-06-05T15:20:49
466,10,view,2026-06-05T15:25:49
466,10,add_to_cart,2026-06-05T15:27:11
491,16,view,2026-06-05T15:44:47
358,16,view,2026-06-05T15:49:12
358,16,add_to_cart,2026-06-05T15:50:36
510,17,view,2026-06-05T15:51:21
358,17,view,2026-06-05T15:53:48
160,13,view,2026-06-05T15:56:03
160,13,add_to_cart,2026-06-05T15:59:51
543,18,view,2026-06-05T16:16:23
358,16,buy,2026-06-05T16:18:07
160,13,buy,2026-06-05T16:22:54
616,10,view,2026-06-05T16:32:23
632,2,view,2026-06-05T16:36:15
85,19,view,2026-06-05T16:37:37
85,19,add_to_cart,2026-06-05T16:42:31
33,19,view,2026-06-05T16:44:27
33,19,add_to_cart,2026-06-05T16:48:40
639,9,view,2026-06-05T16:50:13
639,6,view,2026-06-05T16:52:01
403,17,view,2026-06-05T16:52:46
195,2,view,2026-06-05T16:56:15
33,19,buy,2026-06-05T17:03:37
316,13,view,2026-06-05T17:05:24
251,2,view,2026-06-05T17:06:56
3,1,view,2026-06-05T17:10:53
3,2,view,2026-06-05T17:10:59
374,3,view,2026-06-05T17:11:12
335,7,view,2026-06-05T17:11:18
335,8,view,2026-06-05T17:14:19
3,5,view,2026-06-05T17:15:35
411,9,view,2026-06-05T17:16:06
441,19,view,2026-06-05T17:19:21
374,2,view,2026-06-05T17:19:22
3,1,buy,2026-06-05T17:20:00
22,11,view,2026-06-05T17:22:11
441,19,add_to_cart,2026-06-05T17:24:55
144,15,view,2026-06-05T17:28:57
144,15,add_to_cart,2026-06-05T17:32:25
310,13,view,2026-06-05T17:39:10
237,13,view,2026-06-05T17:47:37
144,15,buy,2026-06-05T17:49:39
441,19,buy,2026-06-05T17:51:30
98,12,view,2026-06-05T17:52:10
237,13,add_to_cart,2026-06-05T17:53:44
32,14,view,2026-06-05T17:54:20
477,15,view,2026-06-05T17:55:16
386,10,view,2026-06-05T17:56:26
431,18,view,2026-06-05T17:57:40
32,14,add_to_cart,2026-06-05T17:59:27
400,15,view,2026-06-05T18:01:00
555,17,view,2026-06-05T18:01:02
23,8,view,2026-06-05T18:01:23
477,15,add_to_cart,2026-06-05T18:01:40
23,8,add_to_cart,2026-06-05T18:05:04
32,14,buy,2026-06-05T18:05:18
432,18,view,2026-06-05T18:06:38
490,7,view,2026-06-05T18:07:36
555,16,view,2026-06-05T18:08:02
516,10,view,2026-06-05T18:08:32
289,18,view,2026-06-05T18:12:22
213,18,view,2026-06-05T18:14:05
237,13,buy,2026-06-05T18:14:13
334,12,view,2026-06-05T18:15:16
285,14,view,2026-06-05T18:16:06
213,18,add_to_cart,2026-06-05T18:16:14
289,18,add_to_cart,2026-06-05T18:17:43
625,19,view,2026-06-05T18:18:11
66,14,view,2026-06-05T18:20:53
621,14,view,2026-06-05T18:21:21
589,15,view,2026-06-05T18:23:13
589,15,add_to_cart,2026-06-05T18:24:12
596,12,view,2026-06-05T18:24:54
621,14,add_to_cart,2026-06-05T18:26:52
577,9,view,2026-06-05T18:27:07
589,15,buy,2026-06-05T18:27:20
213,18,buy,2026-06-05T18:27:26
166,16,view,2026-06-05T18:31:19
166,16,view,2026-06-05T18:36:11
394,15,view,2026-06-05T18:36:12
621,14,buy,2026-06-05T18:37:21
394,15,add_to_cart,2026-06-05T18:42:28
172,10,view,2026-06-05T18:43:07
89,18,view,2026-06-05T18:43:37
394,14,view,2026-06-05T18:43:48
172,10,add_to_cart,2026-06-05T18:44:06
289,18,buy,2026-06-05T18:44:41
570,13,view,2026-06-05T18:47:17
571,16,view,2026-06-05T18:49:09
89,18,add_to_cart,2026-06-05T18:50:01
571,16,add_to_cart,2026-06-05T18:50:07
394,15,buy,2026-06-05T18:51:48
570,13,add_to_cart,2026-06-05T18:52:09
172,10,buy,2026-06-05T18:54:50
437,14,view,2026-06-05T18:56:24
108,12,view,2026-06-05T18:56:57
131,17,view,2026-06-05T18:57:10
131,16,view,2026-06-05T18:58:22
605,14,view,2026-06-05T18:58:33
108,12,add_to_cart,2026-06-05T19:01:26
437,14,add_to_cart,2026-06-05T19:02:24
74,19,view,2026-06-05T19:03:41
570,13,buy,2026-06-05T19:03:42
440,15,view,2026-06-05T19:05:01
440,15,add_to_cart,2026-06-05T19:05:55
108,12,buy,2026-06-05T19:08:22
89,18,buy,2026-06-05T19:11:58
571,16,buy,2026-06-05T19:16:06
339,17,view,2026-06-05T19:24:11
620,8,view,2026-06-05T19:24:11
249,7,view,2026-06-05T19:24:17
344,13,view,2026-06-05T19:25:47
344,13,view,2026-06-05T19:28:31
440,15,buy,2026-06-05T19:28:48
398,16,view,2026-06-05T19:34:10
156,11,view,2026-06-05T19:35:16
572,11,view,2026-06-05T19:41:01
398,16,view,2026-06-05T19:41:03
432,2,view,2026-06-05T19:42:03
171,17,view,2026-06-05T19:44:33
570,11,view,2026-06-05T19:51:09
603,3,view,2026-06-05T19:51:40
570,11,add_to_cart,2026-06-05T19:54:00
163,16,view,2026-06-05T19:54:13
163,16,add_to_cart,2026-06-05T19:56:01
650,14,view,2026-06-05T19:59:54
261,18,view,2026-06-05T20:00:16
650,14,add_to_cart,2026-06-05T20:05:49
15,19,view,2026-06-05T20:11:06
282,13,view,2026-06-05T20:11:45
607,18,view,2026-06-05T20:14:37
357,19,view,2026-06-05T20:16:49
273,9,view,2026-06-05T20:17:00
357,19,add_to_cart,2026-06-05T20:18:46
607,18,add_to_cart,2026-06-05T20:18:55
273,9,add_to_cart,2026-06-05T20:20:54
650,14,buy,2026-06-05T20:21:09
495,6,view,2026-06-05T20:22:33
273,6,view,2026-06-05T20:22:44
650,10,view,2026-06-05T20:34:15
555,18,view,2026-06-05T20:36:07
555,18,add_to_cart,2026-06-05T20:37:50
650,10,add_to_cart,2026-06-05T20:38:46
357,19,buy,2026-06-05T20:42:39
583,6,view,2026-06-05T20:46:42
583,6,add_to_cart,2026-06-05T20:47:20
650,10,buy,2026-06-05T20:49:22
511,6,view,2026-06-05T21:06:55
555,18,buy,2026-06-05T21:07:22
555,16,view,2026-06-05T21:07:37
62,16,view,2026-06-05T21:18:50
276,12,view,2026-06-05T21:20:55
327,5,view,2026-06-05T21:28:16
6,11,view,2026-06-05T21:32:03
6,11,add_to_cart,2026-06-05T21:32:39
327,5,view,2026-06-05T21:33:10
480,2,view,2026-06-05T21:39:54
566,10,view,2026-06-05T21:40:38
506,10,view,2026-06-05T21:42:41
566,10,view,2026-06-05T21:43:27
114,10,view,2026-06-05T21:44:29
515,17,view,2026-06-05T21:45:40
114,11,view,2026-06-05T21:47:50
6,11,buy,2026-06-05T21:48:42
373,14,view,2026-06-05T21:48:47
373,15,view,2026-06-05T21:49:37
226,13,view,2026-06-05T21:53:50
226,13,view,2026-06-05T21:59:44
134,2,view,2026-06-05T22:00:37
241,19,view,2026-06-05T22:01:46
90,13,view,2026-06-05T22:11:26
350,8,view,2026-06-05T22:14:00
90,13,add_to_cart,2026-06-05T22:15:40
604,8,view,2026-06-05T22:18:00
406,16,view,2026-06-05T22:20:00
604,8,add_to_cart,2026-06-05T22:22:06
475,2,view,2026-06-05T22:23:00
111,1,view,2026-06-05T22:24:18
90,13,buy,2026-06-05T22:24:50
428,12,view,2026-06-05T22:25:00
150,12,view,2026-06-05T22:25:14
406,16,add_to_cart,2026-06-05T22:25:22
406,16,view,2026-06-05T22:26:29
150,10,view,2026-06-05T22:26:31
401,18,view,2026-06-05T22:27:00
150,12,add_to_cart,2026-06-05T22:27:09
428,12,add_to_cart,2026-06-05T22:27:10
406,16,buy,2026-06-05T22:29:19
401,18,add_to_cart,2026-06-05T22:29:59
485,19,view,2026-06-05T22:30:00
475,2,view,2026-06-05T22:30:16
600,3,view,2026-06-05T22:32:00
401,18,view,2026-06-05T22:32:07
592,6,view,2026-06-05T22:32:16
428,10,view,2026-06-05T22:33:30
604,8,buy,2026-06-05T22:35:23
537,7,view,2026-06-05T22:35:36
592,9,view,2026-06-05T22:36:17
647,6,view,2026-06-05T22:37:00
592,6,add_to_cart,2026-06-05T22:37:49
401,18,buy,2026-06-05T22:38:55
70,4,view,2026-06-05T22:39:00
537,7,add_to_cart,2026-06-05T22:39:28
647,6,add_to_cart,2026-06-05T22:40:18
282,11,view,2026-06-05T22:40:31
70,4,add_to_cart,2026-06-05T22:43:22
505,18,view,2026-06-05T22:44:14
162,12,view,2026-06-05T22:44:42
282,10,view,2026-06-05T22:44:57
523,9,view,2026-06-05T22:46:00
297,19,view,2026-06-05T22:49:00
647,19,view,2026-06-05T22:49:49
425,19,view,2026-06-05T22:51:41
592,6,buy,2026-06-05T22:51:57
647,19,view,2026-06-05T22:53:07
425,19,add_to_cart,2026-06-05T22:53:57
104,15,view,2026-06-05T22:57:23
425,18,view,2026-06-05T23:00:16
425,19,buy,2026-06-05T23:19:40
358,19,view,2026-06-06T07:00:00
499,2,view,2026-06-06T07:00:00
402,15,view,2026-06-06T07:01:00
585,8,view,2026-06-06T07:02:00
222,18,view,2026-06-06T07:02:00
184,14,view,2026-06-06T07:02:00
151,6,view,2026-06-06T07:02:00
518,4,view,2026-06-06T07:02:57
495,18,view,2026-06-06T07:03:00
402,15,add_to_cart,2026-06-06T07:03:01
219,17,view,2026-06-06T07:04:00
67,3,view,2026-06-06T07:04:00
222,18,add_to_cart,2026-06-06T07:04:30
499,16,view,2026-06-06T07:04:57
478,16,view,2026-06-06T07:05:00
278,11,view,2026-06-06T07:05:00
358,19,add_to_cart,2026-06-06T07:05:27
499,1,view,2026-06-06T07:05:41
453,18,view,2026-06-06T07:05:51
600,2,view,2026-06-06T07:06:00
136,14,view,2026-06-06T07:06:00
15,19,view,2026-06-06T07:07:00
518,1,view,2026-06-06T07:07:03
199,12,view,2026-06-06T07:07:10
636,10,view,2026-06-06T07:07:42
466,10,view,2026-06-06T07:08:00
466,10,add_to_cart,2026-06-06T07:08:49
386,13,view,2026-06-06T07:09:00
453,18,add_to_cart,2026-06-06T07:09:47
141,13,view,2026-06-06T07:10:00
187,6,view,2026-06-06T07:10:00
278,11,add_to_cart,2026-06-06T07:10:53
388,10,view,2026-06-06T07:11:00
358,19,buy,2026-06-06T07:11:07
386,13,add_to_cart,2026-06-06T07:11:15
187,6,add_to_cart,2026-06-06T07:11:35
499,16,view,2026-06-06T07:11:42
469,19,view,2026-06-06T07:12:00
265,8,view,2026-06-06T07:12:00
15,19,add_to_cart,2026-06-06T07:12:07
402,15,buy,2026-06-06T07:12:20
141,13,add_to_cart,2026-06-06T07:13:48
60,12,view,2026-06-06T07:14:00
237,18,view,2026-06-06T07:14:00
223,18,view,2026-06-06T07:14:15
98,13,view,2026-06-06T07:15:00
199,12,buy,2026-06-06T07:15:27
84,8,view,2026-06-06T07:15:30
575,19,view,2026-06-06T07:16:00
265,7,view,2026-06-06T07:16:00
215,9,view,2026-06-06T07:16:00
68,11,view,2026-06-06T07:16:00
223,18,add_to_cart,2026-06-06T07:16:20
84,6,view,2026-06-06T07:16:23
347,10,view,2026-06-06T07:17:00
469,19,add_to_cart,2026-06-06T07:17:16
347,10,add_to_cart,2026-06-06T07:17:47
116,11,view,2026-06-06T07:18:00
258,13,view,2026-06-06T07:18:00
644,16,view,2026-06-06T07:19:00
258,13,add_to_cart,2026-06-06T07:19:58
60,12,add_to_cart,2026-06-06T07:19:59
134,16,view,2026-06-06T07:20:00
386,13,buy,2026-06-06T07:21:05
469,19,buy,2026-06-06T07:22:22
134,16,add_to_cart,2026-06-06T07:22:54
643,2,view,2026-06-06T07:23:00
621,13,view,2026-06-06T07:23:00
223,18,buy,2026-06-06T07:23:14
632,3,view,2026-06-06T07:24:00
40,2,view,2026-06-06T07:24:00
333,18,view,2026-06-06T07:25:00
183,7,view,2026-06-06T07:26:00
317,14,view,2026-06-06T07:26:00
615,2,view,2026-06-06T07:26:00
621,13,add_to_cart,2026-06-06T07:26:04
632,3,add_to_cart,2026-06-06T07:26:09
550,16,view,2026-06-06T07:26:37
141,19,view,2026-06-06T07:27:00
278,11,buy,2026-06-06T07:29:00
612,6,view,2026-06-06T07:29:00
632,4,view,2026-06-06T07:29:41
99,16,view,2026-06-06T07:30:00
615,2,add_to_cart,2026-06-06T07:30:19
615,1,view,2026-06-06T07:30:28
71,5,view,2026-06-06T07:30:43
352,10,view,2026-06-06T07:31:00
183,6,view,2026-06-06T07:31:08
99,16,add_to_cart,2026-06-06T07:31:38
183,7,add_to_cart,2026-06-06T07:31:43
582,17,view,2026-06-06T07:33:00
344,15,view,2026-06-06T07:33:00
108,3,view,2026-06-06T07:33:09
328,13,view,2026-06-06T07:33:47
157,18,view,2026-06-06T07:33:48
442,12,view,2026-06-06T07:34:00
582,17,add_to_cart,2026-06-06T07:34:06
340,14,view,2026-06-06T07:34:10
612,6,add_to_cart,2026-06-06T07:34:59
621,15,view,2026-06-06T07:35:00
453,18,buy,2026-06-06T07:35:01
557,13,view,2026-06-06T07:36:00
442,14,view,2026-06-06T07:36:00
134,16,buy,2026-06-06T07:36:06
340,13,view,2026-06-06T07:36:26
621,15,add_to_cart,2026-06-06T07:37:16
328,13,add_to_cart,2026-06-06T07:37:39
557,13,add_to_cart,2026-06-06T07:38:51
108,4,view,2026-06-06T07:38:59
428,11,view,2026-06-06T07:39:00
274,17,view,2026-06-06T07:39:00
141,13,buy,2026-06-06T07:39:38
442,14,add_to_cart,2026-06-06T07:40:41
340,14,add_to_cart,2026-06-06T07:40:42
344,13,view,2026-06-06T07:41:36
274,17,add_to_cart,2026-06-06T07:41:42
457,6,view,2026-06-06T07:42:00
350,12,view,2026-06-06T07:42:00
612,6,buy,2026-06-06T07:42:25
328,13,buy,2026-06-06T07:42:53
580,11,view,2026-06-06T07:43:00
258,13,buy,2026-06-06T07:43:52
60,12,buy,2026-06-06T07:44:28
621,13,buy,2026-06-06T07:45:12
526,8,view,2026-06-06T07:45:18
49,19,view,2026-06-06T07:46:00
442,14,buy,2026-06-06T07:46:01
457,8,view,2026-06-06T07:46:46
196,7,view,2026-06-06T07:47:00
28,2,view,2026-06-06T07:47:00
428,10,view,2026-06-06T07:47:03
98,10,view,2026-06-06T07:48:00
49,19,add_to_cart,2026-06-06T07:48:19
446,16,view,2026-06-06T07:49:00
270,17,view,2026-06-06T07:49:00
631,10,view,2026-06-06T07:49:00
151,18,view,2026-06-06T07:49:00
11,17,view,2026-06-06T07:49:00
213,18,view,2026-06-06T07:49:00
233,6,view,2026-06-06T07:50:00
15,2,view,2026-06-06T07:50:00
39,8,view,2026-06-06T07:50:28
49,19,buy,2026-06-06T07:50:49
514,14,view,2026-06-06T07:51:00
631,10,add_to_cart,2026-06-06T07:51:00
631,11,view,2026-06-06T07:51:01
213,18,add_to_cart,2026-06-06T07:51:10
632,3,buy,2026-06-06T07:51:16
233,6,add_to_cart,2026-06-06T07:51:17
467,3,view,2026-06-06T07:51:39
552,14,view,2026-06-06T07:52:00
11,17,view,2026-06-06T07:52:01
613,15,view,2026-06-06T07:53:00
151,18,add_to_cart,2026-06-06T07:53:19
98,10,add_to_cart,2026-06-06T07:53:41
309,18,view,2026-06-06T07:54:00
337,4,view,2026-06-06T07:54:00
262,11,view,2026-06-06T07:54:00
337,2,view,2026-06-06T07:55:06
415,15,view,2026-06-06T07:57:00
484,9,view,2026-06-06T07:57:00
629,19,view,2026-06-06T07:57:00
262,11,add_to_cart,2026-06-06T07:57:06
393,11,view,2026-06-06T07:57:28
270,17,view,2026-06-06T07:57:53
505,18,view,2026-06-06T07:58:00
130,16,view,2026-06-06T07:58:00
60,12,view,2026-06-06T07:59:00
629,19,view,2026-06-06T07:59:12
455,14,view,2026-06-06T08:00:00
404,6,view,2026-06-06T08:00:00
484,9,add_to_cart,2026-06-06T08:00:18
309,18,add_to_cart,2026-06-06T08:00:24
213,18,buy,2026-06-06T08:00:57
313,19,view,2026-06-06T08:01:00
130,16,add_to_cart,2026-06-06T08:01:19
196,11,view,2026-06-06T08:02:00
613,14,view,2026-06-06T08:02:10
455,14,add_to_cart,2026-06-06T08:02:50
521,6,view,2026-06-06T08:03:00
608,18,view,2026-06-06T08:03:00
505,18,add_to_cart,2026-06-06T08:03:42
262,12,view,2026-06-06T08:03:45
550,16,view,2026-06-06T08:03:58
608,18,add_to_cart,2026-06-06T08:04:29
221,15,view,2026-06-06T08:05:00
633,11,view,2026-06-06T08:06:00
317,15,view,2026-06-06T08:06:00
246,16,view,2026-06-06T08:06:06
404,6,add_to_cart,2026-06-06T08:06:24
313,19,add_to_cart,2026-06-06T08:06:47
395,17,view,2026-06-06T08:07:00
322,11,view,2026-06-06T08:07:00
571,1,view,2026-06-06T08:07:07
221,15,add_to_cart,2026-06-06T08:07:42
521,6,add_to_cart,2026-06-06T08:07:43
631,10,buy,2026-06-06T08:07:50
196,11,add_to_cart,2026-06-06T08:07:57
267,17,view,2026-06-06T08:08:00
407,8,view,2026-06-06T08:08:00
178,14,view,2026-06-06T08:09:00
640,19,view,2026-06-06T08:09:00
98,10,buy,2026-06-06T08:09:49
130,16,buy,2026-06-06T08:09:56
640,19,add_to_cart,2026-06-06T08:09:58
640,19,view,2026-06-06T08:09:59
448,13,view,2026-06-06T08:10:01
80,16,view,2026-06-06T08:12:00
498,12,view,2026-06-06T08:12:00
252,12,view,2026-06-06T08:13:00
569,18,view,2026-06-06T08:13:00
594,10,view,2026-06-06T08:13:00
63,6,view,2026-06-06T08:13:00
322,12,view,2026-06-06T08:13:04
498,12,add_to_cart,2026-06-06T08:13:08
407,8,add_to_cart,2026-06-06T08:13:44
178,14,add_to_cart,2026-06-06T08:13:58
464,15,view,2026-06-06T08:14:00
80,16,add_to_cart,2026-06-06T08:14:33
260,11,view,2026-06-06T08:15:00
505,18,buy,2026-06-06T08:15:07
252,11,view,2026-06-06T08:15:09
395,17,view,2026-06-06T08:15:15
464,15,add_to_cart,2026-06-06T08:15:48
279,19,view,2026-06-06T08:16:00
448,13,add_to_cart,2026-06-06T08:16:31
407,6,view,2026-06-06T08:16:50
63,6,buy,2026-06-06T08:16:59
460,12,view,2026-06-06T08:17:00
498,11,view,2026-06-06T08:17:51
569,18,add_to_cart,2026-06-06T08:18:38
331,3,view,2026-06-06T08:19:00
279,18,view,2026-06-06T08:19:20
279,19,add_to_cart,2026-06-06T08:19:49
404,9,view,2026-06-06T08:21:00
151,18,buy,2026-06-06T08:21:10
455,14,buy,2026-06-06T08:21:29
108,6,view,2026-06-06T08:21:43
36,10,view,2026-06-06T08:22:00
262,17,view,2026-06-06T08:23:00
108,6,add_to_cart,2026-06-06T08:23:05
404,9,view,2026-06-06T08:23:46
240,13,view,2026-06-06T08:24:00
464,15,buy,2026-06-06T08:24:07
644,8,view,2026-06-06T08:25:00
240,13,add_to_cart,2026-06-06T08:25:08
431,2,view,2026-06-06T08:26:00
108,6,buy,2026-06-06T08:26:18
256,15,view,2026-06-06T08:26:19
614,17,view,2026-06-06T08:27:00
40,19,view,2026-06-06T08:27:00
146,13,view,2026-06-06T08:27:00
331,4,view,2026-06-06T08:27:46
515,16,view,2026-06-06T08:28:00
608,18,buy,2026-06-06T08:28:30
36,10,add_to_cart,2026-06-06T08:28:40
505,19,view,2026-06-06T08:29:00
500,10,view,2026-06-06T08:29:00
146,13,add_to_cart,2026-06-06T08:29:13
614,17,add_to_cart,2026-06-06T08:30:42
40,19,add_to_cart,2026-06-06T08:31:22
221,15,buy,2026-06-06T08:31:34
614,17,view,2026-06-06T08:31:35
404,9,buy,2026-06-06T08:31:49
562,11,view,2026-06-06T08:32:09
505,19,view,2026-06-06T08:32:18
515,16,view,2026-06-06T08:32:41
644,8,buy,2026-06-06T08:33:29
196,11,buy,2026-06-06T08:34:10
562,11,add_to_cart,2026-06-06T08:34:38
279,19,buy,2026-06-06T08:34:48
36,10,buy,2026-06-06T08:35:22
640,19,buy,2026-06-06T08:35:34
448,13,buy,2026-06-06T08:35:45
146,15,view,2026-06-06T08:36:44
525,14,view,2026-06-06T08:39:30
242,15,view,2026-06-06T08:39:43
178,14,buy,2026-06-06T08:40:19
593,9,view,2026-06-06T08:41:17
576,4,view,2026-06-06T08:42:33
614,17,buy,2026-06-06T08:42:53
80,16,buy,2026-06-06T08:43:18
108,8,view,2026-06-06T08:43:24
593,8,view,2026-06-06T08:43:26
242,15,add_to_cart,2026-06-06T08:43:59
569,18,buy,2026-06-06T08:44:31
193,8,view,2026-06-06T08:45:33
108,8,add_to_cart,2026-06-06T08:45:41
460,11,view,2026-06-06T08:45:46
240,13,buy,2026-06-06T08:46:09
54,17,view,2026-06-06T08:46:42
193,8,add_to_cart,2026-06-06T08:47:12
242,15,buy,2026-06-06T08:48:45
460,11,buy,2026-06-06T08:49:10
193,9,view,2026-06-06T08:49:21
223,1,view,2026-06-06T08:49:24
40,19,buy,2026-06-06T08:49:37
419,17,view,2026-06-06T08:53:39
562,11,buy,2026-06-06T08:54:53
460,11,view,2026-06-06T08:55:19
100,12,view,2026-06-06T08:57:33
615,18,view,2026-06-06T08:57:49
547,2,view,2026-06-06T09:00:08
216,4,view,2026-06-06T09:02:12
193,8,buy,2026-06-06T09:05:30
216,4,add_to_cart,2026-06-06T09:06:36
310,12,view,2026-06-06T09:07:07
100,12,buy,2026-06-06T09:07:29
413,19,view,2026-06-06T09:08:36
413,18,view,2026-06-06T09:11:17
413,19,add_to_cart,2026-06-06T09:12:29
381,13,view,2026-06-06T09:17:24
291,17,view,2026-06-06T09:18:21
590,8,view,2026-06-06T09:23:37
291,17,add_to_cart,2026-06-06T09:24:03
608,1,view,2026-06-06T09:24:55
72,12,view,2026-06-06T09:26:54
162,11,view,2026-06-06T09:29:12
162,11,add_to_cart,2026-06-06T09:30:24
590,8,buy,2026-06-06T09:34:10
162,11,buy,2026-06-06T09:34:12
19,5,view,2026-06-06T09:42:36
19,4,view,2026-06-06T09:44:45
543,18,view,2026-06-06T09:49:20
380,14,view,2026-06-06T09:49:53
19,5,buy,2026-06-06T09:50:40
211,17,view,2026-06-06T10:01:26
210,9,view,2026-06-06T10:02:24
638,16,view,2026-06-06T10:02:40
210,9,add_to_cart,2026-06-06T10:07:23
210,8,view,2026-06-06T10:08:55
605,9,view,2026-06-06T10:09:18
325,15,view,2026-06-06T10:15:17
394,11,view,2026-06-06T10:15:33
533,18,view,2026-06-06T10:19:31
605,9,buy,2026-06-06T10:23:32
438,16,view,2026-06-06T10:28:10
438,16,add_to_cart,2026-06-06T10:29:16
438,16,view,2026-06-06T10:34:51
126,16,view,2026-06-06T10:36:22
279,6,view,2026-06-06T10:40:48
422,15,view,2026-06-06T10:44:07
126,17,view,2026-06-06T10:44:25
189,18,view,2026-06-06T10:45:52
422,13,view,2026-06-06T10:46:34
557,19,view,2026-06-06T10:48:16
279,8,view,2026-06-06T10:49:16
165,10,view,2026-06-06T10:52:58
40,2,view,2026-06-06T11:01:50
40,5,view,2026-06-06T11:06:05
40,2,add_to_cart,2026-06-06T11:07:35
233,18,view,2026-06-06T11:11:02
233,19,view,2026-06-06T11:13:34
627,10,view,2026-06-06T11:15:39
627,12,view,2026-06-06T11:16:18
25,10,view,2026-06-06T11:33:40
177,6,view,2026-06-06T11:33:47
177,6,add_to_cart,2026-06-06T11:39:44
25,10,add_to_cart,2026-06-06T11:40:07
263,9,view,2026-06-06T11:51:56
619,1,view,2026-06-06T11:51:56
359,15,view,2026-06-06T11:59:06
385,19,view,2026-06-06T12:02:28
359,13,view,2026-06-06T12:02:44
385,19,add_to_cart,2026-06-06T12:04:21
216,1,view,2026-06-06T12:04:21
359,15,add_to_cart,2026-06-06T12:05:47
213,14,view,2026-06-06T12:07:00
213,14,add_to_cart,2026-06-06T12:11:53
298,14,view,2026-06-06T12:12:45
298,14,view,2026-06-06T12:16:02
383,18,view,2026-06-06T12:17:22
383,18,add_to_cart,2026-06-06T12:22:29
367,8,view,2026-06-06T12:25:52
230,16,view,2026-06-06T12:27:31
27,17,view,2026-06-06T12:37:12
383,18,buy,2026-06-06T12:40:22
144,2,view,2026-06-06T12:41:14
272,1,view,2026-06-06T12:42:47
581,14,view,2026-06-06T12:44:00
451,16,view,2026-06-06T12:44:19
528,5,view,2026-06-06T12:48:14
149,15,view,2026-06-06T12:48:39
581,14,add_to_cart,2026-06-06T12:49:06
457,9,view,2026-06-06T12:50:40
528,2,view,2026-06-06T12:56:33
457,9,view,2026-06-06T13:00:26
515,16,view,2026-06-06T13:01:25
455,9,view,2026-06-06T13:01:42
581,14,buy,2026-06-06T13:08:42
412,10,view,2026-06-06T13:14:12
412,11,view,2026-06-06T13:16:37
556,9,view,2026-06-06T13:20:51
556,9,add_to_cart,2026-06-06T13:22:11
598,16,view,2026-06-06T13:23:45
353,18,view,2026-06-06T13:37:03
141,13,view,2026-06-06T13:40:11
16,13,view,2026-06-06T13:42:05
569,6,view,2026-06-06T13:45:40
16,13,add_to_cart,2026-06-06T13:46:01
602,8,view,2026-06-06T13:46:20
569,6,add_to_cart,2026-06-06T13:49:14
534,12,view,2026-06-06T13:49:30
16,13,view,2026-06-06T13:51:45
602,7,view,2026-06-06T13:52:58
545,18,view,2026-06-06T13:53:55
569,7,view,2026-06-06T13:54:49
16,13,buy,2026-06-06T13:55:08
545,18,add_to_cart,2026-06-06T13:58:39
338,12,view,2026-06-06T13:59:51
160,15,view,2026-06-06T14:05:50
525,18,view,2026-06-06T14:12:33
545,18,buy,2026-06-06T14:15:57
639,3,view,2026-06-06T14:16:13
134,17,view,2026-06-06T14:18:15
639,5,view,2026-06-06T14:18:32
395,17,view,2026-06-06T14:18:48
395,17,view,2026-06-06T14:26:28
571,5,view,2026-06-06T14:29:43
411,17,view,2026-06-06T14:29:47
571,2,view,2026-06-06T14:31:04
121,7,view,2026-06-06T14:39:07
607,7,view,2026-06-06T14:40:30
489,6,view,2026-06-06T14:43:03
640,15,view,2026-06-06T14:46:17
607,8,view,2026-06-06T14:47:57
337,1,view,2026-06-06T14:49:09
640,15,add_to_cart,2026-06-06T14:51:37
337,1,add_to_cart,2026-06-06T14:54:34
508,9,view,2026-06-06T14:54:46
508,9,add_to_cart,2026-06-06T14:58:43
508,8,view,2026-06-06T14:58:46
320,13,view,2026-06-06T14:59:34
42,12,view,2026-06-06T14:59:58
320,13,add_to_cart,2026-06-06T15:02:06
640,15,buy,2026-06-06T15:07:27
542,10,view,2026-06-06T15:21:22
291,4,view,2026-06-06T15:23:28
508,9,buy,2026-06-06T15:25:15
542,10,view,2026-06-06T15:25:47
92,7,view,2026-06-06T15:26:34
291,4,add_to_cart,2026-06-06T15:27:24
92,7,add_to_cart,2026-06-06T15:30:38
192,14,view,2026-06-06T15:32:28
521,2,view,2026-06-06T15:40:12
92,7,buy,2026-06-06T15:48:31
535,19,view,2026-06-06T15:51:55
517,4,view,2026-06-06T15:55:48
431,4,view,2026-06-06T15:57:26
285,3,view,2026-06-06T15:59:02
389,15,view,2026-06-06T16:08:03
210,10,view,2026-06-06T16:09:02
285,3,buy,2026-06-06T16:13:42
383,17,view,2026-06-06T16:14:15
286,17,view,2026-06-06T16:17:07
286,17,add_to_cart,2026-06-06T16:20:45
479,8,view,2026-06-06T16:23:28
479,8,add_to_cart,2026-06-06T16:26:24
49,19,view,2026-06-06T16:27:02
49,19,add_to_cart,2026-06-06T16:31:22
622,9,view,2026-06-06T16:41:44
480,11,view,2026-06-06T16:43:49
373,19,view,2026-06-06T16:44:11
622,9,add_to_cart,2026-06-06T16:45:45
373,19,add_to_cart,2026-06-06T16:46:55
488,13,view,2026-06-06T16:47:40
49,19,buy,2026-06-06T16:48:00
622,8,view,2026-06-06T16:49:17
488,13,add_to_cart,2026-06-06T16:50:57
299,5,view,2026-06-06T16:52:31
122,11,view,2026-06-06T16:55:30
122,11,add_to_cart,2026-06-06T16:56:30
479,19,view,2026-06-06T16:57:19
122,11,buy,2026-06-06T16:59:14
622,9,buy,2026-06-06T17:00:39
373,19,buy,2026-06-06T17:02:58
398,12,view,2026-06-06T17:03:36
634,10,view,2026-06-06T17:06:45
575,18,view,2026-06-06T17:13:11
634,10,add_to_cart,2026-06-06T17:13:40
438,3,view,2026-06-06T17:14:39
438,3,add_to_cart,2026-06-06T17:21:24
352,13,view,2026-06-06T17:21:57
114,12,view,2026-06-06T17:22:08
352,13,add_to_cart,2026-06-06T17:22:40
603,17,view,2026-06-06T17:23:07
163,16,view,2026-06-06T17:26:03
352,14,view,2026-06-06T17:26:25
297,19,view,2026-06-06T17:28:48
163,16,add_to_cart,2026-06-06T17:30:18
352,13,buy,2026-06-06T17:32:01
37,14,view,2026-06-06T17:32:57
114,10,view,2026-06-06T17:35:51
37,14,add_to_cart,2026-06-06T17:38:20
43,16,view,2026-06-06T17:39:33
43,17,view,2026-06-06T17:41:30
634,10,buy,2026-06-06T17:41:45
440,16,view,2026-06-06T17:43:36
267,5,view,2026-06-06T17:45:02
477,14,view,2026-06-06T17:51:53
477,14,add_to_cart,2026-06-06T17:57:43
437,13,view,2026-06-06T17:58:42
391,19,view,2026-06-06T17:59:36
391,19,add_to_cart,2026-06-06T18:04:39
552,14,view,2026-06-06T18:06:07
381,14,view,2026-06-06T18:19:46
391,19,buy,2026-06-06T18:22:06
381,13,view,2026-06-06T18:24:54
381,14,add_to_cart,2026-06-06T18:25:29
293,13,view,2026-06-06T18:27:23
49,19,view,2026-06-06T18:28:05
293,13,add_to_cart,2026-06-06T18:28:51
460,6,view,2026-06-06T18:30:47
122,14,view,2026-06-06T18:31:14
460,6,add_to_cart,2026-06-06T18:31:28
26,15,view,2026-06-06T18:32:04
49,19,add_to_cart,2026-06-06T18:32:26
122,13,view,2026-06-06T18:32:27
26,15,add_to_cart,2026-06-06T18:33:21
421,14,view,2026-06-06T18:33:55
460,6,buy,2026-06-06T18:37:10
460,8,view,2026-06-06T18:37:41
26,15,buy,2026-06-06T18:43:35
116,6,view,2026-06-06T18:45:25
293,13,buy,2026-06-06T18:47:05
116,6,add_to_cart,2026-06-06T18:51:59
353,9,view,2026-06-06T19:01:52
116,6,buy,2026-06-06T19:05:11
481,19,view,2026-06-06T19:07:05
481,18,view,2026-06-06T19:07:41
294,12,view,2026-06-06T19:08:21
528,7,view,2026-06-06T19:08:28
327,6,view,2026-06-06T19:09:04
558,16,view,2026-06-06T19:09:05
483,16,view,2026-06-06T19:10:41
230,10,view,2026-06-06T19:11:18
230,10,view,2026-06-06T19:13:26
327,6,view,2026-06-06T19:14:12
230,10,add_to_cart,2026-06-06T19:14:13
323,17,view,2026-06-06T19:17:26
528,9,view,2026-06-06T19:17:52
323,17,add_to_cart,2026-06-06T19:24:11
19,16,view,2026-06-06T19:24:38
541,15,view,2026-06-06T19:28:26
230,10,buy,2026-06-06T19:31:14
378,13,view,2026-06-06T19:31:27
37,14,view,2026-06-06T19:32:09
378,13,add_to_cart,2026-06-06T19:33:28
378,15,view,2026-06-06T19:33:42
541,13,view,2026-06-06T19:35:45
323,17,buy,2026-06-06T19:38:28
378,13,buy,2026-06-06T19:43:19
650,14,view,2026-06-06T19:48:15
388,18,view,2026-06-06T19:51:24
203,16,view,2026-06-06T19:52:42
388,18,add_to_cart,2026-06-06T19:53:17
203,16,buy,2026-06-06T19:59:16
577,6,view,2026-06-06T20:01:31
127,5,view,2026-06-06T20:08:03
127,4,view,2026-06-06T20:12:44
498,10,view,2026-06-06T20:13:09
490,13,view,2026-06-06T20:17:38
490,13,add_to_cart,2026-06-06T20:19:32
388,18,buy,2026-06-06T20:20:41
601,8,view,2026-06-06T20:23:19
601,8,add_to_cart,2026-06-06T20:24:02
83,3,view,2026-06-06T20:25:04
130,15,view,2026-06-06T20:32:23
601,8,view,2026-06-06T20:32:40
162,6,view,2026-06-06T20:33:50
487,9,view,2026-06-06T20:34:22
490,13,buy,2026-06-06T20:36:55
306,4,view,2026-06-06T20:37:59
271,8,view,2026-06-06T20:40:28
162,9,view,2026-06-06T20:41:09
271,8,add_to_cart,2026-06-06T20:46:34
265,19,view,2026-06-06T20:50:52
573,13,view,2026-06-06T20:51:21
601,8,buy,2026-06-06T20:51:59
265,19,add_to_cart,2026-06-06T20:53:06
498,19,view,2026-06-06T20:54:19
188,9,view,2026-06-06T21:09:30
496,14,view,2026-06-06T21:09:48
265,19,buy,2026-06-06T21:11:01
496,14,add_to_cart,2026-06-06T21:12:16
496,14,view,2026-06-06T21:16:32
435,17,view,2026-06-06T21:17:05
435,17,add_to_cart,2026-06-06T21:20:22
541,15,view,2026-06-06T21:20:41
179,4,view,2026-06-06T21:21:05
366,10,view,2026-06-06T21:21:35
366,10,view,2026-06-06T21:25:41
389,19,view,2026-06-06T21:25:51
389,19,add_to_cart,2026-06-06T21:29:42
137,6,view,2026-06-06T21:29:44
396,11,view,2026-06-06T21:30:30
137,6,add_to_cart,2026-06-06T21:33:44
142,2,view,2026-06-06T21:36:17
496,14,buy,2026-06-06T21:37:06
435,17,buy,2026-06-06T21:38:02
458,13,view,2026-06-06T21:43:00
414,19,view,2026-06-06T21:45:37
549,13,view,2026-06-06T21:47:20
389,19,buy,2026-06-06T21:47:50
588,12,view,2026-06-06T21:48:04
263,16,view,2026-06-06T21:48:04
349,15,view,2026-06-06T21:49:40
549,13,add_to_cart,2026-06-06T21:53:49
171,1,view,2026-06-06T21:53:58
549,13,buy,2026-06-06T21:56:27
33,6,view,2026-06-06T21:59:40
563,17,view,2026-06-06T22:03:00
98,6,view,2026-06-06T22:05:00
293,19,view,2026-06-06T22:05:00
33,6,add_to_cart,2026-06-06T22:05:14
643,4,view,2026-06-06T22:05:15
585,19,view,2026-06-06T22:06:00
188,7,view,2026-06-06T22:06:00
274,10,view,2026-06-06T22:07:00
563,17,add_to_cart,2026-06-06T22:07:15
98,6,add_to_cart,2026-06-06T22:07:55
274,12,view,2026-06-06T22:08:24
617,19,view,2026-06-06T22:09:00
617,19,add_to_cart,2026-06-06T22:09:36
274,10,add_to_cart,2026-06-06T22:09:44
93,13,view,2026-06-06T22:09:46
296,13,view,2026-06-06T22:09:55
103,9,view,2026-06-06T22:10:00
522,10,view,2026-06-06T22:10:00
585,19,view,2026-06-06T22:10:03
522,10,add_to_cart,2026-06-06T22:10:35
563,17,view,2026-06-06T22:11:01
136,13,view,2026-06-06T22:12:22
296,13,add_to_cart,2026-06-06T22:12:27
522,10,view,2026-06-06T22:12:34
624,1,view,2026-06-06T22:14:00
23,4,view,2026-06-06T22:14:42
177,7,view,2026-06-06T22:14:50
541,13,view,2026-06-06T22:15:00
461,14,view,2026-06-06T22:16:00
563,17,buy,2026-06-06T22:16:38
649,19,view,2026-06-06T22:17:00
393,6,view,2026-06-06T22:17:00
617,15,view,2026-06-06T22:17:00
112,4,view,2026-06-06T22:17:00
461,14,add_to_cart,2026-06-06T22:17:10
541,13,add_to_cart,2026-06-06T22:17:35
98,6,buy,2026-06-06T22:17:49
177,6,view,2026-06-06T22:18:07
624,3,view,2026-06-06T22:20:34
177,7,add_to_cart,2026-06-06T22:20:51
393,8,view,2026-06-06T22:21:41
33,6,buy,2026-06-06T22:21:51
546,14,view,2026-06-06T22:22:16
295,4,view,2026-06-06T22:23:49
302,17,view,2026-06-06T22:25:37
403,18,view,2026-06-06T22:26:51
501,13,view,2026-06-06T22:28:00
390,17,view,2026-06-06T22:28:18
501,14,view,2026-06-06T22:29:17
337,8,view,2026-06-06T22:30:00
295,4,add_to_cart,2026-06-06T22:30:31
403,18,add_to_cart,2026-06-06T22:30:48
501,13,add_to_cart,2026-06-06T22:31:10
337,8,add_to_cart,2026-06-06T22:33:27
68,6,view,2026-06-06T22:35:00
188,6,view,2026-06-06T22:35:26
415,18,view,2026-06-06T22:36:53
83,17,view,2026-06-06T22:38:45
415,18,add_to_cart,2026-06-06T22:38:47
395,3,view,2026-06-06T22:39:00
188,6,add_to_cart,2026-06-06T22:39:01
503,18,view,2026-06-06T22:43:37
415,18,buy,2026-06-06T22:46:35
322,12,view,2026-06-06T22:47:00
403,18,buy,2026-06-06T22:47:34
273,12,view,2026-06-06T22:48:00
273,10,view,2026-06-06T22:48:36
337,8,buy,2026-06-06T22:50:12
188,6,buy,2026-06-06T22:52:58
560,14,view,2026-06-06T22:56:43
560,15,view,2026-06-06T23:01:38
339,17,view,2026-06-07T07:00:00
304,4,view,2026-06-07T07:00:00
331,2,view,2026-06-07T07:01:00
105,9,view,2026-06-07T07:01:00
306,14,view,2026-06-07T07:01:00
207,9,view,2026-06-07T07:02:00
235,17,view,2026-06-07T07:03:00
202,10,view,2026-06-07T07:03:47
387,4,view,2026-06-07T07:04:00
361,19,view,2026-06-07T07:04:00
529,18,view,2026-06-07T07:04:00
156,9,view,2026-06-07T07:06:00
562,17,view,2026-06-07T07:06:00
290,13,view,2026-06-07T07:06:00
529,18,add_to_cart,2026-06-07T07:06:16
235,17,add_to_cart,2026-06-07T07:07:12
110,1,view,2026-06-07T07:07:20
156,9,add_to_cart,2026-06-07T07:07:56
413,14,view,2026-06-07T07:08:00
201,7,view,2026-06-07T07:08:00
467,16,view,2026-06-07T07:09:00
551,1,view,2026-06-07T07:09:00
565,13,view,2026-06-07T07:10:00
202,10,add_to_cart,2026-06-07T07:10:23
306,15,view,2026-06-07T07:10:40
324,8,view,2026-06-07T07:11:00
290,13,add_to_cart,2026-06-07T07:11:22
207,6,view,2026-06-07T07:11:41
153,6,view,2026-06-07T07:12:00
413,14,add_to_cart,2026-06-07T07:14:29
565,13,add_to_cart,2026-06-07T07:14:37
551,2,view,2026-06-07T07:14:47
2,16,view,2026-06-07T07:15:00
551,18,view,2026-06-07T07:15:00
199,7,view,2026-06-07T07:15:00
199,7,view,2026-06-07T07:15:00
156,8,view,2026-06-07T07:15:19
331,2,buy,2026-06-07T07:15:28
219,10,view,2026-06-07T07:16:00
551,18,add_to_cart,2026-06-07T07:16:54
606,10,view,2026-06-07T07:18:00
199,7,add_to_cart,2026-06-07T07:19:21
323,4,view,2026-06-07T07:20:00
515,4,view,2026-06-07T07:21:00
280,3,view,2026-06-07T07:22:00
280,2,view,2026-06-07T07:22:29
515,4,add_to_cart,2026-06-07T07:22:55
551,19,view,2026-06-07T07:23:11
290,13,buy,2026-06-07T07:23:32
397,19,view,2026-06-07T07:24:00
529,18,buy,2026-06-07T07:25:53
295,4,view,2026-06-07T07:26:00
628,8,view,2026-06-07T07:26:00
202,10,buy,2026-06-07T07:27:37
295,4,add_to_cart,2026-06-07T07:28:28
505,19,view,2026-06-07T07:29:00
13,10,view,2026-06-07T07:29:00
628,8,add_to_cart,2026-06-07T07:29:51
51,17,view,2026-06-07T07:30:00
135,19,view,2026-06-07T07:30:00
413,14,buy,2026-06-07T07:31:24
637,10,view,2026-06-07T07:32:00
133,14,view,2026-06-07T07:32:00
135,19,add_to_cart,2026-06-07T07:33:32
628,7,view,2026-06-07T07:34:56
16,5,view,2026-06-07T07:35:00
551,18,buy,2026-06-07T07:35:13
637,10,view,2026-06-07T07:35:24
14,17,view,2026-06-07T07:36:00
384,14,view,2026-06-07T07:36:00
595,3,view,2026-06-07T07:37:21
14,17,add_to_cart,2026-06-07T07:37:40
479,7,view,2026-06-07T07:38:00
83,5,view,2026-06-07T07:38:00
392,13,view,2026-06-07T07:39:00
479,7,view,2026-06-07T07:39:38
479,7,add_to_cart,2026-06-07T07:39:50
116,8,view,2026-06-07T07:40:00
14,16,view,2026-06-07T07:40:24
488,13,view,2026-06-07T07:40:56
64,2,view,2026-06-07T07:41:00
646,16,view,2026-06-07T07:42:58
23,16,view,2026-06-07T07:43:06
295,4,buy,2026-06-07T07:43:47
479,7,buy,2026-06-07T07:43:56
595,3,add_to_cart,2026-06-07T07:43:59
64,2,add_to_cart,2026-06-07T07:44:33
646,16,add_to_cart,2026-06-07T07:45:57
628,8,buy,2026-06-07T07:45:57
486,17,view,2026-06-07T07:46:06
381,13,view,2026-06-07T07:47:00
359,9,view,2026-06-07T07:48:00
387,5,view,2026-06-07T07:48:00
135,19,buy,2026-06-07T07:48:09
515,4,buy,2026-06-07T07:48:15
87,19,view,2026-06-07T07:49:00
203,4,view,2026-06-07T07:49:00
30,12,view,2026-06-07T07:49:00
359,9,add_to_cart,2026-06-07T07:49:03
30,12,view,2026-06-07T07:49:53
468,8,view,2026-06-07T07:50:00
289,7,view,2026-06-07T07:50:00
23,4,view,2026-06-07T07:51:00
59,17,view,2026-06-07T07:51:00
23,4,add_to_cart,2026-06-07T07:52:30
87,18,view,2026-06-07T07:53:23
595,3,buy,2026-06-07T07:54:55
227,16,view,2026-06-07T07:56:00
322,11,view,2026-06-07T07:57:00
612,11,view,2026-06-07T07:57:00
650,3,view,2026-06-07T07:58:42
612,11,add_to_cart,2026-06-07T07:59:21
89,9,view,2026-06-07T08:01:00
577,9,view,2026-06-07T08:01:00
102,16,view,2026-06-07T08:02:00
89,9,add_to_cart,2026-06-07T08:02:54
214,14,view,2026-06-07T08:03:00
59,17,buy,2026-06-07T08:03:26
327,3,view,2026-06-07T08:04:00
588,9,view,2026-06-07T08:05:00
598,12,view,2026-06-07T08:06:00
177,18,view,2026-06-07T08:06:00
612,11,view,2026-06-07T08:06:39
71,5,view,2026-06-07T08:07:00
433,18,view,2026-06-07T08:07:00
41,7,view,2026-06-07T08:07:00
586,12,view,2026-06-07T08:07:00
588,9,add_to_cart,2026-06-07T08:07:01
612,11,buy,2026-06-07T08:07:05
577,6,view,2026-06-07T08:07:28
15,18,view,2026-06-07T08:08:00
102,16,add_to_cart,2026-06-07T08:08:27
563,3,view,2026-06-07T08:09:00
646,16,buy,2026-06-07T08:09:14
619,11,view,2026-06-07T08:10:00
588,7,view,2026-06-07T08:10:39
84,16,view,2026-06-07T08:11:00
214,14,view,2026-06-07T08:11:28
433,18,add_to_cart,2026-06-07T08:11:42
525,18,view,2026-06-07T08:12:20
209,18,view,2026-06-07T08:12:56
619,11,add_to_cart,2026-06-07T08:12:59
12,8,view,2026-06-07T08:14:00
600,13,view,2026-06-07T08:15:00
126,17,view,2026-06-07T08:15:00
226,13,view,2026-06-07T08:15:32
563,3,buy,2026-06-07T08:15:33
430,17,view,2026-06-07T08:16:00
187,16,view,2026-06-07T08:16:00
126,16,view,2026-06-07T08:16:27
209,18,add_to_cart,2026-06-07T08:16:32
71,7,view,2026-06-07T08:18:00
525,18,view,2026-06-07T08:18:03
619,10,view,2026-06-07T08:18:18
378,10,view,2026-06-07T08:18:58
83,17,view,2026-06-07T08:19:00
600,13,add_to_cart,2026-06-07T08:19:21
237,16,view,2026-06-07T08:20:00
89,9,buy,2026-06-07T08:20:08
237,17,view,2026-06-07T08:20:55
385,4,view,2026-06-07T08:21:00
314,10,view,2026-06-07T08:21:00
226,13,add_to_cart,2026-06-07T08:21:47
87,9,view,2026-06-07T08:22:00
221,18,view,2026-06-07T08:22:00
385,4,add_to_cart,2026-06-07T08:22:16
64,5,view,2026-06-07T08:25:00
209,18,buy,2026-06-07T08:25:59
359,7,view,2026-06-07T08:26:00
385,4,buy,2026-06-07T08:27:20
631,18,view,2026-06-07T08:28:00
20,19,view,2026-06-07T08:28:00
223,19,view,2026-06-07T08:28:00
566,17,view,2026-06-07T08:29:00
221,19,view,2026-06-07T08:29:01
474,15,view,2026-06-07T08:29:40
254,17,view,2026-06-07T08:29:46
223,19,view,2026-06-07T08:29:47
631,19,view,2026-06-07T08:30:07
83,17,buy,2026-06-07T08:30:34
631,18,add_to_cart,2026-06-07T08:31:58
254,17,add_to_cart,2026-06-07T08:32:03
619,11,buy,2026-06-07T08:32:34
592,15,view,2026-06-07T08:36:38
641,19,view,2026-06-07T08:42:07
37,19,view,2026-06-07T08:43:44
365,8,view,2026-06-07T08:43:47
491,1,view,2026-06-07T08:49:20
184,15,view,2026-06-07T08:49:23
135,1,view,2026-06-07T08:50:32
592,15,buy,2026-06-07T08:50:58
84,18,view,2026-06-07T08:51:07
37,19,buy,2026-06-07T08:51:33
491,1,add_to_cart,2026-06-07T08:52:05
254,17,buy,2026-06-07T08:52:06
442,14,view,2026-06-07T08:52:09
135,1,add_to_cart,2026-06-07T08:54:06
365,8,buy,2026-06-07T08:54:26
84,19,view,2026-06-07T08:57:09
418,12,view,2026-06-07T08:59:12
567,2,view,2026-06-07T09:02:19
587,18,view,2026-06-07T09:03:34
491,1,buy,2026-06-07T09:10:59
218,15,view,2026-06-07T09:16:14
100,12,view,2026-06-07T09:31:27
100,12,view,2026-06-07T09:38:18
430,17,view,2026-06-07T09:43:42
386,15,view,2026-06-07T09:45:04
430,16,view,2026-06-07T09:45:42
67,3,view,2026-06-07T09:50:45
481,18,view,2026-06-07T09:52:01
172,11,view,2026-06-07T09:57:36
172,12,view,2026-06-07T10:02:43
67,3,buy,2026-06-07T10:03:53
315,17,view,2026-06-07T10:04:29
287,7,view,2026-06-07T10:05:04
433,19,view,2026-06-07T10:07:00
352,14,view,2026-06-07T10:07:32
287,7,add_to_cart,2026-06-07T10:10:02
20,4,view,2026-06-07T10:17:39
388,11,view,2026-06-07T10:21:12
410,10,view,2026-06-07T10:21:23
159,5,view,2026-06-07T10:22:32
410,10,add_to_cart,2026-06-07T10:23:06
287,7,buy,2026-06-07T10:23:46
20,5,view,2026-06-07T10:24:10
410,10,view,2026-06-07T10:30:02
312,16,view,2026-06-07T10:31:55
441,13,view,2026-06-07T10:32:10
441,13,view,2026-06-07T10:34:57
321,18,view,2026-06-07T10:37:03
581,19,view,2026-06-07T10:44:52
581,18,view,2026-06-07T10:49:25
218,10,view,2026-06-07T10:51:11
328,4,view,2026-06-07T10:53:09
218,10,view,2026-06-07T10:54:59
218,10,add_to_cart,2026-06-07T10:55:56
193,7,view,2026-06-07T11:00:33
85,9,view,2026-06-07T11:03:06
218,10,buy,2026-06-07T11:08:20
12,11,view,2026-06-07T11:09:50
235,9,view,2026-06-07T11:11:20
235,9,add_to_cart,2026-06-07T11:12:41
85,7,view,2026-06-07T11:12:43
475,16,view,2026-06-07T11:14:06
12,11,add_to_cart,2026-06-07T11:14:38
235,6,view,2026-06-07T11:14:40
12,12,view,2026-06-07T11:19:17
511,18,view,2026-06-07T11:23:00
547,3,view,2026-06-07T11:24:52
511,18,add_to_cart,2026-06-07T11:26:38
392,3,view,2026-06-07T11:27:41
547,4,view,2026-06-07T11:29:30
392,3,add_to_cart,2026-06-07T11:30:57
72,1,view,2026-06-07T11:30:57
329,7,view,2026-06-07T11:31:18
235,9,buy,2026-06-07T11:35:04
72,1,buy,2026-06-07T11:35:13
356,9,view,2026-06-07T11:35:16
329,7,add_to_cart,2026-06-07T11:35:55
356,6,view,2026-06-07T11:39:10
282,13,view,2026-06-07T11:39:15
282,13,view,2026-06-07T11:40:51
356,9,add_to_cart,2026-06-07T11:41:59
49,6,view,2026-06-07T11:43:56
282,13,add_to_cart,2026-06-07T11:44:46
369,6,view,2026-06-07T11:45:24
511,18,buy,2026-06-07T11:47:34
294,11,view,2026-06-07T11:48:05
178,14,view,2026-06-07T11:52:38
191,15,view,2026-06-07T11:53:02
392,3,buy,2026-06-07T11:53:24
191,15,add_to_cart,2026-06-07T11:55:21
346,14,view,2026-06-07T11:55:44
191,15,buy,2026-06-07T11:58:59
282,13,buy,2026-06-07T11:59:12
346,14,add_to_cart,2026-06-07T12:02:26
186,12,view,2026-06-07T12:03:28
329,7,buy,2026-06-07T12:05:08
305,18,view,2026-06-07T12:05:39
356,9,buy,2026-06-07T12:07:26
305,18,add_to_cart,2026-06-07T12:08:06
491,8,view,2026-06-07T12:11:11
638,2,view,2026-06-07T12:11:38
491,9,view,2026-06-07T12:12:35
491,8,add_to_cart,2026-06-07T12:13:07
638,4,view,2026-06-07T12:15:46
242,12,view,2026-06-07T12:15:54
186,12,buy,2026-06-07T12:16:28
638,2,add_to_cart,2026-06-07T12:17:36
346,14,buy,2026-06-07T12:21:51
604,16,view,2026-06-07T12:30:46
383,18,view,2026-06-07T12:33:19
225,8,view,2026-06-07T12:33:33
117,19,view,2026-06-07T12:33:56
431,6,view,2026-06-07T12:34:36
105,18,view,2026-06-07T12:34:42
117,19,add_to_cart,2026-06-07T12:35:42
305,18,buy,2026-06-07T12:38:01
117,19,buy,2026-06-07T12:38:10
109,18,view,2026-06-07T12:38:34
109,18,add_to_cart,2026-06-07T12:39:24
187,4,view,2026-06-07T12:41:01
188,18,view,2026-06-07T12:41:18
431,6,add_to_cart,2026-06-07T12:41:18
225,7,view,2026-06-07T12:41:29
398,17,view,2026-06-07T12:42:08
431,6,view,2026-06-07T12:43:35
638,2,buy,2026-06-07T12:44:44
188,18,add_to_cart,2026-06-07T12:44:53
187,4,add_to_cart,2026-06-07T12:46:12
105,18,buy,2026-06-07T12:48:19
188,18,buy,2026-06-07T12:48:55
532,10,view,2026-06-07T12:49:24
202,13,view,2026-06-07T12:49:26
246,17,view,2026-06-07T12:49:33
246,17,add_to_cart,2026-06-07T12:53:19
131,4,view,2026-06-07T12:54:17
202,14,view,2026-06-07T12:55:28
93,15,view,2026-06-07T12:56:32
175,4,view,2026-06-07T13:09:22
175,4,add_to_cart,2026-06-07T13:13:55
453,18,view,2026-06-07T13:24:54
247,1,view,2026-06-07T13:26:27
4,10,view,2026-06-07T13:29:37
4,11,view,2026-06-07T13:32:42
2,10,view,2026-06-07T13:37:41
2,12,view,2026-06-07T13:38:51
2,10,add_to_cart,2026-06-07T13:40:17
543,7,view,2026-06-07T13:53:08
2,10,buy,2026-06-07T13:57:20
408,14,view,2026-06-07T14:00:55
408,14,add_to_cart,2026-06-07T14:07:29
44,13,view,2026-06-07T14:13:56
512,18,view,2026-06-07T14:16:51
44,13,add_to_cart,2026-06-07T14:17:24
371,1,view,2026-06-07T14:20:12
482,10,view,2026-06-07T14:25:05
408,14,buy,2026-06-07T14:30:50
219,16,view,2026-06-07T14:34:03
500,7,view,2026-06-07T14:35:44
219,16,add_to_cart,2026-06-07T14:36:00
500,7,add_to_cart,2026-06-07T14:37:32
30,15,view,2026-06-07T14:37:56
183,7,view,2026-06-07T14:42:53
183,7,add_to_cart,2026-06-07T14:43:32
30,13,view,2026-06-07T14:44:05
30,15,add_to_cart,2026-06-07T14:44:12
162,13,view,2026-06-07T14:44:30
345,7,view,2026-06-07T14:44:53
363,18,view,2026-06-07T14:47:20
357,15,view,2026-06-07T14:47:45
345,6,view,2026-06-07T14:47:50
357,14,view,2026-06-07T14:48:20
219,16,buy,2026-06-07T14:50:42
363,18,add_to_cart,2026-06-07T14:51:19
363,18,buy,2026-06-07T14:57:21
162,13,buy,2026-06-07T14:59:19
30,15,buy,2026-06-07T15:05:33
253,18,view,2026-06-07T15:13:49
424,5,view,2026-06-07T15:13:59
598,16,view,2026-06-07T15:21:09
479,13,view,2026-06-07T15:25:50
327,4,view,2026-06-07T15:26:39
598,16,add_to_cart,2026-06-07T15:27:52
598,16,buy,2026-06-07T15:29:38
399,4,view,2026-06-07T15:33:08
16,16,view,2026-06-07T15:34:47
638,12,view,2026-06-07T15:39:22
539,5,view,2026-06-07T15:40:19
16,16,add_to_cart,2026-06-07T15:40:41
327,4,buy,2026-06-07T15:40:45
638,10,view,2026-06-07T15:42:40
638,12,add_to_cart,2026-06-07T15:42:45
387,16,view,2026-06-07T15:45:25
309,11,view,2026-06-07T15:47:00
54,13,view,2026-06-07T15:47:54
120,4,view,2026-06-07T15:48:18
120,4,add_to_cart,2026-06-07T15:52:29
638,12,buy,2026-06-07T15:53:15
50,13,view,2026-06-07T15:53:34
50,13,add_to_cart,2026-06-07T15:56:02
50,13,buy,2026-06-07T16:06:30
506,10,view,2026-06-07T16:06:56
55,19,view,2026-06-07T16:08:50
506,10,view,2026-06-07T16:09:09
77,18,view,2026-06-07T16:16:51
370,14,view,2026-06-07T16:19:36
77,18,add_to_cart,2026-06-07T16:20:40
370,14,view,2026-06-07T16:21:02
198,17,view,2026-06-07T16:25:51
552,19,view,2026-06-07T16:26:38
552,19,add_to_cart,2026-06-07T16:27:34
198,17,add_to_cart,2026-06-07T16:28:33
552,18,view,2026-06-07T16:28:47
77,18,buy,2026-06-07T16:33:41
161,9,view,2026-06-07T16:38:51
552,19,buy,2026-06-07T16:39:21
585,19,view,2026-06-07T16:42:24
198,17,buy,2026-06-07T16:45:14
213,14,view,2026-06-07T16:45:17
133,18,view,2026-06-07T16:47:10
76,12,view,2026-06-07T16:49:09
607,1,view,2026-06-07T16:49:09
213,14,add_to_cart,2026-06-07T16:51:15
79,2,view,2026-06-07T16:51:42
133,19,view,2026-06-07T16:55:42
214,17,view,2026-06-07T16:59:10
214,17,add_to_cart,2026-06-07T17:00:21
336,10,view,2026-06-07T17:10:56
363,16,view,2026-06-07T17:14:09
214,17,buy,2026-06-07T17:19:16
16,1,view,2026-06-07T17:20:03
213,14,buy,2026-06-07T17:20:40
38,16,view,2026-06-07T17:24:12
38,17,view,2026-06-07T17:27:16
620,12,view,2026-06-07T17:29:04
129,19,view,2026-06-07T17:36:51
132,8,view,2026-06-07T17:37:02
617,17,view,2026-06-07T17:37:06
132,7,view,2026-06-07T17:38:53
617,17,add_to_cart,2026-06-07T17:41:58
556,10,view,2026-06-07T17:43:44
532,8,view,2026-06-07T17:45:39
556,10,add_to_cart,2026-06-07T17:46:03
585,7,view,2026-06-07T17:47:24
267,17,view,2026-06-07T17:47:57
146,3,view,2026-06-07T17:50:04
184,1,view,2026-06-07T17:51:19
470,11,view,2026-06-07T17:52:09
184,4,view,2026-06-07T17:52:42
585,7,view,2026-06-07T17:56:09
458,10,view,2026-06-07T17:58:32
328,4,view,2026-06-07T17:58:41
328,5,view,2026-06-07T18:04:13
212,11,view,2026-06-07T18:08:21
83,16,view,2026-06-07T18:08:31
212,12,view,2026-06-07T18:10:46
212,11,add_to_cart,2026-06-07T18:12:09
556,10,buy,2026-06-07T18:14:20
181,15,view,2026-06-07T18:16:04
473,8,view,2026-06-07T18:19:34
181,15,add_to_cart,2026-06-07T18:20:55
212,11,buy,2026-06-07T18:21:13
516,6,view,2026-06-07T18:25:07
224,2,view,2026-06-07T18:38:15
207,9,view,2026-06-07T18:38:36
364,9,view,2026-06-07T18:39:19
486,17,view,2026-06-07T18:40:05
265,6,view,2026-06-07T18:45:44
181,15,buy,2026-06-07T18:50:10
265,9,view,2026-06-07T18:50:57
52,11,view,2026-06-07T18:51:25
506,11,view,2026-06-07T18:54:44
417,8,view,2026-06-07T18:57:32
417,7,view,2026-06-07T19:01:19
417,8,add_to_cart,2026-06-07T19:01:27
57,2,view,2026-06-07T19:17:32
532,4,view,2026-06-07T19:17:46
326,17,view,2026-06-07T19:17:52
562,12,view,2026-06-07T19:21:53
423,6,view,2026-06-07T19:23:18
559,14,view,2026-06-07T19:25:24
20,12,view,2026-06-07T19:25:43
562,12,add_to_cart,2026-06-07T19:27:28
374,11,view,2026-06-07T19:28:08
423,6,add_to_cart,2026-06-07T19:28:08
20,12,add_to_cart,2026-06-07T19:28:47
559,14,add_to_cart,2026-06-07T19:31:32
423,6,buy,2026-06-07T19:32:27
427,17,view,2026-06-07T19:33:49
79,6,view,2026-06-07T19:39:37
178,13,view,2026-06-07T19:39:41
572,1,view,2026-06-07T19:41:59
178,13,add_to_cart,2026-06-07T19:44:03
562,12,buy,2026-06-07T19:45:13
479,5,view,2026-06-07T19:48:30
435,4,view,2026-06-07T19:50:31
176,15,view,2026-06-07T19:58:18
588,6,view,2026-06-07T19:59:21
6,16,view,2026-06-07T19:59:32
588,7,view,2026-06-07T20:00:00
333,15,view,2026-06-07T20:00:51
333,15,add_to_cart,2026-06-07T20:07:17
6,16,view,2026-06-07T20:08:03
333,15,buy,2026-06-07T20:10:18
594,13,view,2026-06-07T20:11:53
594,13,add_to_cart,2026-06-07T20:16:22
361,9,view,2026-06-07T20:16:52
594,13,view,2026-06-07T20:19:26
594,13,buy,2026-06-07T20:21:42
184,10,view,2026-06-07T20:23:55
184,10,add_to_cart,2026-06-07T20:27:29
596,5,view,2026-06-07T20:27:51
302,16,view,2026-06-07T20:55:46
318,17,view,2026-06-07T20:58:41
302,16,add_to_cart,2026-06-07T20:59:54
531,16,view,2026-06-07T21:00:27
245,18,view,2026-06-07T21:05:11
245,18,add_to_cart,2026-06-07T21:08:01
245,19,view,2026-06-07T21:09:50
496,1,view,2026-06-07T21:10:43
427,4,view,2026-06-07T21:12:03
245,18,buy,2026-06-07T21:12:58
302,16,buy,2026-06-07T21:16:02
283,17,view,2026-06-07T21:18:06
587,18,view,2026-06-07T21:19:37
19,2,view,2026-06-07T21:20:52
609,19,view,2026-06-07T21:22:16
348,6,view,2026-06-07T21:22:36
283,17,view,2026-06-07T21:22:41
482,10,view,2026-06-07T21:24:25
350,17,view,2026-06-07T21:28:27
609,19,add_to_cart,2026-06-07T21:28:32
348,6,buy,2026-06-07T21:30:55
350,17,add_to_cart,2026-06-07T21:32:27
350,17,buy,2026-06-07T21:34:09
191,6,view,2026-06-07T21:34:33
609,19,buy,2026-06-07T21:39:42
199,4,view,2026-06-07T21:43:33
191,6,buy,2026-06-07T21:48:29
333,14,view,2026-06-07T21:49:26
148,9,view,2026-06-07T21:50:00
448,3,view,2026-06-07T21:50:01
333,14,add_to_cart,2026-06-07T21:53:21
83,17,view,2026-06-07T21:59:00
525,9,view,2026-06-07T21:59:24
403,1,view,2026-06-07T21:59:36
559,4,view,2026-06-07T21:59:56
148,9,buy,2026-06-07T22:00:52
525,9,add_to_cart,2026-06-07T22:04:33
194,12,view,2026-06-07T22:05:28
306,11,view,2026-06-07T22:07:00
559,4,buy,2026-06-07T22:07:10
44,9,view,2026-06-07T22:08:00
559,1,view,2026-06-07T22:09:38
83,17,view,2026-06-07T22:11:10
398,17,view,2026-06-07T22:11:10
504,1,view,2026-06-07T22:12:00
333,14,buy,2026-06-07T22:12:00
542,17,view,2026-06-07T22:13:00
522,15,view,2026-06-07T22:13:09
398,17,view,2026-06-07T22:13:52
504,1,view,2026-06-07T22:14:15
542,17,add_to_cart,2026-06-07T22:14:37
83,17,add_to_cart,2026-06-07T22:14:44
398,17,add_to_cart,2026-06-07T22:15:02
440,1,view,2026-06-07T22:17:00
522,15,add_to_cart,2026-06-07T22:18:01
153,10,view,2026-06-07T22:24:00
440,3,view,2026-06-07T22:24:27
488,5,view,2026-06-07T22:27:38
566,16,view,2026-06-07T22:27:42
155,2,view,2026-06-07T22:28:08
542,17,buy,2026-06-07T22:31:02
525,9,buy,2026-06-07T22:32:23
618,10,view,2026-06-07T22:34:00
603,16,view,2026-06-07T22:34:27
398,17,buy,2026-06-07T22:34:32
153,10,buy,2026-06-07T22:36:15
207,17,view,2026-06-07T22:39:00
618,10,add_to_cart,2026-06-07T22:39:21
430,16,view,2026-06-07T22:41:00
83,17,buy,2026-06-07T22:42:40
161,6,view,2026-06-07T22:43:12
161,6,add_to_cart,2026-06-07T22:45:57
618,11,view,2026-06-07T22:48:00
294,12,view,2026-06-07T22:50:07
471,2,view,2026-06-07T22:57:04
124,10,view,2026-06-08T07:00:00
60,6,view,2026-06-08T07:00:00
376,1,view,2026-06-08T07:00:00
431,14,view,2026-06-08T07:01:00
247,4,view,2026-06-08T07:01:00
110,7,view,2026-06-08T07:02:00
220,6,view,2026-06-08T07:02:00
431,14,view,2026-06-08T07:02:30
431,14,add_to_cart,2026-06-08T07:02:57
481,19,view,2026-06-08T07:03:42
609,18,view,2026-06-08T07:04:00
481,19,add_to_cart,2026-06-08T07:04:23
172,12,view,2026-06-08T07:05:46
356,12,view,2026-06-08T07:06:00
78,11,view,2026-06-08T07:06:00
376,4,view,2026-06-08T07:06:09
60,9,view,2026-06-08T07:06:12
60,6,add_to_cart,2026-06-08T07:06:52
337,19,view,2026-06-08T07:07:00
61,18,view,2026-06-08T07:07:00
359,19,view,2026-06-08T07:08:00
359,19,view,2026-06-08T07:08:26
359,19,add_to_cart,2026-06-08T07:08:40
636,8,view,2026-06-08T07:09:00
172,12,add_to_cart,2026-06-08T07:09:43
14,11,view,2026-06-08T07:10:00
509,15,view,2026-06-08T07:10:23
318,11,view,2026-06-08T07:11:00
124,10,buy,2026-06-08T07:11:28
226,4,view,2026-06-08T07:11:38
356,12,add_to_cart,2026-06-08T07:11:58
247,19,view,2026-06-08T07:12:00
481,19,view,2026-06-08T07:12:51
39,16,view,2026-06-08T07:13:00
505,18,view,2026-06-08T07:13:00
207,7,view,2026-06-08T07:14:14
636,8,add_to_cart,2026-06-08T07:14:32
404,12,view,2026-06-08T07:15:00
517,13,view,2026-06-08T07:15:00
505,18,add_to_cart,2026-06-08T07:15:05
39,16,add_to_cart,2026-06-08T07:15:08
14,11,add_to_cart,2026-06-08T07:15:29
39,17,view,2026-06-08T07:15:59
259,14,view,2026-06-08T07:16:00
190,10,view,2026-06-08T07:16:00
151,4,view,2026-06-08T07:16:00
118,4,view,2026-06-08T07:16:27
61,18,view,2026-06-08T07:16:31
423,8,view,2026-06-08T07:17:00
247,18,view,2026-06-08T07:17:40
92,9,view,2026-06-08T07:18:00
423,16,view,2026-06-08T07:18:00
247,19,add_to_cart,2026-06-08T07:18:27
359,19,buy,2026-06-08T07:18:30
371,3,view,2026-06-08T07:19:00
228,16,view,2026-06-08T07:19:00
235,4,view,2026-06-08T07:19:00
259,14,add_to_cart,2026-06-08T07:19:03
404,10,view,2026-06-08T07:19:11
458,14,view,2026-06-08T07:20:00
250,10,view,2026-06-08T07:21:00
373,3,view,2026-06-08T07:21:24
531,16,view,2026-06-08T07:21:31
190,10,add_to_cart,2026-06-08T07:21:53
118,1,view,2026-06-08T07:23:17
235,5,view,2026-06-08T07:23:31
92,9,add_to_cart,2026-06-08T07:23:50
360,3,view,2026-06-08T07:24:00
509,19,view,2026-06-08T07:24:00
153,19,view,2026-06-08T07:25:00
244,12,view,2026-06-08T07:25:00
21,15,view,2026-06-08T07:25:00
286,17,view,2026-06-08T07:25:00
531,16,add_to_cart,2026-06-08T07:25:09
92,9,buy,2026-06-08T07:25:24
458,14,add_to_cart,2026-06-08T07:25:34
60,6,buy,2026-06-08T07:25:36
190,10,buy,2026-06-08T07:25:50
259,13,view,2026-06-08T07:25:57
185,19,view,2026-06-08T07:26:00
228,16,view,2026-06-08T07:26:00
423,7,view,2026-06-08T07:26:15
371,4,view,2026-06-08T07:26:23
531,17,view,2026-06-08T07:26:59
151,16,view,2026-06-08T07:27:00
54,17,view,2026-06-08T07:27:00
265,19,view,2026-06-08T07:27:00
269,17,view,2026-06-08T07:27:15
373,3,add_to_cart,2026-06-08T07:27:27
521,9,view,2026-06-08T07:27:36
526,12,view,2026-06-08T07:28:00
548,10,view,2026-06-08T07:28:00
153,19,add_to_cart,2026-06-08T07:28:14
185,19,add_to_cart,2026-06-08T07:28:28
458,14,buy,2026-06-08T07:28:40
116,12,view,2026-06-08T07:29:00
151,16,add_to_cart,2026-06-08T07:29:11
21,15,add_to_cart,2026-06-08T07:29:12
136,13,view,2026-06-08T07:30:00
286,16,view,2026-06-08T07:30:19
431,14,buy,2026-06-08T07:30:25
116,12,add_to_cart,2026-06-08T07:31:14
21,13,view,2026-06-08T07:31:45
521,9,add_to_cart,2026-06-08T07:31:57
527,19,view,2026-06-08T07:32:00
370,5,view,2026-06-08T07:32:31
526,10,view,2026-06-08T07:32:54
548,10,add_to_cart,2026-06-08T07:33:08
505,18,buy,2026-06-08T07:33:49
116,12,buy,2026-06-08T07:34:21
526,12,add_to_cart,2026-06-08T07:34:35
8,1,view,2026-06-08T07:35:00
272,10,view,2026-06-08T07:35:00
172,12,buy,2026-06-08T07:35:52
42,10,view,2026-06-08T07:36:00
79,19,view,2026-06-08T07:37:58
382,10,view,2026-06-08T07:38:00
588,10,view,2026-06-08T07:39:00
151,16,buy,2026-06-08T07:39:02
499,8,view,2026-06-08T07:40:00
66,8,view,2026-06-08T07:41:00
21,15,buy,2026-06-08T07:41:24
583,19,view,2026-06-08T07:43:00
202,2,view,2026-06-08T07:44:00
583,19,add_to_cart,2026-06-08T07:44:45
175,19,view,2026-06-08T07:46:00
305,18,view,2026-06-08T07:47:00
377,19,view,2026-06-08T07:47:00
114,8,view,2026-06-08T07:47:00
632,16,view,2026-06-08T07:48:00
548,10,buy,2026-06-08T07:48:45
365,16,view,2026-06-08T07:49:00
531,4,view,2026-06-08T07:49:00
114,8,add_to_cart,2026-06-08T07:49:38
284,13,view,2026-06-08T07:50:00
153,19,buy,2026-06-08T07:50:07
175,19,add_to_cart,2026-06-08T07:50:35
114,8,buy,2026-06-08T07:51:14
596,11,view,2026-06-08T07:52:00
342,16,view,2026-06-08T07:52:00
476,9,view,2026-06-08T07:52:00
596,11,add_to_cart,2026-06-08T07:53:14
284,13,add_to_cart,2026-06-08T07:53:32
305,18,add_to_cart,2026-06-08T07:53:59
66,13,view,2026-06-08T07:54:00
291,17,view,2026-06-08T07:55:00
507,4,view,2026-06-08T07:55:00
418,10,view,2026-06-08T07:55:00
242,4,view,2026-06-08T07:55:00
342,16,add_to_cart,2026-06-08T07:55:17
564,7,view,2026-06-08T07:56:00
270,16,view,2026-06-08T07:56:00
650,14,view,2026-06-08T07:56:00
242,4,view,2026-06-08T07:56:17
66,14,view,2026-06-08T07:56:23
185,19,buy,2026-06-08T07:56:39
286,14,view,2026-06-08T07:57:00
341,18,view,2026-06-08T07:58:00
286,14,add_to_cart,2026-06-08T07:58:30
342,17,view,2026-06-08T07:58:35
507,4,add_to_cart,2026-06-08T07:58:53
476,6,view,2026-06-08T07:59:55
18,15,view,2026-06-08T08:00:00
650,14,add_to_cart,2026-06-08T08:00:16
270,16,add_to_cart,2026-06-08T08:00:20
242,4,add_to_cart,2026-06-08T08:01:38
564,7,add_to_cart,2026-06-08T08:01:38
635,4,view,2026-06-08T08:03:00
573,15,view,2026-06-08T08:03:00
170,15,view,2026-06-08T08:03:00
443,4,view,2026-06-08T08:03:00
650,14,buy,2026-06-08T08:03:12
18,15,add_to_cart,2026-06-08T08:03:57
305,18,buy,2026-06-08T08:03:59
194,16,view,2026-06-08T08:04:00
86,13,view,2026-06-08T08:04:20
583,19,buy,2026-06-08T08:05:07
286,14,view,2026-06-08T08:06:22
345,8,view,2026-06-08T08:06:49
18,15,view,2026-06-08T08:07:00
400,15,view,2026-06-08T08:07:00
175,19,buy,2026-06-08T08:07:15
86,13,add_to_cart,2026-06-08T08:07:55
363,3,view,2026-06-08T08:08:00
174,10,view,2026-06-08T08:08:00
95,1,view,2026-06-08T08:08:00
590,10,view,2026-06-08T08:08:00
194,17,view,2026-06-08T08:08:32
400,15,add_to_cart,2026-06-08T08:09:57
302,12,view,2026-06-08T08:10:00
222,12,view,2026-06-08T08:10:05
342,16,buy,2026-06-08T08:10:53
363,3,add_to_cart,2026-06-08T08:10:56
3,17,view,2026-06-08T08:11:00
18,15,buy,2026-06-08T08:11:20
590,10,add_to_cart,2026-06-08T08:11:53
222,12,add_to_cart,2026-06-08T08:12:18
222,10,view,2026-06-08T08:13:19
529,19,view,2026-06-08T08:13:54
302,11,view,2026-06-08T08:14:24
529,19,view,2026-06-08T08:14:42
372,19,view,2026-06-08T08:15:00
588,7,view,2026-06-08T08:16:00
462,10,view,2026-06-08T08:16:00
124,6,view,2026-06-08T08:16:00
242,4,buy,2026-06-08T08:16:17
3,17,add_to_cart,2026-06-08T08:16:20
124,6,add_to_cart,2026-06-08T08:16:46
342,10,view,2026-06-08T08:17:00
148,18,view,2026-06-08T08:17:00
227,1,view,2026-06-08T08:17:00
74,11,view,2026-06-08T08:17:00
254,16,view,2026-06-08T08:17:52
342,10,add_to_cart,2026-06-08T08:18:16
637,15,view,2026-06-08T08:19:00
71,18,view,2026-06-08T08:19:00
543,19,view,2026-06-08T08:19:00
16,7,view,2026-06-08T08:19:00
74,11,view,2026-06-08T08:19:06
462,10,add_to_cart,2026-06-08T08:19:17
529,19,add_to_cart,2026-06-08T08:19:27
372,19,add_to_cart,2026-06-08T08:19:59
522,12,view,2026-06-08T08:20:00
533,14,view,2026-06-08T08:20:00
249,8,view,2026-06-08T08:20:00
342,11,view,2026-06-08T08:20:03
3,4,view,2026-06-08T08:21:00
249,8,add_to_cart,2026-06-08T08:21:06
302,12,view,2026-06-08T08:22:00
86,10,view,2026-06-08T08:23:00
124,6,buy,2026-06-08T08:23:29
185,6,view,2026-06-08T08:24:00
533,14,buy,2026-06-08T08:24:23
3,4,add_to_cart,2026-06-08T08:25:05
71,18,view,2026-06-08T08:25:11
3,5,view,2026-06-08T08:25:38
249,8,view,2026-06-08T08:26:00
649,18,view,2026-06-08T08:26:00
302,12,add_to_cart,2026-06-08T08:26:55
576,6,view,2026-06-08T08:27:00
575,19,view,2026-06-08T08:27:00
632,15,view,2026-06-08T08:27:27
86,10,add_to_cart,2026-06-08T08:27:29
3,17,buy,2026-06-08T08:27:45
547,5,view,2026-06-08T08:28:00
189,12,view,2026-06-08T08:28:00
86,13,buy,2026-06-08T08:28:03
42,10,view,2026-06-08T08:29:00
529,19,buy,2026-06-08T08:29:10
363,3,buy,2026-06-08T08:29:27
529,9,view,2026-06-08T08:29:53
400,15,buy,2026-06-08T08:30:18
576,6,add_to_cart,2026-06-08T08:31:07
42,10,add_to_cart,2026-06-08T08:31:59
529,9,add_to_cart,2026-06-08T08:32:33
86,10,buy,2026-06-08T08:33:15
547,5,buy,2026-06-08T08:35:28
529,8,view,2026-06-08T08:37:15
487,1,view,2026-06-08T08:38:47
212,15,view,2026-06-08T08:38:57
576,6,buy,2026-06-08T08:42:57
176,13,view,2026-06-08T08:44:37
212,15,add_to_cart,2026-06-08T08:45:35
42,10,buy,2026-06-08T08:46:08
140,19,view,2026-06-08T08:47:04
372,19,buy,2026-06-08T08:47:58
575,19,view,2026-06-08T08:49:34
460,6,view,2026-06-08T08:51:45
529,9,buy,2026-06-08T08:52:41
232,14,view,2026-06-08T08:54:07
575,19,add_to_cart,2026-06-08T08:54:51
460,6,add_to_cart,2026-06-08T08:56:00
564,18,view,2026-06-08T09:00:49
593,8,view,2026-06-08T09:07:26
575,19,buy,2026-06-08T09:17:15
632,13,view,2026-06-08T09:18:01
576,2,view,2026-06-08T09:18:37
377,14,view,2026-06-08T09:18:43
392,15,view,2026-06-08T09:18:50
573,19,view,2026-06-08T09:19:01
377,14,add_to_cart,2026-06-08T09:20:43
392,15,view,2026-06-08T09:22:15
377,15,view,2026-06-08T09:24:49
573,18,view,2026-06-08T09:26:26
252,6,view,2026-06-08T09:31:39
650,12,view,2026-06-08T09:36:40
252,6,add_to_cart,2026-06-08T09:37:12
287,19,view,2026-06-08T09:41:23
513,8,view,2026-06-08T09:42:04
195,17,view,2026-06-08T09:44:50
195,16,view,2026-06-08T09:46:01
514,14,view,2026-06-08T09:47:23
513,7,view,2026-06-08T09:47:26
513,8,add_to_cart,2026-06-08T09:48:53
514,14,view,2026-06-08T09:50:52
228,11,view,2026-06-08T09:51:05
581,18,view,2026-06-08T09:51:34
469,12,view,2026-06-08T09:53:09
514,14,add_to_cart,2026-06-08T09:53:11
228,12,view,2026-06-08T09:57:37
63,18,view,2026-06-08T09:58:53
432,6,view,2026-06-08T09:59:54
432,8,view,2026-06-08T10:00:56
311,19,view,2026-06-08T10:15:39
513,8,buy,2026-06-08T10:16:45
150,12,view,2026-06-08T10:19:10
311,19,add_to_cart,2026-06-08T10:19:55
31,4,view,2026-06-08T10:21:59
218,6,view,2026-06-08T10:23:08
487,18,view,2026-06-08T10:23:25
271,19,view,2026-06-08T10:23:59
31,4,add_to_cart,2026-06-08T10:24:00
539,16,view,2026-06-08T10:24:44
253,13,view,2026-06-08T10:24:59
253,13,add_to_cart,2026-06-08T10:26:49
31,5,view,2026-06-08T10:28:12
253,13,buy,2026-06-08T10:29:17
430,16,view,2026-06-08T10:29:24
218,6,add_to_cart,2026-06-08T10:29:33
253,14,view,2026-06-08T10:31:23
584,5,view,2026-06-08T10:32:51
430,17,view,2026-06-08T10:35:20
30,17,view,2026-06-08T10:36:25
231,7,view,2026-06-08T10:39:32
584,5,add_to_cart,2026-06-08T10:39:37
231,7,buy,2026-06-08T10:43:58
103,19,view,2026-06-08T10:44:35
231,9,view,2026-06-08T10:49:10
311,19,buy,2026-06-08T10:49:12
114,12,view,2026-06-08T10:57:07
218,6,buy,2026-06-08T10:58:03
114,12,add_to_cart,2026-06-08T10:58:50
440,3,view,2026-06-08T11:00:23
114,11,view,2026-06-08T11:00:39
127,7,view,2026-06-08T11:01:49
43,16,view,2026-06-08T11:03:36
584,5,buy,2026-06-08T11:03:45
292,9,view,2026-06-08T11:04:15
517,17,view,2026-06-08T11:12:44
351,19,view,2026-06-08T11:13:34
616,4,view,2026-06-08T11:13:59
351,19,add_to_cart,2026-06-08T11:15:21
517,17,add_to_cart,2026-06-08T11:17:22
129,19,view,2026-06-08T11:27:29
129,19,view,2026-06-08T11:30:09
548,6,view,2026-06-08T11:31:02
548,6,add_to_cart,2026-06-08T11:33:25
233,8,view,2026-06-08T11:33:41
517,17,buy,2026-06-08T11:35:14
548,9,view,2026-06-08T11:36:37
351,19,buy,2026-06-08T11:39:02
583,7,view,2026-06-08T12:04:27
583,7,add_to_cart,2026-06-08T12:06:14
230,14,view,2026-06-08T12:09:00
2,10,view,2026-06-08T12:19:27
275,7,view,2026-06-08T12:21:50
583,19,view,2026-06-08T12:27:19
583,19,add_to_cart,2026-06-08T12:29:36
440,14,view,2026-06-08T12:30:45
636,10,view,2026-06-08T12:31:19
435,16,view,2026-06-08T12:31:31
100,8,view,2026-06-08T12:33:11
440,13,view,2026-06-08T12:33:50
580,10,view,2026-06-08T12:33:53
636,10,add_to_cart,2026-06-08T12:34:49
100,8,add_to_cart,2026-06-08T12:40:08
450,15,view,2026-06-08T12:50:35
320,14,view,2026-06-08T12:51:56
288,2,view,2026-06-08T12:55:14
320,14,add_to_cart,2026-06-08T12:56:28
636,10,buy,2026-06-08T12:57:10
151,16,view,2026-06-08T13:03:19
151,16,add_to_cart,2026-06-08T13:06:19
568,3,view,2026-06-08T13:07:20
369,8,view,2026-06-08T13:08:41
37,19,view,2026-06-08T13:11:52
626,14,view,2026-06-08T13:13:23
584,1,view,2026-06-08T13:13:48
320,14,buy,2026-06-08T13:15:12
626,14,add_to_cart,2026-06-08T13:16:50
369,8,view,2026-06-08T13:17:47
335,19,view,2026-06-08T13:18:38
200,10,view,2026-06-08T13:19:00
200,10,add_to_cart,2026-06-08T13:20:33
335,19,add_to_cart,2026-06-08T13:22:34
633,17,view,2026-06-08T13:29:37
566,19,view,2026-06-08T13:29:48
605,16,view,2026-06-08T13:31:08
335,19,buy,2026-06-08T13:31:42
151,16,buy,2026-06-08T13:32:57
566,19,add_to_cart,2026-06-08T13:35:32
633,17,add_to_cart,2026-06-08T13:36:05
364,7,view,2026-06-08T13:36:38
626,14,buy,2026-06-08T13:36:46
562,12,view,2026-06-08T13:41:31
396,15,view,2026-06-08T13:43:56
562,11,view,2026-06-08T13:44:09
581,4,view,2026-06-08T13:45:14
566,19,buy,2026-06-08T13:48:21
468,8,view,2026-06-08T13:51:07
296,14,view,2026-06-08T13:51:12
585,6,view,2026-06-08T13:56:52
468,8,add_to_cart,2026-06-08T13:57:07
296,14,add_to_cart,2026-06-08T13:57:16
449,18,view,2026-06-08T14:00:39
247,18,view,2026-06-08T14:00:39
449,18,add_to_cart,2026-06-08T14:03:12
449,18,view,2026-06-08T14:03:29
585,6,view,2026-06-08T14:06:37
247,19,view,2026-06-08T14:08:51
251,12,view,2026-06-08T14:14:26
446,17,view,2026-06-08T14:16:36
113,19,view,2026-06-08T14:16:38
58,11,view,2026-06-08T14:21:09
113,19,add_to_cart,2026-06-08T14:21:23
446,17,add_to_cart,2026-06-08T14:22:51
468,8,buy,2026-06-08T14:22:57
408,1,view,2026-06-08T14:24:30
296,14,buy,2026-06-08T14:25:52
446,17,buy,2026-06-08T14:26:40
275,14,view,2026-06-08T14:26:46
449,18,buy,2026-06-08T14:29:56
275,14,add_to_cart,2026-06-08T14:30:50
275,15,view,2026-06-08T14:30:56
536,4,view,2026-06-08T14:31:04
408,1,add_to_cart,2026-06-08T14:31:18
565,18,view,2026-06-08T14:36:55
193,19,view,2026-06-08T14:38:56
340,9,view,2026-06-08T14:40:05
42,10,view,2026-06-08T14:43:42
193,19,add_to_cart,2026-06-08T14:44:09
340,9,add_to_cart,2026-06-08T14:45:29
266,16,view,2026-06-08T14:49:57
193,19,buy,2026-06-08T14:53:10
338,14,view,2026-06-08T14:54:52
338,14,add_to_cart,2026-06-08T14:59:05
646,16,view,2026-06-08T15:00:17
152,4,view,2026-06-08T15:01:27
137,19,view,2026-06-08T15:06:17
373,15,view,2026-06-08T15:06:38
646,16,buy,2026-06-08T15:10:45
48,4,view,2026-06-08T15:13:36
179,16,view,2026-06-08T15:16:19
48,4,add_to_cart,2026-06-08T15:16:37
476,18,view,2026-06-08T15:17:51
179,16,add_to_cart,2026-06-08T15:19:18
48,4,view,2026-06-08T15:19:36
476,18,view,2026-06-08T15:21:21
381,18,view,2026-06-08T15:28:36
110,17,view,2026-06-08T15:33:10
381,18,add_to_cart,2026-06-08T15:34:24
634,15,view,2026-06-08T15:34:26
228,10,view,2026-06-08T15:34:41
634,15,add_to_cart,2026-06-08T15:35:06
228,10,add_to_cart,2026-06-08T15:37:11
381,18,buy,2026-06-08T15:39:17
110,17,add_to_cart,2026-06-08T15:39:30
483,16,view,2026-06-08T15:43:44
589,15,view,2026-06-08T15:44:45
589,15,add_to_cart,2026-06-08T15:47:56
445,13,view,2026-06-08T15:50:45
445,14,view,2026-06-08T15:54:13
445,13,add_to_cart,2026-06-08T15:55:12
120,12,view,2026-06-08T15:59:10
292,12,view,2026-06-08T16:01:30
269,7,view,2026-06-08T16:02:32
567,17,view,2026-06-08T16:02:51
110,17,buy,2026-06-08T16:03:28
292,12,add_to_cart,2026-06-08T16:04:09
120,12,add_to_cart,2026-06-08T16:05:57
487,9,view,2026-06-08T16:12:10
567,17,view,2026-06-08T16:12:30
589,15,buy,2026-06-08T16:14:21
563,16,view,2026-06-08T16:14:59
632,15,view,2026-06-08T16:15:44
487,9,add_to_cart,2026-06-08T16:16:08
632,15,view,2026-06-08T16:16:36
292,12,buy,2026-06-08T16:32:43
487,9,buy,2026-06-08T16:38:29
318,18,view,2026-06-08T16:38:42
269,15,view,2026-06-08T16:42:42
136,6,view,2026-06-08T16:43:17
318,18,add_to_cart,2026-06-08T16:43:23
136,6,add_to_cart,2026-06-08T16:43:58
69,13,view,2026-06-08T16:44:32
318,19,view,2026-06-08T16:44:44
410,10,view,2026-06-08T16:45:52
269,15,view,2026-06-08T16:47:01
235,17,view,2026-06-08T16:48:02
69,13,add_to_cart,2026-06-08T16:48:40
269,15,add_to_cart,2026-06-08T16:49:35
136,9,view,2026-06-08T16:51:16
87,3,view,2026-06-08T16:55:07
538,15,view,2026-06-08T16:58:50
440,2,view,2026-06-08T17:02:48
136,6,buy,2026-06-08T17:03:12
69,13,buy,2026-06-08T17:07:25
571,4,view,2026-06-08T17:08:01
120,14,view,2026-06-08T17:08:42
638,12,view,2026-06-08T17:08:51
638,10,view,2026-06-08T17:12:21
269,15,buy,2026-06-08T17:12:55
187,17,view,2026-06-08T17:13:04
187,17,add_to_cart,2026-06-08T17:16:30
520,15,view,2026-06-08T17:17:49
205,14,view,2026-06-08T17:22:25
389,15,view,2026-06-08T17:22:59
520,15,add_to_cart,2026-06-08T17:24:45
392,15,view,2026-06-08T17:25:06
205,14,add_to_cart,2026-06-08T17:25:35
392,15,add_to_cart,2026-06-08T17:26:14
159,19,view,2026-06-08T17:36:59
170,16,view,2026-06-08T17:43:05
568,1,view,2026-06-08T17:48:51
520,15,buy,2026-06-08T17:49:06
465,18,view,2026-06-08T17:54:31
508,8,view,2026-06-08T17:56:36
555,17,view,2026-06-08T17:56:58
619,3,view,2026-06-08T17:58:12
319,14,view,2026-06-08T17:58:43
248,14,view,2026-06-08T17:59:37
465,19,view,2026-06-08T18:03:56
127,18,view,2026-06-08T18:05:45
248,14,view,2026-06-08T18:06:27
127,18,add_to_cart,2026-06-08T18:09:25
127,18,view,2026-06-08T18:14:23
574,17,view,2026-06-08T18:19:13
399,3,view,2026-06-08T18:23:11
23,7,view,2026-06-08T18:24:28
586,14,view,2026-06-08T18:25:04
586,14,add_to_cart,2026-06-08T18:26:50
622,16,view,2026-06-08T18:27:15
399,3,add_to_cart,2026-06-08T18:27:30
622,16,add_to_cart,2026-06-08T18:27:57
23,8,view,2026-06-08T18:28:50
461,19,view,2026-06-08T18:34:08
573,14,view,2026-06-08T18:37:15
4,10,view,2026-06-08T18:38:24
573,14,add_to_cart,2026-06-08T18:40:58
230,16,view,2026-06-08T18:45:15
402,10,view,2026-06-08T18:45:18
235,17,view,2026-06-08T18:45:22
235,17,view,2026-06-08T18:46:58
622,16,buy,2026-06-08T18:47:14
618,12,view,2026-06-08T18:47:54
230,16,add_to_cart,2026-06-08T18:48:48
418,14,view,2026-06-08T18:50:56
418,14,add_to_cart,2026-06-08T18:51:59
573,14,buy,2026-06-08T18:52:41
192,4,view,2026-06-08T18:53:17
192,4,view,2026-06-08T18:53:44
618,12,buy,2026-06-08T18:56:15
185,7,view,2026-06-08T18:57:12
349,1,view,2026-06-08T18:59:58
418,14,buy,2026-06-08T19:00:01
446,17,view,2026-06-08T19:02:37
510,16,view,2026-06-08T19:03:42
510,17,view,2026-06-08T19:05:27
446,17,add_to_cart,2026-06-08T19:07:16
510,16,buy,2026-06-08T19:07:59
104,3,view,2026-06-08T19:13:18
98,9,view,2026-06-08T19:16:11
103,18,view,2026-06-08T19:18:07
323,4,view,2026-06-08T19:18:22
455,1,view,2026-06-08T19:19:08
103,18,add_to_cart,2026-06-08T19:19:58
323,4,add_to_cart,2026-06-08T19:22:22
304,14,view,2026-06-08T19:24:10
405,15,view,2026-06-08T19:26:57
103,19,view,2026-06-08T19:27:45
304,14,view,2026-06-08T19:27:45
608,4,view,2026-06-08T19:30:02
608,4,view,2026-06-08T19:33:05
323,4,buy,2026-06-08T19:33:47
608,4,add_to_cart,2026-06-08T19:35:04
103,18,buy,2026-06-08T19:43:14
231,19,view,2026-06-08T19:44:02
231,18,view,2026-06-08T19:47:11
251,1,view,2026-06-08T19:53:17
412,10,view,2026-06-08T19:55:01
202,14,view,2026-06-08T19:55:26
251,4,view,2026-06-08T19:56:05
226,12,view,2026-06-08T20:00:19
420,4,view,2026-06-08T20:01:25
226,12,add_to_cart,2026-06-08T20:02:06
86,10,view,2026-06-08T20:03:10
565,18,view,2026-06-08T20:08:42
282,12,view,2026-06-08T20:09:18
226,12,view,2026-06-08T20:09:29
516,10,view,2026-06-08T20:09:57
86,10,view,2026-06-08T20:12:37
516,10,view,2026-06-08T20:13:58
516,10,add_to_cart,2026-06-08T20:15:12
540,16,view,2026-06-08T20:20:16
266,11,view,2026-06-08T20:25:25
305,7,view,2026-06-08T20:27:10
540,16,view,2026-06-08T20:27:12
266,11,add_to_cart,2026-06-08T20:31:19
305,7,add_to_cart,2026-06-08T20:32:44
338,10,view,2026-06-08T20:54:21
50,10,view,2026-06-08T20:54:41
266,11,buy,2026-06-08T20:55:49
50,11,view,2026-06-08T20:57:40
338,10,buy,2026-06-08T20:59:37
338,12,view,2026-06-08T21:00:26
422,17,view,2026-06-08T21:03:15
117,18,view,2026-06-08T21:04:57
190,10,view,2026-06-08T21:05:41
422,16,view,2026-06-08T21:06:15
11,2,view,2026-06-08T21:07:05
11,4,view,2026-06-08T21:07:31
117,18,add_to_cart,2026-06-08T21:08:11
190,10,add_to_cart,2026-06-08T21:08:31
418,10,view,2026-06-08T21:09:15
11,2,add_to_cart,2026-06-08T21:11:08
321,19,view,2026-06-08T21:13:05
418,10,add_to_cart,2026-06-08T21:13:50
321,19,add_to_cart,2026-06-08T21:14:29
418,11,view,2026-06-08T21:16:14
418,10,buy,2026-06-08T21:20:28
527,16,view,2026-06-08T21:27:57
544,18,view,2026-06-08T21:27:57
544,18,add_to_cart,2026-06-08T21:29:14
282,15,view,2026-06-08T21:32:50
190,10,buy,2026-06-08T21:33:57
544,18,buy,2026-06-08T21:35:43
141,13,view,2026-06-08T21:36:15
141,13,add_to_cart,2026-06-08T21:37:32
422,17,view,2026-06-08T21:37:42
524,10,view,2026-06-08T21:43:34
524,10,add_to_cart,2026-06-08T21:44:37
164,10,view,2026-06-08T21:53:45
164,10,add_to_cart,2026-06-08T21:56:56
13,17,view,2026-06-08T21:57:27
170,10,view,2026-06-08T21:58:10
524,10,buy,2026-06-08T21:59:34
13,17,add_to_cart,2026-06-08T22:00:27
592,14,view,2026-06-08T22:02:05
164,11,view,2026-06-08T22:02:07
188,8,view,2026-06-08T22:05:00
503,18,view,2026-06-08T22:05:00
266,8,view,2026-06-08T22:05:00
592,14,add_to_cart,2026-06-08T22:05:09
603,5,view,2026-06-08T22:05:43
372,8,view,2026-06-08T22:07:00
211,1,view,2026-06-08T22:09:00
198,12,view,2026-06-08T22:09:07
321,18,view,2026-06-08T22:11:00
372,8,add_to_cart,2026-06-08T22:11:39
349,19,view,2026-06-08T22:12:00
503,18,view,2026-06-08T22:12:00
315,10,view,2026-06-08T22:13:00
211,1,add_to_cart,2026-06-08T22:13:24
503,18,add_to_cart,2026-06-08T22:14:10
321,18,add_to_cart,2026-06-08T22:14:53
315,10,add_to_cart,2026-06-08T22:17:15
209,7,view,2026-06-08T22:18:00
380,9,view,2026-06-08T22:19:00
244,6,view,2026-06-08T22:20:00
209,7,add_to_cart,2026-06-08T22:20:53
253,14,view,2026-06-08T22:20:55
612,10,view,2026-06-08T22:21:00
555,17,view,2026-06-08T22:22:00
253,14,add_to_cart,2026-06-08T22:22:02
122,14,view,2026-06-08T22:22:19
592,14,buy,2026-06-08T22:22:59
380,9,add_to_cart,2026-06-08T22:23:43
13,17,buy,2026-06-08T22:24:04
612,10,add_to_cart,2026-06-08T22:24:33
503,18,buy,2026-06-08T22:24:43
447,1,view,2026-06-08T22:25:00
120,18,view,2026-06-08T22:26:00
120,18,view,2026-06-08T22:26:30
555,17,view,2026-06-08T22:27:07
278,16,view,2026-06-08T22:28:36
398,12,view,2026-06-08T22:29:00
542,10,view,2026-06-08T22:31:00
65,19,view,2026-06-08T22:31:21
179,16,view,2026-06-08T22:32:00
389,14,view,2026-06-08T22:32:10
542,10,add_to_cart,2026-06-08T22:32:16
120,18,add_to_cart,2026-06-08T22:32:19
244,6,buy,2026-06-08T22:33:55
389,14,add_to_cart,2026-06-08T22:33:59
65,18,view,2026-06-08T22:34:36
179,16,add_to_cart,2026-06-08T22:34:55
105,9,view,2026-06-08T22:35:00
209,7,buy,2026-06-08T22:35:46
420,7,view,2026-06-08T22:37:26
520,13,view,2026-06-08T22:38:15
420,7,add_to_cart,2026-06-08T22:38:45
105,9,add_to_cart,2026-06-08T22:38:51
451,5,view,2026-06-08T22:39:05
524,17,view,2026-06-08T22:39:23
147,10,view,2026-06-08T22:40:00
457,8,view,2026-06-08T22:41:00
179,16,buy,2026-06-08T22:41:34
594,11,view,2026-06-08T22:41:54
37,13,view,2026-06-08T22:42:00
321,18,buy,2026-06-08T22:43:51
542,10,buy,2026-06-08T22:45:50
120,18,buy,2026-06-08T22:46:13
380,9,buy,2026-06-08T22:47:25
148,9,view,2026-06-08T22:50:37
302,17,view,2026-06-08T22:51:10
91,19,view,2026-06-08T22:57:26
389,14,buy,2026-06-08T23:02:21
91,19,add_to_cart,2026-06-08T23:04:10
610,13,view,2026-06-09T07:00:00
561,18,view,2026-06-09T07:02:00
169,6,view,2026-06-09T07:02:00
552,3,view,2026-06-09T07:03:00
4,9,view,2026-06-09T07:04:00
388,9,view,2026-06-09T07:04:00
388,9,add_to_cart,2026-06-09T07:04:55
636,7,view,2026-06-09T07:05:00
630,7,view,2026-06-09T07:05:00
619,17,view,2026-06-09T07:05:00
213,19,view,2026-06-09T07:06:00
594,12,view,2026-06-09T07:06:00
347,17,view,2026-06-09T07:06:00
620,12,view,2026-06-09T07:06:00
509,17,view,2026-06-09T07:06:12
610,13,buy,2026-06-09T07:06:20
219,16,view,2026-06-09T07:07:00
460,11,view,2026-06-09T07:07:00
594,12,add_to_cart,2026-06-09T07:07:17
636,7,add_to_cart,2026-06-09T07:07:29
388,6,view,2026-06-09T07:07:41
347,17,add_to_cart,2026-06-09T07:07:57
399,19,view,2026-06-09T07:08:48
106,14,view,2026-06-09T07:09:00
4,9,view,2026-06-09T07:09:19
164,8,view,2026-06-09T07:10:00
399,19,add_to_cart,2026-06-09T07:10:06
219,17,view,2026-06-09T07:10:53
509,17,add_to_cart,2026-06-09T07:11:00
9,8,view,2026-06-09T07:11:00
213,19,add_to_cart,2026-06-09T07:11:19
243,5,view,2026-06-09T07:11:22
277,13,view,2026-06-09T07:11:51
107,2,view,2026-06-09T07:12:00
233,19,view,2026-06-09T07:13:00
197,5,view,2026-06-09T07:14:00
149,18,view,2026-06-09T07:15:00
84,12,view,2026-06-09T07:15:00
233,19,add_to_cart,2026-06-09T07:15:53
97,18,view,2026-06-09T07:16:00
555,4,view,2026-06-09T07:16:00
149,18,add_to_cart,2026-06-09T07:16:46
650,12,view,2026-06-09T07:17:00
399,19,buy,2026-06-09T07:17:15
555,4,add_to_cart,2026-06-09T07:17:24
106,14,buy,2026-06-09T07:17:39
617,9,view,2026-06-09T07:18:00
126,16,view,2026-06-09T07:19:00
538,13,view,2026-06-09T07:19:14
163,1,view,2026-06-09T07:20:00
617,9,add_to_cart,2026-06-09T07:20:57
114,14,view,2026-06-09T07:22:00
213,19,buy,2026-06-09T07:22:04
149,18,view,2026-06-09T07:23:11
476,18,view,2026-06-09T07:24:00
68,10,view,2026-06-09T07:24:00
152,14,view,2026-06-09T07:24:00
126,16,view,2026-06-09T07:24:04
617,9,buy,2026-06-09T07:24:15
538,13,add_to_cart,2026-06-09T07:24:20
94,16,view,2026-06-09T07:25:00
152,14,add_to_cart,2026-06-09T07:25:23
97,19,view,2026-06-09T07:25:49
513,6,view,2026-06-09T07:26:00
286,16,view,2026-06-09T07:27:00
151,19,view,2026-06-09T07:27:00
636,7,buy,2026-06-09T07:28:23
163,3,view,2026-06-09T07:28:35
114,14,add_to_cart,2026-06-09T07:28:48
627,17,view,2026-06-09T07:29:00
476,18,view,2026-06-09T07:29:10
603,17,view,2026-06-09T07:30:00
476,18,add_to_cart,2026-06-09T07:30:04
187,16,view,2026-06-09T07:31:00
44,9,view,2026-06-09T07:31:00
218,11,view,2026-06-09T07:31:25
94,16,add_to_cart,2026-06-09T07:31:51
412,10,view,2026-06-09T07:32:00
24,10,view,2026-06-09T07:32:00
503,19,view,2026-06-09T07:33:00
149,18,buy,2026-06-09T07:33:45
401,19,view,2026-06-09T07:34:00
503,19,add_to_cart,2026-06-09T07:34:07
412,10,add_to_cart,2026-06-09T07:34:54
151,19,view,2026-06-09T07:35:06
252,11,view,2026-06-09T07:37:00
543,18,view,2026-06-09T07:37:00
201,18,view,2026-06-09T07:38:00
411,2,view,2026-06-09T07:38:00
411,1,view,2026-06-09T07:38:35
538,13,buy,2026-06-09T07:38:52
563,1,view,2026-06-09T07:39:00
463,6,view,2026-06-09T07:39:00
114,14,buy,2026-06-09T07:39:38
28,19,view,2026-06-09T07:40:00
44,9,buy,2026-06-09T07:40:05
509,17,buy,2026-06-09T07:40:06
603,4,view,2026-06-09T07:40:18
543,18,add_to_cart,2026-06-09T07:40:26
457,19,view,2026-06-09T07:40:43
410,14,view,2026-06-09T07:41:00
457,19,add_to_cart,2026-06-09T07:41:21
252,11,add_to_cart,2026-06-09T07:41:35
410,14,add_to_cart,2026-06-09T07:41:56
623,6,view,2026-06-09T07:42:00
628,4,view,2026-06-09T07:44:00
274,11,view,2026-06-09T07:44:00
338,15,view,2026-06-09T07:44:14
463,6,add_to_cart,2026-06-09T07:44:34
432,13,view,2026-06-09T07:45:00
222,16,view,2026-06-09T07:45:00
254,6,view,2026-06-09T07:46:00
136,2,view,2026-06-09T07:46:00
312,5,view,2026-06-09T07:46:00
472,13,view,2026-06-09T07:46:00
563,2,view,2026-06-09T07:46:14
252,10,view,2026-06-09T07:46:16
503,19,buy,2026-06-09T07:46:21
145,19,view,2026-06-09T07:47:00
272,15,view,2026-06-09T07:47:44
404,11,view,2026-06-09T07:48:00
389,15,view,2026-06-09T07:48:00
623,6,buy,2026-06-09T07:48:22
457,19,buy,2026-06-09T07:49:22
227,6,view,2026-06-09T07:50:00
623,8,view,2026-06-09T07:50:04
145,19,add_to_cart,2026-06-09T07:50:39
139,16,view,2026-06-09T07:50:51
272,15,add_to_cart,2026-06-09T07:50:58
16,5,view,2026-06-09T07:51:00
227,6,view,2026-06-09T07:51:35
283,3,view,2026-06-09T07:51:44
649,19,view,2026-06-09T07:52:00
472,13,add_to_cart,2026-06-09T07:52:47
108,10,view,2026-06-09T07:53:00
432,13,view,2026-06-09T07:53:01
476,18,buy,2026-06-09T07:53:23
649,19,add_to_cart,2026-06-09T07:53:31
389,15,add_to_cart,2026-06-09T07:53:33
108,10,add_to_cart,2026-06-09T07:53:50
297,7,view,2026-06-09T07:54:00
139,16,add_to_cart,2026-06-09T07:54:43
43,4,view,2026-06-09T07:55:00
389,15,view,2026-06-09T07:55:04
227,6,add_to_cart,2026-06-09T07:55:16
285,15,view,2026-06-09T07:56:00
155,7,view,2026-06-09T07:56:00
283,3,add_to_cart,2026-06-09T07:56:31
43,2,view,2026-06-09T07:57:00
155,8,view,2026-06-09T07:57:02
319,11,view,2026-06-09T07:57:23
16,5,view,2026-06-09T07:57:50
380,11,view,2026-06-09T07:58:00
472,13,buy,2026-06-09T07:58:18
155,7,add_to_cart,2026-06-09T07:59:06
368,18,view,2026-06-09T08:00:00
210,1,view,2026-06-09T08:01:00
649,18,view,2026-06-09T08:01:25
285,15,add_to_cart,2026-06-09T08:01:32
380,11,view,2026-06-09T08:01:56
238,3,view,2026-06-09T08:02:00
543,18,buy,2026-06-09T08:02:49
435,16,view,2026-06-09T08:03:00
74,10,view,2026-06-09T08:04:00
115,17,view,2026-06-09T08:04:00
115,17,view,2026-06-09T08:05:05
435,16,add_to_cart,2026-06-09T08:05:40
455,14,view,2026-06-09T08:06:00
358,6,view,2026-06-09T08:06:00
454,12,view,2026-06-09T08:06:30
368,18,add_to_cart,2026-06-09T08:06:33
201,18,view,2026-06-09T08:07:00
142,17,view,2026-06-09T08:08:00
454,12,add_to_cart,2026-06-09T08:08:22
170,15,view,2026-06-09T08:09:10
455,15,view,2026-06-09T08:09:13
367,3,view,2026-06-09T08:10:00
254,16,view,2026-06-09T08:10:00
170,15,add_to_cart,2026-06-09T08:10:06
455,14,add_to_cart,2026-06-09T08:10:48
461,11,view,2026-06-09T08:11:00
443,17,view,2026-06-09T08:11:00
238,4,view,2026-06-09T08:11:26
49,19,view,2026-06-09T08:11:46
258,17,view,2026-06-09T08:11:52
201,18,add_to_cart,2026-06-09T08:12:33
269,12,view,2026-06-09T08:13:00
177,18,view,2026-06-09T08:13:00
367,3,add_to_cart,2026-06-09T08:13:06
285,15,buy,2026-06-09T08:13:40
490,13,view,2026-06-09T08:14:00
421,19,view,2026-06-09T08:14:00
571,1,view,2026-06-09T08:15:00
461,11,add_to_cart,2026-06-09T08:15:02
12,11,view,2026-06-09T08:16:00
104,15,view,2026-06-09T08:16:00
571,1,buy,2026-06-09T08:17:15
216,15,view,2026-06-09T08:17:54
170,15,view,2026-06-09T08:18:22
258,17,add_to_cart,2026-06-09T08:18:47
181,17,view,2026-06-09T08:19:09
368,18,buy,2026-06-09T08:19:18
128,14,view,2026-06-09T08:19:39
389,15,buy,2026-06-09T08:20:10
104,14,view,2026-06-09T08:20:18
84,7,view,2026-06-09T08:20:55
487,11,view,2026-06-09T08:22:00
341,13,view,2026-06-09T08:22:00
296,3,view,2026-06-09T08:22:00
63,1,view,2026-06-09T08:23:00
116,10,view,2026-06-09T08:24:00
86,17,view,2026-06-09T08:24:00
63,1,add_to_cart,2026-06-09T08:24:36
12,11,view,2026-06-09T08:25:18
341,13,add_to_cart,2026-06-09T08:26:21
84,7,add_to_cart,2026-06-09T08:26:44
487,11,add_to_cart,2026-06-09T08:26:56
396,10,view,2026-06-09T08:27:00
244,9,view,2026-06-09T08:27:00
308,7,view,2026-06-09T08:27:00
62,11,view,2026-06-09T08:27:00
435,16,buy,2026-06-09T08:28:21
625,8,view,2026-06-09T08:29:00
145,3,view,2026-06-09T08:29:00
86,17,add_to_cart,2026-06-09T08:29:36
201,18,buy,2026-06-09T08:30:15
145,2,view,2026-06-09T08:30:22
244,8,view,2026-06-09T08:31:36
244,9,add_to_cart,2026-06-09T08:32:21
308,7,add_to_cart,2026-06-09T08:32:50
476,10,view,2026-06-09T08:33:41
568,14,view,2026-06-09T08:35:20
195,17,view,2026-06-09T08:36:07
568,14,add_to_cart,2026-06-09T08:36:26
455,14,buy,2026-06-09T08:37:07
476,10,add_to_cart,2026-06-09T08:37:12
244,9,buy,2026-06-09T08:38:28
101,19,view,2026-06-09T08:44:21
63,1,buy,2026-06-09T08:46:57
355,2,view,2026-06-09T08:47:02
487,11,buy,2026-06-09T08:48:06
101,19,add_to_cart,2026-06-09T08:48:35
341,13,buy,2026-06-09T08:50:59
308,7,buy,2026-06-09T08:56:11
58,15,view,2026-06-09T08:59:25
568,14,buy,2026-06-09T09:00:47
480,3,view,2026-06-09T09:00:57
101,19,buy,2026-06-09T09:02:18
524,11,view,2026-06-09T09:09:18
521,19,view,2026-06-09T09:11:02
524,12,view,2026-06-09T09:11:32
44,11,view,2026-06-09T09:18:13
44,11,add_to_cart,2026-06-09T09:22:58
344,13,view,2026-06-09T09:28:20
18,15,view,2026-06-09T09:30:31
44,11,buy,2026-06-09T09:31:19
52,19,view,2026-06-09T09:32:12
344,13,add_to_cart,2026-06-09T09:32:38
30,13,view,2026-06-09T09:33:27
30,13,add_to_cart,2026-06-09T09:36:14
474,10,view,2026-06-09T09:38:52
18,15,buy,2026-06-09T09:40:02
474,10,add_to_cart,2026-06-09T09:41:05
383,4,view,2026-06-09T09:43:34
600,13,view,2026-06-09T09:44:43
600,14,view,2026-06-09T09:45:08
344,13,buy,2026-06-09T09:46:04
600,13,add_to_cart,2026-06-09T09:47:04
355,17,view,2026-06-09T09:52:55
355,16,view,2026-06-09T09:54:47
465,12,view,2026-06-09T09:58:16
355,17,add_to_cart,2026-06-09T09:58:26
342,16,view,2026-06-09T09:59:52
98,12,view,2026-06-09T10:03:12
355,17,buy,2026-06-09T10:03:27
465,12,buy,2026-06-09T10:03:27
465,11,view,2026-06-09T10:05:15
208,13,view,2026-06-09T10:05:21
98,12,add_to_cart,2026-06-09T10:06:55
311,19,view,2026-06-09T10:07:21
408,11,view,2026-06-09T10:08:09
474,10,buy,2026-06-09T10:09:07
408,11,add_to_cart,2026-06-09T10:09:39
550,6,view,2026-06-09T10:10:17
208,15,view,2026-06-09T10:10:52
311,19,add_to_cart,2026-06-09T10:13:22
252,10,view,2026-06-09T10:14:21
324,10,view,2026-06-09T10:16:11
252,10,add_to_cart,2026-06-09T10:16:29
324,10,add_to_cart,2026-06-09T10:18:27
262,9,view,2026-06-09T10:19:12
262,9,add_to_cart,2026-06-09T10:23:07
262,9,buy,2026-06-09T10:25:08
78,12,view,2026-06-09T10:25:18
396,7,view,2026-06-09T10:30:01
396,7,add_to_cart,2026-06-09T10:31:02
78,10,view,2026-06-09T10:31:10
396,8,view,2026-06-09T10:38:35
25,7,view,2026-06-09T10:39:26
360,16,view,2026-06-09T10:39:56
25,7,add_to_cart,2026-06-09T10:42:28
492,18,view,2026-06-09T10:44:07
25,6,view,2026-06-09T10:45:12
46,11,view,2026-06-09T10:45:51
87,6,view,2026-06-09T10:46:48
299,2,view,2026-06-09T10:48:25
46,11,add_to_cart,2026-06-09T10:50:34
251,17,view,2026-06-09T10:52:26
46,11,buy,2026-06-09T11:00:20
283,4,view,2026-06-09T11:00:39
105,18,view,2026-06-09T11:02:47
25,7,buy,2026-06-09T11:02:58
177,18,view,2026-06-09T11:14:38
622,10,view,2026-06-09T11:14:47
101,15,view,2026-06-09T11:15:41
101,15,add_to_cart,2026-06-09T11:16:51
643,3,view,2026-06-09T11:17:38
240,14,view,2026-06-09T11:18:04
177,18,view,2026-06-09T11:18:33
643,3,add_to_cart,2026-06-09T11:23:02
369,6,view,2026-06-09T11:25:48
643,3,buy,2026-06-09T11:27:14
607,6,view,2026-06-09T11:27:46
515,3,view,2026-06-09T11:29:09
369,6,add_to_cart,2026-06-09T11:29:19
369,8,view,2026-06-09T11:30:21
101,15,buy,2026-06-09T11:31:52
482,10,view,2026-06-09T11:32:28
607,7,view,2026-06-09T11:33:17
369,6,buy,2026-06-09T11:36:23
515,5,view,2026-06-09T11:36:38
514,11,view,2026-06-09T11:37:47
221,18,view,2026-06-09T11:44:31
221,18,add_to_cart,2026-06-09T11:48:33
236,11,view,2026-06-09T11:50:18
339,15,view,2026-06-09T11:51:36
236,11,add_to_cart,2026-06-09T11:51:41
221,19,view,2026-06-09T11:52:01
495,18,view,2026-06-09T11:52:26
314,10,view,2026-06-09T11:58:10
187,5,view,2026-06-09T12:01:07
68,7,view,2026-06-09T12:02:26
348,7,view,2026-06-09T12:03:18
22,13,view,2026-06-09T12:04:03
348,7,add_to_cart,2026-06-09T12:04:36
314,10,view,2026-06-09T12:04:53
82,11,view,2026-06-09T12:05:07
236,11,buy,2026-06-09T12:05:34
438,1,view,2026-06-09T12:07:07
221,18,buy,2026-06-09T12:11:49
418,14,view,2026-06-09T12:18:25
561,9,view,2026-06-09T12:24:47
545,18,view,2026-06-09T12:24:47
561,9,add_to_cart,2026-06-09T12:25:28
520,2,view,2026-06-09T12:30:27
545,18,add_to_cart,2026-06-09T12:30:56
547,4,view,2026-06-09T12:32:21
520,2,add_to_cart,2026-06-09T12:35:40
303,19,view,2026-06-09T12:37:32
520,2,buy,2026-06-09T12:38:14
290,10,view,2026-06-09T12:48:08
80,3,view,2026-06-09T12:50:56
290,10,add_to_cart,2026-06-09T12:51:06
240,14,view,2026-06-09T12:52:04
240,14,add_to_cart,2026-06-09T12:54:29
240,14,view,2026-06-09T12:57:17
545,18,buy,2026-06-09T12:57:58
290,10,buy,2026-06-09T12:59:09
240,14,buy,2026-06-09T12:59:35
587,17,view,2026-06-09T13:04:02
619,5,view,2026-06-09T13:06:04
529,6,view,2026-06-09T13:06:16
90,15,view,2026-06-09T13:06:25
587,17,add_to_cart,2026-06-09T13:08:44
640,12,view,2026-06-09T13:09:14
179,4,view,2026-06-09T13:10:03
90,15,add_to_cart,2026-06-09T13:11:56
17,19,view,2026-06-09T13:18:27
17,19,view,2026-06-09T13:24:56
90,15,buy,2026-06-09T13:29:32
288,14,view,2026-06-09T13:34:25
459,17,view,2026-06-09T13:34:59
108,11,view,2026-06-09T13:36:21
459,17,view,2026-06-09T13:36:36
288,14,add_to_cart,2026-06-09T13:39:44
189,19,view,2026-06-09T13:41:27
189,19,add_to_cart,2026-06-09T13:44:40
43,1,view,2026-06-09T13:46:36
375,1,view,2026-06-09T13:47:46
350,17,view,2026-06-09T13:49:54
285,15,view,2026-06-09T13:49:55
647,7,view,2026-06-09T13:50:59
15,5,view,2026-06-09T13:51:20
350,17,view,2026-06-09T13:51:37
375,1,add_to_cart,2026-06-09T13:52:59
647,9,view,2026-06-09T13:54:52
454,17,view,2026-06-09T13:55:13
285,15,add_to_cart,2026-06-09T13:55:26
131,5,view,2026-06-09T13:55:52
440,1,view,2026-06-09T13:56:19
526,16,view,2026-06-09T14:00:57
245,19,view,2026-06-09T14:03:32
11,16,view,2026-06-09T14:05:51
285,15,buy,2026-06-09T14:05:56
245,19,add_to_cart,2026-06-09T14:08:04
253,18,view,2026-06-09T14:08:42
189,19,buy,2026-06-09T14:09:08
472,14,view,2026-06-09T14:12:31
253,18,add_to_cart,2026-06-09T14:14:03
627,4,view,2026-06-09T14:15:49
619,17,view,2026-06-09T14:17:40
470,12,view,2026-06-09T14:21:19
193,6,view,2026-06-09T14:22:06
619,17,add_to_cart,2026-06-09T14:24:09
360,15,view,2026-06-09T14:24:48
650,15,view,2026-06-09T14:25:21
470,12,add_to_cart,2026-06-09T14:25:25
619,17,buy,2026-06-09T14:27:25
360,15,add_to_cart,2026-06-09T14:30:39
650,15,add_to_cart,2026-06-09T14:32:09
305,19,view,2026-06-09T14:38:08
305,19,add_to_cart,2026-06-09T14:39:17
523,17,view,2026-06-09T14:44:09
293,4,view,2026-06-09T14:46:25
54,11,view,2026-06-09T14:46:48
371,2,view,2026-06-09T14:47:11
263,5,view,2026-06-09T14:49:02
523,16,view,2026-06-09T14:52:39
54,11,add_to_cart,2026-06-09T14:53:31
447,9,view,2026-06-09T14:58:36
145,19,view,2026-06-09T14:58:38
145,18,view,2026-06-09T15:01:18
189,19,view,2026-06-09T15:07:56
54,11,buy,2026-06-09T15:09:21
428,6,view,2026-06-09T15:10:53
646,10,view,2026-06-09T15:11:36
98,12,view,2026-06-09T15:11:58
601,9,view,2026-06-09T15:12:44
189,19,add_to_cart,2026-06-09T15:14:22
629,13,view,2026-06-09T15:16:00
428,6,buy,2026-06-09T15:16:04
205,13,view,2026-06-09T15:18:56
629,13,add_to_cart,2026-06-09T15:20:50
105,18,view,2026-06-09T15:21:17
629,15,view,2026-06-09T15:24:53
539,19,view,2026-06-09T15:25:00
539,19,add_to_cart,2026-06-09T15:29:06
629,13,buy,2026-06-09T15:30:32
272,3,view,2026-06-09T15:30:57
539,18,view,2026-06-09T15:31:03
189,19,buy,2026-06-09T15:32:08
441,18,view,2026-06-09T15:36:52
503,9,view,2026-06-09T15:38:22
519,18,view,2026-06-09T15:39:48
503,6,view,2026-06-09T15:40:49
519,18,add_to_cart,2026-06-09T15:44:14
45,8,view,2026-06-09T15:49:00
45,8,add_to_cart,2026-06-09T15:51:10
539,19,buy,2026-06-09T15:56:03
365,2,view,2026-06-09T16:08:22
255,7,view,2026-06-09T16:11:32
589,18,view,2026-06-09T16:12:45
45,8,buy,2026-06-09T16:15:11
255,7,add_to_cart,2026-06-09T16:16:56
173,18,view,2026-06-09T16:32:18
522,12,view,2026-06-09T16:36:05
26,8,view,2026-06-09T16:38:23
26,8,add_to_cart,2026-06-09T16:42:04
429,19,view,2026-06-09T16:43:15
522,11,view,2026-06-09T16:45:27
36,6,view,2026-06-09T16:48:04
36,6,add_to_cart,2026-06-09T16:50:07
429,19,buy,2026-06-09T16:50:45
36,9,view,2026-06-09T16:56:52
26,8,buy,2026-06-09T17:01:02
565,14,view,2026-06-09T17:01:06
295,4,view,2026-06-09T17:01:43
295,3,view,2026-06-09T17:05:15
491,16,view,2026-06-09T17:05:44
537,8,view,2026-06-09T17:08:46
578,15,view,2026-06-09T17:21:11
115,16,view,2026-06-09T17:24:57
391,9,view,2026-06-09T17:25:52
460,6,view,2026-06-09T17:26:12
115,16,add_to_cart,2026-06-09T17:30:42
391,9,add_to_cart,2026-06-09T17:31:14
460,6,add_to_cart,2026-06-09T17:31:20
460,9,view,2026-06-09T17:33:56
493,15,view,2026-06-09T17:35:46
493,15,add_to_cart,2026-06-09T17:39:32
343,2,view,2026-06-09T17:41:10
115,16,buy,2026-06-09T17:43:18
110,17,view,2026-06-09T17:44:04
493,15,view,2026-06-09T17:44:29
395,17,view,2026-06-09T17:45:03
74,13,view,2026-06-09T17:45:17
110,16,view,2026-06-09T17:47:55
395,17,view,2026-06-09T17:53:06
493,15,buy,2026-06-09T17:59:09
527,10,view,2026-06-09T18:03:17
527,10,add_to_cart,2026-06-09T18:06:10
573,8,view,2026-06-09T18:10:15
495,4,view,2026-06-09T18:10:27
495,4,add_to_cart,2026-06-09T18:13:48
369,19,view,2026-06-09T18:18:56
220,1,view,2026-06-09T18:19:24
211,3,view,2026-06-09T18:20:35
211,3,add_to_cart,2026-06-09T18:21:43
369,19,add_to_cart,2026-06-09T18:22:28
220,1,add_to_cart,2026-06-09T18:22:51
373,19,view,2026-06-09T18:26:51
585,17,view,2026-06-09T18:29:45
373,19,add_to_cart,2026-06-09T18:30:20
373,19,buy,2026-06-09T18:35:44
585,16,view,2026-06-09T18:35:52
495,4,buy,2026-06-09T18:35:53
267,10,view,2026-06-09T18:47:17
220,1,buy,2026-06-09T18:48:54
267,10,add_to_cart,2026-06-09T18:53:23
159,7,view,2026-06-09T18:54:06
333,3,view,2026-06-09T18:55:15
333,3,add_to_cart,2026-06-09T18:57:55
159,7,add_to_cart,2026-06-09T18:59:13
267,10,buy,2026-06-09T19:09:24
373,18,view,2026-06-09T19:24:23
291,2,view,2026-06-09T19:25:39
528,15,view,2026-06-09T19:27:51
528,15,add_to_cart,2026-06-09T19:31:27
634,13,view,2026-06-09T19:35:09
300,4,view,2026-06-09T19:38:55
564,9,view,2026-06-09T19:39:24
634,13,add_to_cart,2026-06-09T19:40:40
265,6,view,2026-06-09T19:40:42
392,7,view,2026-06-09T19:41:30
528,15,buy,2026-06-09T19:44:31
265,6,view,2026-06-09T19:45:25
637,13,view,2026-06-09T19:46:55
637,13,add_to_cart,2026-06-09T19:52:58
634,13,buy,2026-06-09T19:53:23
583,19,view,2026-06-09T19:53:54
637,14,view,2026-06-09T19:54:05
258,10,view,2026-06-09T19:55:14
583,19,add_to_cart,2026-06-09T19:56:16
532,10,view,2026-06-09T19:59:38
529,18,view,2026-06-09T19:59:50
361,18,view,2026-06-09T20:00:31
532,10,add_to_cart,2026-06-09T20:01:50
361,18,add_to_cart,2026-06-09T20:07:14
637,13,buy,2026-06-09T20:07:34
583,19,buy,2026-06-09T20:11:11
532,10,buy,2026-06-09T20:13:44
80,2,view,2026-06-09T20:16:04
632,5,view,2026-06-09T20:16:45
361,18,buy,2026-06-09T20:19:09
80,2,add_to_cart,2026-06-09T20:20:46
566,17,view,2026-06-09T20:21:57
223,18,view,2026-06-09T20:22:06
16,13,view,2026-06-09T20:23:22
166,17,view,2026-06-09T20:24:37
223,18,add_to_cart,2026-06-09T20:25:48
566,17,add_to_cart,2026-06-09T20:26:50
16,13,add_to_cart,2026-06-09T20:27:57
442,15,view,2026-06-09T20:28:23
223,19,view,2026-06-09T20:28:26
53,18,view,2026-06-09T20:30:56
16,13,buy,2026-06-09T20:33:14
383,4,view,2026-06-09T20:42:35
318,10,view,2026-06-09T20:52:11
223,18,buy,2026-06-09T20:52:50
354,12,view,2026-06-09T20:56:12
566,17,buy,2026-06-09T20:56:21
318,10,add_to_cart,2026-06-09T20:57:13
318,10,view,2026-06-09T20:57:41
34,14,view,2026-06-09T21:03:09
328,15,view,2026-06-09T21:09:02
318,10,buy,2026-06-09T21:10:45
328,13,view,2026-06-09T21:11:46
470,10,view,2026-06-09T21:17:46
534,17,view,2026-06-09T21:42:36
329,18,view,2026-06-09T21:44:33
425,18,view,2026-06-09T21:45:49
591,8,view,2026-06-09T21:46:01
534,17,add_to_cart,2026-06-09T21:47:41
49,8,view,2026-06-09T21:51:10
425,18,view,2026-06-09T21:51:36
478,16,view,2026-06-09T21:51:51
574,11,view,2026-06-09T21:53:03
25,13,view,2026-06-09T21:53:19
574,11,add_to_cart,2026-06-09T21:57:08
177,8,view,2026-06-09T21:57:36
177,8,view,2026-06-09T21:58:12
25,13,add_to_cart,2026-06-09T21:59:48
568,17,view,2026-06-09T22:00:00
177,8,add_to_cart,2026-06-09T22:02:41
32,14,view,2026-06-09T22:03:48
193,6,view,2026-06-09T22:04:08
25,13,buy,2026-06-09T22:04:25
193,6,add_to_cart,2026-06-09T22:09:41
111,18,view,2026-06-09T22:17:14
61,10,view,2026-06-09T22:27:00
17,8,view,2026-06-09T22:27:00
398,1,view,2026-06-09T22:28:47
516,12,view,2026-06-09T22:28:57
193,6,buy,2026-06-09T22:29:10
516,12,add_to_cart,2026-06-09T22:29:56
531,17,view,2026-06-09T22:30:00
429,19,view,2026-06-09T22:30:00
177,8,buy,2026-06-09T22:30:20
248,1,view,2026-06-09T22:34:00
429,19,add_to_cart,2026-06-09T22:35:44
541,10,view,2026-06-09T22:38:57
148,10,view,2026-06-09T22:39:00
3,16,view,2026-06-09T22:40:00
638,10,view,2026-06-09T22:42:00
516,12,buy,2026-06-09T22:43:08
148,12,view,2026-06-09T22:43:32
638,10,add_to_cart,2026-06-09T22:44:06
183,19,view,2026-06-09T22:44:13
543,6,view,2026-06-09T22:44:21
15,19,view,2026-06-09T22:46:25
327,19,view,2026-06-09T22:47:09
15,19,add_to_cart,2026-06-09T22:47:12
222,10,view,2026-06-09T22:49:02
183,19,add_to_cart,2026-06-09T22:49:32
183,18,view,2026-06-09T22:51:02
327,19,add_to_cart,2026-06-09T22:51:10
484,10,view,2026-06-09T22:52:00
204,11,view,2026-06-09T22:52:41
183,19,buy,2026-06-09T22:53:01
395,2,view,2026-06-09T22:56:48
204,11,add_to_cart,2026-06-09T22:56:58
484,10,add_to_cart,2026-06-09T22:57:05
429,19,buy,2026-06-09T22:58:13
15,19,buy,2026-06-09T23:02:15
484,10,buy,2026-06-09T23:23:32
